time,open,high,low,close,tick_volume,spread,real_volume
2026-03-10 04:00:00+00:00,5184.17,5186.88,5170.46,5175.19,5465,45,0
2026-03-10 04:15:00+00:00,5175.18,5180.95,5172.38,5179.74,3586,47,0
2026-03-10 04:30:00+00:00,5179.76,5184.49,5175.68,5182.15,4822,45,0
2026-03-10 04:45:00+00:00,5182.14,5185.62,5163.78,5165.87,5189,46,0
2026-03-10 05:00:00+00:00,5165.88,5173.32,5165.11,5166.35,4411,46,0
2026-03-10 05:15:00+00:00,5166.33,5170.53,5161.61,5166.55,4311,45,0
2026-03-10 05:30:00+00:00,5166.53,5167.81,5159.97,5162.4,2823,46,0
2026-03-10 05:45:00+00:00,5162.41,5162.84,5155.64,5157.57,2891,46,0
2026-03-10 06:00:00+00:00,5157.4,5165.06,5154.25,5164.23,3112,45,0
2026-03-10 06:15:00+00:00,5164.22,5166.43,5161.25,5162.31,2405,44,0
2026-03-10 06:30:00+00:00,5162.3,5165.34,5161.33,5161.85,1731,43,0
2026-03-10 06:45:00+00:00,5161.82,5165.22,5161.41,5163.58,1431,46,0
2026-03-10 07:00:00+00:00,5163.6,5173.17,5163.58,5172.73,2506,45,0
2026-03-10 07:15:00+00:00,5172.74,5174.06,5168.79,5171.41,1751,46,0
2026-03-10 07:30:00+00:00,5171.36,5174.08,5167.19,5168.63,3045,46,0
2026-03-10 07:45:00+00:00,5168.6,5179.15,5166.83,5177.89,2745,46,0
2026-03-10 08:00:00+00:00,5177.98,5180.72,5173.88,5179.4,2938,47,0
2026-03-10 08:15:00+00:00,5179.36,5179.36,5171.59,5175.96,2859,46,0
2026-03-10 08:30:00+00:00,5175.98,5178.85,5173.36,5175.68,3379,47,0
2026-03-10 08:45:00+00:00,5175.57,5177.12,5173.2,5175.21,2878,46,0
2026-03-10 09:00:00+00:00,5175.2,5178.66,5170.56,5174.51,3413,45,0
2026-03-10 09:15:00+00:00,5174.49,5177.39,5158.39,5169.25,3989,45,0
2026-03-10 09:30:00+00:00,5169.2,5178.07,5165.43,5175.97,3573,36,0
2026-03-10 09:45:00+00:00,5176.03,5181.09,5174.88,5180.8,3332,46,0
2026-03-10 10:00:00+00:00,5180.91,5185.11,5174.89,5179.58,4899,30,0
2026-03-10 10:15:00+00:00,5179.52,5183.93,5175.3,5183.83,3047,45,0
2026-03-10 10:30:00+00:00,5183.82,5193.97,5182.91,5189.76,4102,45,0
2026-03-10 10:45:00+00:00,5189.77,5195.02,5182.58,5183.23,3830,30,0
2026-03-10 11:00:00+00:00,5183.28,5189.18,5180.39,5187.74,3072,45,0
2026-03-10 11:15:00+00:00,5187.75,5189.14,5180.68,5186.62,3560,47,0
2026-03-10 11:30:00+00:00,5186.64,5188.14,5181.86,5187.48,3469,47,0
2026-03-10 11:45:00+00:00,5187.46,5188.96,5182.22,5182.33,2823,47,0
2026-03-10 12:00:00+00:00,5182.3,5183.76,5175.87,5181.18,3870,43,0
2026-03-10 12:15:00+00:00,5181.27,5181.84,5172.81,5173.61,3888,33,0
2026-03-10 12:30:00+00:00,5173.79,5176.52,5156.35,5169.14,4993,30,0
2026-03-10 12:45:00+00:00,5169.12,5177.94,5168.78,5177.05,3849,45,0
2026-03-10 13:00:00+00:00,5177.04,5191.68,5176.39,5187.11,5056,30,0
2026-03-10 13:15:00+00:00,5187.12,5189.55,5179.62,5182.84,4133,45,0
2026-03-10 13:30:00+00:00,5182.88,5184.88,5173.7,5174.26,4069,44,0
2026-03-10 13:45:00+00:00,5174.26,5179.45,5171.71,5174.97,3951,30,0
2026-03-10 14:00:00+00:00,5174.98,5176.49,5162.35,5171.21,5656,42,0
2026-03-10 14:15:00+00:00,5171.18,5180.46,5165.55,5179.48,4718,46,0
2026-03-10 14:30:00+00:00,5179.59,5185.35,5178.21,5185.23,3990,46,0
2026-03-10 14:45:00+00:00,5185.22,5189.21,5180.29,5186.76,4099,47,0
2026-03-10 15:00:00+00:00,5186.79,5202.26,5185.82,5200.54,6321,45,0
2026-03-10 15:15:00+00:00,5200.56,5228.55,5199.0,5221.52,6563,45,0
2026-03-10 15:30:00+00:00,5221.49,5222.04,5207.14,5209.12,8062,45,0
2026-03-10 15:45:00+00:00,5209.03,5215.25,5196.18,5205.26,7468,45,0
2026-03-10 16:00:00+00:00,5205.25,5208.41,5185.28,5195.2,7219,30,0
2026-03-10 16:15:00+00:00,5195.11,5214.24,5194.28,5208.87,6558,45,0
2026-03-10 16:30:00+00:00,5208.89,5213.24,5202.7,5205.99,6228,45,0
2026-03-10 16:45:00+00:00,5206.05,5211.96,5204.53,5206.57,5270,42,0
2026-03-10 17:00:00+00:00,5206.54,5226.25,5203.07,5223.27,5681,32,0
2026-03-10 17:15:00+00:00,5223.29,5228.45,5221.53,5225.6,5299,41,0
2026-03-10 17:30:00+00:00,5225.57,5236.35,5225.07,5235.61,6128,31,0
2026-03-10 17:45:00+00:00,5235.65,5238.41,5226.89,5228.45,5444,47,0
2026-03-10 18:00:00+00:00,5228.7,5230.28,5222.53,5223.42,4950,46,0
2026-03-10 18:15:00+00:00,5223.23,5235.39,5222.55,5232.11,4343,46,0
2026-03-10 18:30:00+00:00,5232.24,5234.32,5227.16,5228.47,4136,46,0
2026-03-10 18:45:00+00:00,5228.39,5231.84,5225.86,5227.54,4181,47,0
2026-03-10 19:00:00+00:00,5227.5,5235.29,5226.89,5233.98,3991,46,0
2026-03-10 19:15:00+00:00,5234.11,5234.3,5223.49,5233.06,5725,46,0
2026-03-10 19:30:00+00:00,5233.08,5234.65,5227.4,5228.0,5623,33,0
2026-03-10 19:45:00+00:00,5227.96,5232.7,5226.22,5227.51,4295,48,0
2026-03-10 20:00:00+00:00,5227.53,5227.88,5215.45,5215.86,5140,45,0
2026-03-10 20:15:00+00:00,5215.77,5218.52,5160.33,5202.89,8291,45,0
2026-03-10 20:30:00+00:00,5202.86,5207.82,5189.69,5195.3,7187,45,0
2026-03-10 20:45:00+00:00,5195.16,5204.84,5190.8,5191.61,6087,46,0
2026-03-10 21:00:00+00:00,5191.65,5199.51,5184.15,5198.06,5536,46,0
2026-03-10 21:15:00+00:00,5198.07,5207.49,5197.99,5200.71,4993,46,0
2026-03-10 21:30:00+00:00,5200.6,5200.76,5179.71,5187.58,6513,32,0
2026-03-10 21:45:00+00:00,5187.62,5199.73,5187.53,5198.78,5015,40,0
2026-03-10 22:00:00+00:00,5198.3,5198.96,5193.36,5197.69,1638,45,0
2026-03-10 22:15:00+00:00,5197.73,5198.51,5191.61,5194.9,1704,46,0
2026-03-10 22:30:00+00:00,5194.88,5197.93,5193.12,5197.9,1157,48,0
2026-03-10 22:45:00+00:00,5197.88,5198.92,5192.33,5192.67,1110,47,0
2026-03-11 00:00:00+00:00,5186.89,5195.03,5183.08,5190.02,2439,46,0
2026-03-11 00:15:00+00:00,5190.12,5197.48,5188.51,5190.51,2107,48,0
2026-03-11 00:30:00+00:00,5190.52,5195.4,5187.52,5193.53,2560,47,0
2026-03-11 00:45:00+00:00,5193.52,5194.96,5185.47,5189.01,2716,46,0
2026-03-11 01:00:00+00:00,5189.07,5196.27,5188.37,5191.59,1877,48,0
2026-03-11 01:15:00+00:00,5191.6,5197.06,5187.56,5193.55,1709,47,0
2026-03-11 01:30:00+00:00,5193.56,5195.76,5190.3,5191.02,1423,48,0
2026-03-11 01:45:00+00:00,5191.07,5197.11,5187.8,5196.95,1952,45,0
2026-03-11 02:00:00+00:00,5196.91,5198.05,5186.67,5192.35,3979,46,0
2026-03-11 02:15:00+00:00,5192.28,5215.48,5191.25,5212.36,4172,30,0
2026-03-11 02:30:00+00:00,5212.32,5212.44,5205.91,5211.24,2903,45,0
2026-03-11 02:45:00+00:00,5211.25,5219.28,5211.06,5215.34,3795,45,0
2026-03-11 03:00:00+00:00,5215.32,5222.93,5212.01,5215.2,5776,30,0
2026-03-11 03:15:00+00:00,5215.13,5222.86,5210.59,5214.66,4963,46,0
2026-03-11 03:30:00+00:00,5214.65,5219.63,5212.61,5214.36,4684,45,0
2026-03-11 03:45:00+00:00,5214.39,5217.77,5208.35,5208.4,3976,45,0
2026-03-11 04:00:00+00:00,5208.39,5209.5,5194.0,5201.57,4791,45,0
2026-03-11 04:15:00+00:00,5201.56,5206.51,5200.52,5204.07,2928,40,0
2026-03-11 04:30:00+00:00,5204.05,5209.83,5201.79,5207.47,4031,46,0
2026-03-11 04:45:00+00:00,5207.45,5220.35,5207.45,5217.32,3391,47,0
2026-03-11 05:00:00+00:00,5217.31,5220.42,5211.63,5213.63,2871,41,0
2026-03-11 05:15:00+00:00,5213.62,5214.77,5204.25,5204.5,3267,45,0
2026-03-11 05:30:00+00:00,5204.48,5209.4,5203.48,5207.78,2133,47,0
2026-03-11 05:45:00+00:00,5207.75,5208.44,5199.13,5203.23,2181,45,0
2026-03-11 06:00:00+00:00,5203.25,5206.32,5199.51,5205.83,1823,46,0
2026-03-11 06:15:00+00:00,5205.82,5208.59,5204.47,5207.35,1492,46,0
2026-03-11 06:30:00+00:00,5207.34,5208.31,5203.97,5206.58,1224,46,0
2026-03-11 06:45:00+00:00,5206.57,5206.57,5201.66,5204.42,1714,47,0
2026-03-11 07:00:00+00:00,5204.43,5208.15,5203.5,5204.34,2096,46,0
2026-03-11 07:15:00+00:00,5204.35,5206.09,5200.06,5200.26,1764,47,0
2026-03-11 07:30:00+00:00,5200.24,5204.63,5190.4,5200.59,4566,45,0
2026-03-11 07:45:00+00:00,5200.96,5201.68,5195.46,5199.5,3662,46,0
2026-03-11 08:00:00+00:00,5199.51,5210.21,5196.22,5209.24,3738,47,0
2026-03-11 08:15:00+00:00,5209.21,5210.74,5202.99,5206.43,3005,48,0
2026-03-11 08:30:00+00:00,5206.42,5206.59,5191.35,5194.74,2830,46,0
2026-03-11 08:45:00+00:00,5194.73,5198.98,5192.16,5197.47,3407,46,0
2026-03-11 09:00:00+00:00,5197.45,5202.01,5195.35,5198.67,3151,47,0
2026-03-11 09:15:00+00:00,5198.85,5199.72,5195.32,5197.78,2722,47,0
2026-03-11 09:30:00+00:00,5197.89,5198.19,5184.45,5191.4,4492,46,0
2026-03-11 09:45:00+00:00,5191.38,5197.74,5189.81,5195.54,4167,46,0
2026-03-11 10:00:00+00:00,5195.49,5198.48,5187.98,5198.28,3944,46,0
2026-03-11 10:15:00+00:00,5198.29,5198.3,5181.03,5184.81,3840,45,0
2026-03-11 10:30:00+00:00,5184.82,5187.38,5175.44,5181.47,3980,45,0
2026-03-11 10:45:00+00:00,5181.45,5188.53,5179.35,5187.45,3263,47,0
2026-03-11 11:00:00+00:00,5187.44,5188.17,5179.48,5183.91,4790,46,0
2026-03-11 11:15:00+00:00,5183.9,5190.36,5183.42,5187.41,3687,47,0
2026-03-11 11:30:00+00:00,5187.42,5197.04,5186.99,5191.56,3724,45,0
2026-03-11 11:45:00+00:00,5191.57,5194.27,5186.48,5187.57,3579,45,0
2026-03-11 12:00:00+00:00,5187.56,5195.11,5186.32,5193.33,3364,45,0
2026-03-11 12:15:00+00:00,5193.31,5195.07,5189.24,5191.66,2876,47,0
2026-03-11 12:30:00+00:00,5191.79,5191.86,5177.11,5179.07,3678,45,0
2026-03-11 12:45:00+00:00,5179.26,5190.86,5177.46,5185.89,3150,46,0
2026-03-11 13:00:00+00:00,5185.99,5193.38,5184.26,5187.43,3536,46,0
2026-03-11 13:15:00+00:00,5187.44,5189.9,5179.53,5180.96,3085,47,0
2026-03-11 13:30:00+00:00,5180.95,5190.5,5179.73,5184.68,4055,47,0
2026-03-11 13:45:00+00:00,5184.65,5188.21,5175.59,5181.01,5120,30,0
2026-03-11 14:00:00+00:00,5180.96,5193.12,5177.44,5191.13,4726,47,0
2026-03-11 14:15:00+00:00,5191.08,5195.12,5187.71,5191.2,4137,45,0
2026-03-11 14:30:00+00:00,5191.16,5196.74,5173.01,5180.2,6234,45,0
2026-03-11 14:45:00+00:00,5179.8,5180.55,5166.3,5167.34,5575,37,0
2026-03-11 15:00:00+00:00,5167.28,5181.85,5162.1,5177.54,6702,45,0
2026-03-11 15:15:00+00:00,5177.52,5182.86,5175.96,5181.25,4789,46,0
2026-03-11 15:30:00+00:00,5181.43,5181.43,5165.18,5165.37,7337,45,0
2026-03-11 15:45:00+00:00,5165.34,5177.01,5149.09,5176.74,7456,45,0
2026-03-11 16:00:00+00:00,5176.71,5190.06,5174.85,5189.83,7979,46,0
2026-03-11 16:15:00+00:00,5189.8,5195.31,5181.94,5194.09,7270,45,0
2026-03-11 16:30:00+00:00,5194.21,5196.22,5174.39,5183.0,6755,43,0
2026-03-11 16:45:00+00:00,5183.05,5193.47,5180.37,5183.04,6432,33,0
2026-03-11 17:00:00+00:00,5182.97,5185.61,5170.53,5170.67,6687,30,0
2026-03-11 17:15:00+00:00,5170.69,5179.21,5168.39,5172.38,5577,46,0
2026-03-11 17:30:00+00:00,5172.48,5173.98,5166.33,5169.3,6206,47,0
2026-03-11 17:45:00+00:00,5169.27,5175.08,5163.95,5166.16,5763,30,0
2026-03-11 18:00:00+00:00,5166.19,5172.52,5163.47,5172.38,5159,45,0
2026-03-11 18:15:00+00:00,5172.37,5172.53,5164.19,5166.83,4694,41,0
2026-03-11 18:30:00+00:00,5166.68,5176.62,5165.88,5174.15,4665,45,0
2026-03-11 18:45:00+00:00,5174.17,5177.82,5170.19,5175.49,3809,47,0
2026-03-11 19:00:00+00:00,5175.45,5180.83,5174.54,5175.71,3420,46,0
2026-03-11 19:15:00+00:00,5175.64,5177.96,5169.63,5171.94,3946,46,0
2026-03-11 19:30:00+00:00,5172.09,5172.45,5154.69,5163.06,5046,45,0
2026-03-11 19:45:00+00:00,5163.07,5169.85,5161.2,5169.65,3506,45,0
2026-03-11 20:00:00+00:00,5169.63,5175.15,5169.13,5171.96,4231,46,0
2026-03-11 20:15:00+00:00,5171.95,5178.16,5171.85,5177.56,3881,47,0
2026-03-11 20:30:00+00:00,5177.58,5178.1,5176.16,5177.07,2579,46,0
2026-03-11 20:45:00+00:00,5177.27,5177.84,5170.06,5172.43,3754,46,0
2026-03-11 21:00:00+00:00,5172.42,5174.2,5169.06,5172.16,2559,46,0
2026-03-11 21:15:00+00:00,5172.12,5177.62,5171.61,5177.02,2600,47,0
2026-03-11 21:30:00+00:00,5177.03,5179.84,5175.95,5179.49,2157,45,0
2026-03-11 21:45:00+00:00,5179.51,5183.28,5176.6,5183.05,2894,47,0
2026-03-11 22:00:00+00:00,5183.03,5183.42,5176.53,5177.7,1420,46,0
2026-03-11 22:15:00+00:00,5177.69,5178.92,5174.91,5177.6,1014,44,0
2026-03-11 22:30:00+00:00,5177.55,5177.83,5175.81,5176.16,846,48,0
2026-03-11 22:45:00+00:00,5176.15,5178.26,5175.41,5175.9,875,46,0
2026-03-12 00:00:00+00:00,5178.84,5183.38,5168.25,5174.9,1397,53,0
2026-03-12 00:15:00+00:00,5174.91,5176.82,5165.29,5169.92,1674,48,0
2026-03-12 00:30:00+00:00,5169.93,5169.98,5153.07,5158.53,3177,37,0
2026-03-12 00:45:00+00:00,5158.58,5168.83,5129.59,5138.8,3595,46,0
2026-03-12 01:00:00+00:00,5138.29,5153.51,5135.22,5151.7,2900,48,0
2026-03-12 01:15:00+00:00,5151.68,5156.75,5149.94,5155.79,1686,47,0
2026-03-12 01:30:00+00:00,5155.31,5157.73,5145.74,5146.76,2234,46,0
2026-03-12 01:45:00+00:00,5146.73,5147.18,5132.89,5134.0,3403,46,0
2026-03-12 02:00:00+00:00,5133.97,5141.95,5125.6,5138.72,4940,46,0
2026-03-12 02:15:00+00:00,5138.76,5157.76,5138.76,5152.5,3981,45,0
2026-03-12 02:30:00+00:00,5152.49,5161.37,5151.2,5154.16,3427,45,0
2026-03-12 02:45:00+00:00,5154.17,5155.77,5149.94,5152.7,3289,41,0
2026-03-12 03:00:00+00:00,5152.77,5166.67,5151.87,5157.0,5985,46,0
2026-03-12 03:15:00+00:00,5157.02,5160.97,5151.38,5157.35,4994,37,0
2026-03-12 03:30:00+00:00,5157.36,5170.33,5154.6,5169.7,4304,45,0
2026-03-12 03:45:00+00:00,5169.71,5172.65,5164.24,5168.44,3971,43,0
2026-03-12 04:00:00+00:00,5168.36,5174.53,5167.23,5174.1,3253,46,0
2026-03-12 04:15:00+00:00,5174.12,5175.0,5167.25,5168.01,2823,45,0
2026-03-12 04:30:00+00:00,5168.03,5171.35,5155.39,5157.37,4934,46,0
2026-03-12 04:45:00+00:00,5157.48,5158.04,5145.51,5150.49,5171,45,0
2026-03-12 05:00:00+00:00,5150.48,5155.46,5148.33,5153.86,3760,45,0
2026-03-12 05:15:00+00:00,5153.85,5154.98,5147.16,5151.58,3536,30,0
2026-03-12 05:30:00+00:00,5151.6,5153.47,5147.86,5152.3,2542,42,0
2026-03-12 05:45:00+00:00,5152.32,5154.38,5151.07,5153.03,1462,46,0
2026-03-12 06:00:00+00:00,5153.07,5153.11,5149.8,5152.01,1064,47,0
2026-03-12 06:15:00+00:00,5152.02,5153.81,5150.18,5152.49,1110,45,0
2026-03-12 06:30:00+00:00,5152.46,5152.46,5143.68,5143.75,1972,45,0
2026-03-12 06:45:00+00:00,5143.76,5146.54,5140.36,5142.43,1908,45,0
2026-03-12 07:00:00+00:00,5142.42,5148.99,5141.51,5146.15,2631,46,0
2026-03-12 07:15:00+00:00,5146.16,5148.69,5137.07,5142.85,2402,30,0
2026-03-12 07:30:00+00:00,5142.84,5154.37,5141.1,5153.35,3703,46,0
2026-03-12 07:45:00+00:00,5153.36,5157.48,5151.53,5154.4,2705,46,0
2026-03-12 08:00:00+00:00,5154.41,5157.59,5151.59,5154.32,2830,46,0
2026-03-12 08:15:00+00:00,5154.31,5157.56,5147.12,5156.81,2799,47,0
2026-03-12 08:30:00+00:00,5156.38,5169.84,5155.84,5168.4,3313,47,0
2026-03-12 08:45:00+00:00,5168.49,5170.2,5165.01,5166.06,3510,45,0
2026-03-12 09:00:00+00:00,5166.16,5170.2,5164.29,5169.97,2211,47,0
2026-03-12 09:15:00+00:00,5169.96,5170.39,5165.78,5168.89,2260,46,0
2026-03-12 09:30:00+00:00,5168.88,5179.67,5167.95,5178.71,2717,45,0
2026-03-12 09:45:00+00:00,5178.72,5184.96,5175.9,5181.86,3140,45,0
2026-03-12 10:00:00+00:00,5182.28,5189.61,5180.64,5181.42,4283,46,0
2026-03-12 10:15:00+00:00,5181.41,5184.32,5176.97,5177.25,2505,46,0
2026-03-12 10:30:00+00:00,5177.24,5181.67,5177.21,5181.12,2709,47,0
2026-03-12 10:45:00+00:00,5181.25,5182.82,5175.71,5177.92,2990,47,0
2026-03-12 11:00:00+00:00,5177.91,5181.21,5175.52,5176.34,2816,46,0
2026-03-12 11:15:00+00:00,5176.31,5181.19,5174.19,5180.0,2454,45,0
2026-03-12 11:30:00+00:00,5179.99,5187.24,5179.99,5184.54,3402,46,0
2026-03-12 11:45:00+00:00,5184.55,5190.18,5182.52,5188.08,3116,46,0
2026-03-12 12:00:00+00:00,5188.07,5191.57,5186.68,5186.99,2948,45,0
2026-03-12 12:15:00+00:00,5186.98,5187.13,5179.83,5180.12,3006,46,0
2026-03-12 12:30:00+00:00,5180.34,5183.14,5176.16,5181.81,3666,45,0
2026-03-12 12:45:00+00:00,5181.83,5183.88,5178.59,5182.19,2611,45,0
2026-03-12 13:00:00+00:00,5182.2,5183.7,5178.64,5178.74,2310,46,0
2026-03-12 13:15:00+00:00,5178.73,5179.33,5172.62,5176.3,3093,47,0
2026-03-12 13:30:00+00:00,5176.33,5180.7,5175.29,5180.7,2966,45,0
2026-03-12 13:45:00+00:00,5180.71,5181.26,5176.4,5178.89,3669,47,0
2026-03-12 14:00:00+00:00,5179.04,5180.47,5167.2,5168.63,5245,46,0
2026-03-12 14:15:00+00:00,5168.57,5172.6,5163.71,5172.14,4748,46,0
2026-03-12 14:30:00+00:00,5172.15,5176.18,5168.35,5173.81,4436,46,0
2026-03-12 14:45:00+00:00,5173.82,5185.4,5173.77,5181.26,4621,45,0
2026-03-12 15:00:00+00:00,5181.23,5185.96,5178.71,5184.38,5196,46,0
2026-03-12 15:15:00+00:00,5184.39,5184.39,5159.12,5171.19,7144,45,0
2026-03-12 15:30:00+00:00,5170.91,5170.91,5155.5,5159.07,8007,43,0
2026-03-12 15:45:00+00:00,5158.98,5159.66,5145.95,5151.04,7434,45,0
2026-03-12 16:00:00+00:00,5151.01,5163.5,5149.98,5160.89,7042,45,0
2026-03-12 16:15:00+00:00,5161.07,5162.9,5149.67,5151.92,6954,46,0
2026-03-12 16:30:00+00:00,5151.93,5153.55,5139.59,5148.59,7252,45,0
2026-03-12 16:45:00+00:00,5148.58,5153.51,5138.23,5142.7,7244,33,0
2026-03-12 17:00:00+00:00,5142.63,5144.77,5109.55,5124.61,7426,30,0
2026-03-12 17:15:00+00:00,5124.42,5132.24,5117.87,5129.14,6808,44,0
2026-03-12 17:30:00+00:00,5129.13,5134.43,5118.24,5130.9,6485,30,0
2026-03-12 17:45:00+00:00,5131.04,5135.12,5125.29,5132.24,6665,30,0
2026-03-12 18:00:00+00:00,5132.23,5134.8,5121.1,5128.36,6130,44,0
2026-03-12 18:15:00+00:00,5128.35,5137.93,5127.72,5131.62,5756,37,0
2026-03-12 18:30:00+00:00,5131.66,5137.46,5124.81,5134.8,5498,44,0
2026-03-12 18:45:00+00:00,5134.86,5135.33,5121.45,5123.42,5626,30,0
2026-03-12 19:00:00+00:00,5123.19,5129.49,5120.62,5121.37,5213,30,0
2026-03-12 19:15:00+00:00,5121.38,5122.47,5113.32,5118.75,5537,31,0
2026-03-12 19:30:00+00:00,5118.86,5119.86,5105.03,5110.44,5529,34,0
2026-03-12 19:45:00+00:00,5110.46,5112.14,5102.39,5105.13,5067,30,0
2026-03-12 20:00:00+00:00,5105.08,5112.41,5104.78,5107.05,4799,30,0
2026-03-12 20:15:00+00:00,5107.09,5110.3,5101.02,5104.34,5024,30,0
2026-03-12 20:30:00+00:00,5104.36,5104.36,5098.48,5098.62,4040,30,0
2026-03-12 20:45:00+00:00,5098.6,5099.31,5090.64,5094.28,4155,30,0
2026-03-12 21:00:00+00:00,5094.26,5094.91,5079.23,5084.73,5228,30,0
2026-03-12 21:15:00+00:00,5084.76,5095.38,5081.07,5093.47,4722,30,0
2026-03-12 21:30:00+00:00,5093.51,5096.64,5090.28,5091.77,3812,44,0
2026-03-12 21:45:00+00:00,5091.76,5096.12,5081.14,5084.49,4861,30,0
2026-03-12 22:00:00+00:00,5084.68,5090.35,5083.46,5085.22,2231,30,0
2026-03-12 22:15:00+00:00,5085.24,5088.92,5071.27,5071.66,2976,30,0
2026-03-12 22:30:00+00:00,5071.66,5072.92,5054.93,5072.19,3899,30,0
2026-03-12 22:45:00+00:00,5072.22,5081.5,5071.97,5078.93,1937,45,0
2026-03-13 00:00:00+00:00,5080.2,5086.2,5072.34,5081.47,2467,46,0
2026-03-13 00:15:00+00:00,5081.5,5094.87,5080.92,5092.32,2470,47,0
2026-03-13 00:30:00+00:00,5092.18,5092.38,5085.35,5089.25,1258,30,0
2026-03-13 00:45:00+00:00,5089.4,5096.07,5088.01,5095.78,851,30,0
2026-03-13 01:00:00+00:00,5095.91,5096.17,5088.94,5090.5,1572,50,0
2026-03-13 01:15:00+00:00,5090.49,5099.18,5090.35,5093.89,1522,46,0
2026-03-13 01:30:00+00:00,5093.9,5098.27,5091.8,5094.69,2479,44,0
2026-03-13 01:45:00+00:00,5094.65,5101.09,5094.55,5097.89,2415,47,0
2026-03-13 02:00:00+00:00,5097.95,5108.1,5097.22,5105.83,3323,46,0
2026-03-13 02:15:00+00:00,5105.86,5108.2,5104.03,5106.17,2296,45,0
2026-03-13 02:30:00+00:00,5106.19,5110.43,5105.82,5107.72,2298,44,0
2026-03-13 02:45:00+00:00,5107.7,5115.2,5107.18,5113.55,1954,44,0
2026-03-13 03:00:00+00:00,5113.54,5120.64,5113.35,5119.42,4407,30,0
2026-03-13 03:15:00+00:00,5119.41,5120.58,5113.88,5118.78,3639,30,0
2026-03-13 03:30:00+00:00,5118.79,5121.23,5111.51,5112.16,3890,44,0
2026-03-13 03:45:00+00:00,5112.29,5124.17,5108.73,5124.11,4662,30,0
2026-03-13 04:00:00+00:00,5124.06,5128.38,5122.5,5123.03,3988,30,0
2026-03-13 04:15:00+00:00,5123.02,5123.02,5114.82,5121.35,2878,30,0
2026-03-13 04:30:00+00:00,5121.37,5121.69,5115.6,5117.82,2925,30,0
2026-03-13 04:45:00+00:00,5117.83,5118.44,5110.35,5111.91,3193,30,0
2026-03-13 05:00:00+00:00,5111.88,5115.73,5109.0,5110.66,3368,30,0
2026-03-13 05:15:00+00:00,5110.69,5113.71,5108.11,5110.32,2847,44,0
2026-03-13 05:30:00+00:00,5110.29,5112.08,5106.18,5110.5,1885,30,0
2026-03-13 05:45:00+00:00,5110.51,5116.56,5110.22,5115.46,1749,44,0
2026-03-13 06:00:00+00:00,5115.44,5117.75,5112.36,5114.14,1521,30,0
2026-03-13 06:15:00+00:00,5114.17,5114.25,5103.59,5105.45,2074,30,0
2026-03-13 06:30:00+00:00,5105.43,5106.99,5102.6,5104.3,2019,44,0
2026-03-13 06:45:00+00:00,5104.29,5106.63,5102.99,5104.11,1617,44,0
2026-03-13 07:00:00+00:00,5104.14,5109.29,5102.47,5108.93,1872,44,0
2026-03-13 07:15:00+00:00,5108.9,5110.05,5104.78,5105.82,1808,44,0
2026-03-13 07:30:00+00:00,5105.82,5110.97,5099.9,5100.55,4095,30,0
2026-03-13 07:45:00+00:00,5100.51,5105.45,5098.24,5102.93,4051,44,0
2026-03-13 08:00:00+00:00,5103.0,5107.6,5101.43,5103.84,3634,30,0
2026-03-13 08:15:00+00:00,5103.59,5103.89,5088.75,5095.53,4617,30,0
2026-03-13 08:30:00+00:00,5095.51,5098.24,5087.74,5091.63,4833,30,0
2026-03-13 08:45:00+00:00,5091.65,5094.62,5085.61,5088.14,5127,44,0
2026-03-13 09:00:00+00:00,5088.04,5093.99,5083.59,5090.16,3958,44,0
2026-03-13 09:15:00+00:00,5090.19,5090.26,5071.6,5084.65,4839,30,0
2026-03-13 09:30:00+00:00,5084.64,5092.83,5083.77,5089.16,3875,44,0
2026-03-13 09:45:00+00:00,5089.18,5092.58,5082.19,5085.01,3456,44,0
2026-03-13 10:00:00+00:00,5085.04,5085.04,5066.58,5077.93,5441,30,0
2026-03-13 10:15:00+00:00,5077.86,5078.95,5061.3,5070.7,4795,30,0
2026-03-13 10:30:00+00:00,5070.68,5084.28,5070.32,5076.01,3969,44,0
2026-03-13 10:45:00+00:00,5076.0,5087.82,5075.8,5087.22,3795,44,0
2026-03-13 11:00:00+00:00,5087.2,5097.01,5085.79,5092.25,3978,30,0
2026-03-13 11:15:00+00:00,5092.28,5092.92,5084.08,5091.63,3778,30,0
2026-03-13 11:30:00+00:00,5091.62,5092.58,5083.12,5085.32,3180,30,0
2026-03-13 11:45:00+00:00,5085.34,5094.09,5084.83,5089.45,2495,30,0
2026-03-13 12:00:00+00:00,5089.48,5093.39,5085.86,5093.32,3233,44,0
2026-03-13 12:15:00+00:00,5093.29,5096.65,5088.58,5089.04,2443,30,0
2026-03-13 12:30:00+00:00,5089.03,5089.24,5079.84,5087.45,2739,30,0
2026-03-13 12:45:00+00:00,5087.45,5098.21,5084.35,5094.77,3187,30,0
2026-03-13 13:00:00+00:00,5094.76,5097.47,5086.14,5090.36,3685,46,0
2026-03-13 13:15:00+00:00,5090.22,5097.06,5088.9,5095.2,2533,47,0
2026-03-13 13:30:00+00:00,5095.2,5096.39,5091.81,5094.6,2550,40,0
2026-03-13 13:45:00+00:00,5094.61,5107.64,5092.09,5107.57,3079,47,0
2026-03-13 14:00:00+00:00,5107.5,5118.69,5107.14,5108.35,4756,45,0
2026-03-13 14:15:00+00:00,5108.43,5115.27,5104.19,5113.47,3778,47,0
2026-03-13 14:30:00+00:00,5113.5,5116.23,5107.87,5112.01,4435,46,0
2026-03-13 14:45:00+00:00,5112.07,5121.56,5110.93,5118.09,5132,30,0
2026-03-13 15:00:00+00:00,5118.14,5121.04,5110.08,5112.7,6189,30,0
2026-03-13 15:15:00+00:00,5112.73,5115.21,5107.25,5108.69,4884,30,0
2026-03-13 15:30:00+00:00,5108.62,5112.27,5096.38,5112.07,7335,42,0
2026-03-13 15:45:00+00:00,5112.02,5116.65,5099.18,5101.37,6367,43,0
2026-03-13 16:00:00+00:00,5101.38,5107.73,5090.68,5090.7,6821,32,0
2026-03-13 16:15:00+00:00,5090.17,5094.2,5082.53,5088.89,7193,47,0
2026-03-13 16:30:00+00:00,5088.7,5091.68,5074.45,5079.15,7227,30,0
2026-03-13 16:45:00+00:00,5079.16,5079.18,5035.38,5041.54,7889,41,0
2026-03-13 17:00:00+00:00,5041.58,5071.12,5038.14,5069.01,7414,30,0
2026-03-13 17:15:00+00:00,5068.97,5071.09,5056.7,5063.16,7129,30,0
2026-03-13 17:30:00+00:00,5063.14,5068.19,5041.72,5046.48,7293,30,0
2026-03-13 17:45:00+00:00,5046.45,5057.16,5032.02,5034.55,7718,30,0
2026-03-13 18:00:00+00:00,5034.57,5040.58,5018.86,5031.81,7797,30,0
2026-03-13 18:15:00+00:00,5031.81,5041.54,5030.34,5040.84,7018,37,0
2026-03-13 18:30:00+00:00,5040.83,5052.9,5040.01,5044.36,6268,32,0
2026-03-13 18:45:00+00:00,5044.65,5051.53,5041.42,5045.78,6015,42,0
2026-03-13 19:00:00+00:00,5045.79,5056.81,5043.31,5056.81,5441,48,0
2026-03-13 19:15:00+00:00,5056.89,5061.92,5052.09,5056.14,5915,43,0
2026-03-13 19:30:00+00:00,5056.21,5063.66,5050.98,5053.3,5178,43,0
2026-03-13 19:45:00+00:00,5053.33,5055.21,5043.44,5046.23,4919,46,0
2026-03-13 20:00:00+00:00,5046.27,5051.54,5040.52,5042.33,4987,50,0
2026-03-13 20:15:00+00:00,5042.32,5046.06,5036.0,5041.72,5871,48,0
2026-03-13 20:30:00+00:00,5041.65,5049.23,5040.38,5043.95,4624,45,0
2026-03-13 20:45:00+00:00,5043.97,5046.33,5040.98,5046.32,3224,50,0
2026-03-13 21:00:00+00:00,5046.31,5049.63,5033.89,5039.74,4266,30,0
2026-03-13 21:15:00+00:00,5039.79,5040.14,5032.12,5034.81,4379,50,0
2026-03-13 21:30:00+00:00,5034.85,5036.73,5022.89,5025.29,4532,50,0
2026-03-13 21:45:00+00:00,5025.28,5025.8,5009.49,5016.21,6205,41,0
2026-03-13 22:00:00+00:00,5016.35,5021.05,5012.22,5016.46,2584,34,0
2026-03-13 22:15:00+00:00,5016.42,5021.25,5012.08,5013.86,2055,30,0
2026-03-13 22:30:00+00:00,5013.86,5024.9,5012.62,5024.34,1528,53,0
2026-03-13 22:45:00+00:00,5024.34,5024.36,5016.44,5020.22,1400,94,0
2026-03-16 00:00:00+00:00,5004.45,5029.12,4996.72,5022.36,2611,85,0
2026-03-16 00:15:00+00:00,5022.42,5022.96,5000.24,5012.47,3459,75,0
2026-03-16 00:30:00+00:00,5013.13,5018.04,5008.03,5010.38,4011,53,0
2026-03-16 00:45:00+00:00,5010.36,5025.68,5010.05,5024.81,3369,51,0
2026-03-16 01:00:00+00:00,5024.34,5025.98,5002.08,5007.08,4779,50,0
2026-03-16 01:15:00+00:00,5007.11,5007.66,4967.14,4989.35,6188,30,0
2026-03-16 01:30:00+00:00,4989.67,4992.22,4978.91,4983.52,6618,51,0
2026-03-16 01:45:00+00:00,4983.57,4998.64,4971.69,4997.28,6625,50,0
2026-03-16 02:00:00+00:00,4997.27,5028.39,4996.47,5022.41,6740,30,0
2026-03-16 02:15:00+00:00,5022.4,5023.56,5014.9,5016.68,4150,50,0
2026-03-16 02:30:00+00:00,5016.67,5030.79,5014.74,5027.6,4288,35,0
2026-03-16 02:45:00+00:00,5027.68,5029.92,5016.88,5025.53,4092,30,0
2026-03-16 03:00:00+00:00,5025.48,5026.32,4986.25,4986.35,7403,30,0
2026-03-16 03:15:00+00:00,4986.32,5005.47,4983.74,4987.76,7386,30,0
2026-03-16 03:30:00+00:00,4987.7,5004.17,4982.53,5003.78,6774,30,0
2026-03-16 03:45:00+00:00,5003.88,5016.1,5002.38,5015.82,5517,50,0
2026-03-16 04:00:00+00:00,5015.81,5018.63,5010.49,5015.21,5468,30,0
2026-03-16 04:15:00+00:00,5015.24,5018.47,5010.31,5012.86,3485,30,0
2026-03-16 04:30:00+00:00,5012.92,5014.38,5002.39,5005.78,5219,30,0
2026-03-16 04:45:00+00:00,5005.96,5008.38,4997.66,5003.46,5430,30,0
2026-03-16 05:00:00+00:00,5003.45,5006.76,4998.0,4999.3,4722,30,0
2026-03-16 05:15:00+00:00,4999.27,5011.44,4998.44,5011.02,4100,50,0
2026-03-16 05:30:00+00:00,5011.01,5018.88,5010.01,5018.75,3278,50,0
2026-03-16 05:45:00+00:00,5018.75,5020.49,5015.87,5018.96,2617,50,0
2026-03-16 06:00:00+00:00,5018.97,5025.98,5018.8,5024.11,2273,50,0
2026-03-16 06:15:00+00:00,5024.12,5025.96,5020.38,5021.16,1746,54,0
2026-03-16 06:30:00+00:00,5021.17,5024.63,5014.43,5016.7,1685,50,0
2026-03-16 06:45:00+00:00,5016.85,5016.85,5012.24,5012.55,1259,51,0
2026-03-16 07:00:00+00:00,5012.54,5015.56,5010.96,5012.4,1820,50,0
2026-03-16 07:15:00+00:00,5012.39,5013.0,5007.9,5010.75,1717,42,0
2026-03-16 07:30:00+00:00,5010.78,5017.14,5003.19,5016.06,3499,50,0
2026-03-16 07:45:00+00:00,5016.05,5019.87,5015.43,5017.3,2581,51,0
2026-03-16 08:00:00+00:00,5017.25,5027.57,5012.76,5026.92,3427,48,0
2026-03-16 08:15:00+00:00,5026.89,5035.85,5025.42,5027.37,3730,30,0
2026-03-16 08:30:00+00:00,5027.38,5029.2,5020.8,5022.2,3025,51,0
2026-03-16 08:45:00+00:00,5022.21,5022.6,5005.33,5011.95,4540,30,0
2026-03-16 09:00:00+00:00,5011.94,5016.3,5009.52,5009.62,2896,50,0
2026-03-16 09:15:00+00:00,5009.64,5009.64,4998.02,5002.18,4624,50,0
2026-03-16 09:30:00+00:00,5002.16,5007.12,4991.7,4992.54,4530,50,0
2026-03-16 09:45:00+00:00,4992.54,4999.91,4992.53,4995.22,3294,49,0
2026-03-16 10:00:00+00:00,4995.19,5000.36,4988.44,4988.61,4418,42,0
2026-03-16 10:15:00+00:00,4988.58,5003.33,4987.69,4996.82,4858,30,0
2026-03-16 10:30:00+00:00,4996.79,4998.41,4984.86,4987.13,3949,30,0
2026-03-16 10:45:00+00:00,4987.12,4997.59,4985.6,4990.98,3533,38,0
2026-03-16 11:00:00+00:00,4990.96,4991.21,4979.81,4985.13,4429,30,0
2026-03-16 11:15:00+00:00,4985.06,4990.48,4983.62,4988.85,3103,44,0
2026-03-16 11:30:00+00:00,4988.94,4991.46,4981.1,4981.33,3272,30,0
2026-03-16 11:45:00+00:00,4981.37,4985.27,4972.64,4975.18,4596,30,0
2026-03-16 12:00:00+00:00,4975.17,4980.1,4969.94,4976.68,4309,30,0
2026-03-16 12:15:00+00:00,4976.7,4990.86,4976.47,4986.56,4336,50,0
2026-03-16 12:30:00+00:00,4986.55,4988.04,4980.34,4985.39,3690,30,0
2026-03-16 12:45:00+00:00,4985.35,4999.32,4983.88,4998.52,4220,30,0
2026-03-16 13:00:00+00:00,4998.61,5006.16,4995.55,5002.05,3815,50,0
2026-03-16 13:15:00+00:00,5002.06,5022.41,5002.06,5018.96,4276,47,0
2026-03-16 13:30:00+00:00,5019.0,5019.86,5013.6,5015.37,3145,30,0
2026-03-16 13:45:00+00:00,5015.33,5017.78,4992.55,4996.8,4434,30,0
2026-03-16 14:00:00+00:00,4996.8,5006.47,4994.17,5005.45,4724,50,0
2026-03-16 14:15:00+00:00,5005.44,5024.64,5002.7,5023.05,4935,30,0
2026-03-16 14:30:00+00:00,5023.17,5025.0,5018.77,5021.64,4173,48,0
2026-03-16 14:45:00+00:00,5021.65,5022.06,5012.14,5019.68,4346,36,0
2026-03-16 15:00:00+00:00,5019.7,5023.46,5013.63,5022.29,5223,30,0
2026-03-16 15:15:00+00:00,5022.32,5030.16,5018.34,5021.13,5171,33,0
2026-03-16 15:30:00+00:00,5020.88,5034.22,5017.86,5031.36,7184,37,0
2026-03-16 15:45:00+00:00,5031.36,5033.39,5023.0,5029.6,6902,50,0
2026-03-16 16:00:00+00:00,5029.61,5037.82,5026.95,5027.93,6580,30,0
2026-03-16 16:15:00+00:00,5027.9,5029.69,5014.51,5014.6,6180,37,0
2026-03-16 16:30:00+00:00,5014.59,5014.9,5000.23,5000.81,6961,30,0
2026-03-16 16:45:00+00:00,5000.84,5002.12,4987.81,4995.8,6750,30,0
2026-03-16 17:00:00+00:00,4995.78,5002.19,4990.18,4998.32,6729,44,0
2026-03-16 17:15:00+00:00,4998.33,5005.47,4984.64,4991.68,5657,30,0
2026-03-16 17:30:00+00:00,4991.69,5003.22,4990.29,4996.55,5217,43,0
2026-03-16 17:45:00+00:00,4996.59,4998.99,4983.74,4986.9,5573,37,0
2026-03-16 18:00:00+00:00,4986.87,4998.68,4985.43,4996.3,5267,30,0
2026-03-16 18:15:00+00:00,4996.29,4997.98,4978.01,4978.97,4874,43,0
2026-03-16 18:30:00+00:00,4979.63,4989.5,4973.89,4986.92,5787,30,0
2026-03-16 18:45:00+00:00,4986.93,4992.69,4982.97,4990.36,4402,50,0
2026-03-16 19:00:00+00:00,4990.35,5003.69,4990.23,5001.84,4878,43,0
2026-03-16 19:15:00+00:00,5001.83,5002.78,4994.64,4995.79,5127,43,0
2026-03-16 19:30:00+00:00,4995.81,4996.4,4985.62,4987.51,5314,42,0
2026-03-16 19:45:00+00:00,4987.43,4992.6,4983.78,4991.12,4272,35,0
2026-03-16 20:00:00+00:00,4991.11,5000.81,4989.86,4998.76,5086,38,0
2026-03-16 20:15:00+00:00,4998.77,5007.83,4997.04,5006.2,4296,34,0
2026-03-16 20:30:00+00:00,5006.13,5015.59,5005.18,5014.4,4567,50,0
2026-03-16 20:45:00+00:00,5014.43,5017.66,5011.62,5012.57,3309,30,0
2026-03-16 21:00:00+00:00,5012.56,5020.01,5008.62,5011.61,4363,39,0
2026-03-16 21:15:00+00:00,5011.57,5015.35,5009.45,5010.19,4522,50,0
2026-03-16 21:30:00+00:00,5010.16,5014.48,5007.9,5009.91,3493,50,0
2026-03-16 21:45:00+00:00,5009.95,5015.85,5008.22,5012.75,3872,32,0
2026-03-16 22:00:00+00:00,5012.79,5021.43,5007.91,5016.64,1796,37,0
2026-03-16 22:15:00+00:00,5016.63,5017.5,5013.97,5014.03,1170,30,0
2026-03-16 22:30:00+00:00,5014.04,5014.04,5007.54,5008.77,1544,50,0
2026-03-16 22:45:00+00:00,5008.65,5010.07,5004.56,5006.15,1481,51,0
2026-03-17 00:00:00+00:00,5007.63,5015.93,5000.57,5003.83,1778,51,0
2026-03-17 00:15:00+00:00,5003.85,5007.96,4998.64,5001.57,1959,50,0
2026-03-17 00:30:00+00:00,5001.55,5004.63,4998.34,5001.48,1884,50,0
2026-03-17 00:45:00+00:00,5001.42,5005.95,5000.32,5002.11,1554,37,0
2026-03-17 01:00:00+00:00,5002.13,5006.05,5001.79,5005.9,1288,30,0
2026-03-17 01:15:00+00:00,5005.89,5009.87,5005.22,5009.34,1191,50,0
2026-03-17 01:30:00+00:00,5009.39,5014.18,5008.42,5008.43,2227,51,0
2026-03-17 01:45:00+00:00,5008.42,5015.26,5006.7,5012.62,2347,50,0
2026-03-17 02:00:00+00:00,5012.69,5013.86,5002.21,5006.43,3424,30,0
2026-03-17 02:15:00+00:00,5006.42,5010.32,5000.03,5003.38,2580,38,0
2026-03-17 02:30:00+00:00,5003.36,5006.86,4998.19,5001.48,2419,50,0
2026-03-17 02:45:00+00:00,5001.52,5006.04,4998.0,5002.8,3251,50,0
2026-03-17 03:00:00+00:00,5002.81,5012.28,4994.64,5010.07,5444,30,0
2026-03-17 03:15:00+00:00,5010.02,5014.38,5007.32,5013.36,3866,30,0
2026-03-17 03:30:00+00:00,5013.35,5019.57,5011.15,5017.74,4224,34,0
2026-03-17 03:45:00+00:00,5017.73,5027.67,5016.6,5027.67,4005,46,0
2026-03-17 04:00:00+00:00,5027.61,5029.47,5020.71,5021.25,3571,50,0
2026-03-17 04:15:00+00:00,5021.25,5025.44,5019.76,5025.18,1752,30,0
2026-03-17 04:30:00+00:00,5025.13,5029.25,5021.87,5028.9,2297,39,0
2026-03-17 04:45:00+00:00,5028.94,5029.21,5021.43,5022.56,2275,50,0
2026-03-17 05:00:00+00:00,5022.35,5025.5,5020.44,5022.71,1832,34,0
2026-03-17 05:15:00+00:00,5022.7,5032.62,5022.35,5032.38,1948,30,0
2026-03-17 05:30:00+00:00,5032.39,5033.32,5027.44,5028.52,1973,50,0
2026-03-17 05:45:00+00:00,5028.5,5030.04,5025.79,5027.38,1479,47,0
2026-03-17 06:00:00+00:00,5027.37,5030.12,5026.16,5028.88,1806,37,0
2026-03-17 06:15:00+00:00,5028.91,5032.6,5026.28,5032.41,1537,48,0
2026-03-17 06:30:00+00:00,5032.4,5041.63,5031.96,5039.53,1826,43,0
2026-03-17 06:45:00+00:00,5039.62,5041.73,5036.82,5037.7,2450,30,0
2026-03-17 07:00:00+00:00,5037.69,5040.6,5032.35,5040.22,2152,35,0
2026-03-17 07:15:00+00:00,5040.23,5044.26,5033.24,5035.12,2691,30,0
2026-03-17 07:30:00+00:00,5035.15,5039.18,5031.34,5032.12,3334,42,0
2026-03-17 07:45:00+00:00,5032.13,5033.0,5019.91,5020.54,3799,41,0
2026-03-17 08:00:00+00:00,5020.59,5022.61,5006.82,5012.69,5602,30,0
2026-03-17 08:15:00+00:00,5012.68,5014.02,5005.04,5011.73,4303,30,0
2026-03-17 08:30:00+00:00,5011.75,5016.89,5010.05,5014.87,3208,50,0
2026-03-17 08:45:00+00:00,5014.86,5015.49,5008.32,5009.94,3010,30,0
2026-03-17 09:00:00+00:00,5009.85,5016.84,5009.23,5014.19,3130,45,0
2026-03-17 09:15:00+00:00,5014.17,5018.52,5008.82,5015.71,2826,38,0
2026-03-17 09:30:00+00:00,5015.7,5027.86,5015.7,5022.98,3094,30,0
2026-03-17 09:45:00+00:00,5022.97,5025.15,5017.07,5021.06,2593,36,0
2026-03-17 10:00:00+00:00,5021.05,5025.92,5018.86,5021.8,3585,45,0
2026-03-17 10:15:00+00:00,5021.76,5029.45,5019.0,5021.09,3133,44,0
2026-03-17 10:30:00+00:00,5021.11,5025.0,5018.85,5021.95,2737,35,0
2026-03-17 10:45:00+00:00,5021.96,5025.25,5018.17,5024.54,2666,30,0
2026-03-17 11:00:00+00:00,5024.53,5025.72,5013.34,5013.75,3671,30,0
2026-03-17 11:15:00+00:00,5013.72,5019.48,5012.88,5017.46,3504,30,0
2026-03-17 11:30:00+00:00,5017.48,5018.05,5011.05,5014.21,3241,30,0
2026-03-17 11:45:00+00:00,5014.15,5015.74,5009.87,5010.31,2435,50,0
2026-03-17 12:00:00+00:00,5010.22,5016.17,5000.94,5003.87,3875,30,0
2026-03-17 12:15:00+00:00,5004.03,5008.95,5001.39,5003.54,3178,30,0
2026-03-17 12:30:00+00:00,5003.49,5009.15,4991.71,4999.09,3756,30,0
2026-03-17 12:45:00+00:00,4999.07,5004.58,4996.39,5000.07,2963,31,0
2026-03-17 13:00:00+00:00,5000.04,5005.82,4996.61,5004.66,3518,30,0
2026-03-17 13:15:00+00:00,5004.68,5009.89,5004.68,5006.83,2248,37,0
2026-03-17 13:30:00+00:00,5006.84,5009.77,5003.93,5009.17,2301,46,0
2026-03-17 13:45:00+00:00,5009.24,5011.28,5001.89,5003.11,2845,46,0
2026-03-17 14:00:00+00:00,5003.07,5010.12,4999.22,5008.32,3790,30,0
2026-03-17 14:15:00+00:00,5008.31,5020.36,5008.28,5019.88,4003,33,0
2026-03-17 14:30:00+00:00,5019.91,5023.71,5015.85,5017.47,4140,36,0
2026-03-17 14:45:00+00:00,5017.48,5017.49,5009.57,5011.6,3975,46,0
2026-03-17 15:00:00+00:00,5011.62,5017.79,5009.9,5016.52,5218,32,0
2026-03-17 15:15:00+00:00,5016.55,5019.29,5010.38,5012.6,4573,32,0
2026-03-17 15:30:00+00:00,5012.61,5031.29,5010.87,5027.0,6843,46,0
2026-03-17 15:45:00+00:00,5026.97,5027.48,5005.23,5016.42,5521,30,0
2026-03-17 16:00:00+00:00,5016.4,5020.36,5009.39,5018.0,6089,30,0
2026-03-17 16:15:00+00:00,5018.04,5018.19,5006.63,5008.26,5716,38,0
2026-03-17 16:30:00+00:00,5008.25,5014.24,5002.73,5013.25,5752,42,0
2026-03-17 16:45:00+00:00,5013.26,5019.25,5007.01,5007.49,5430,48,0
2026-03-17 17:00:00+00:00,5007.37,5017.4,5006.09,5008.17,5776,42,0
2026-03-17 17:15:00+00:00,5008.18,5014.72,4993.6,4994.62,6416,30,0
2026-03-17 17:30:00+00:00,4994.52,5000.3,4973.39,4984.33,7080,30,0
2026-03-17 17:45:00+00:00,4984.31,4998.89,4983.69,4997.65,5549,34,0
2026-03-17 18:00:00+00:00,4997.63,4999.11,4991.37,4994.22,5312,50,0
2026-03-17 18:15:00+00:00,4994.23,5005.33,4992.85,5003.95,4926,50,0
2026-03-17 18:30:00+00:00,5003.92,5005.62,4999.54,5002.0,5051,50,0
2026-03-17 18:45:00+00:00,5002.01,5003.46,4997.43,5001.79,4797,42,0
2026-03-17 19:00:00+00:00,5001.67,5006.43,5001.16,5003.18,4296,30,0
2026-03-17 19:15:00+00:00,5003.2,5008.64,5001.08,5002.51,4189,38,0
2026-03-17 19:30:00+00:00,5002.44,5006.23,4997.37,4997.5,3750,30,0
2026-03-17 19:45:00+00:00,4997.53,5003.46,4996.28,5002.32,3321,50,0
2026-03-17 20:00:00+00:00,5002.33,5007.58,5000.63,5006.16,3226,34,0
2026-03-17 20:15:00+00:00,5006.14,5008.9,5003.7,5003.77,2868,50,0
2026-03-17 20:30:00+00:00,5003.81,5004.47,4999.51,5003.25,2506,41,0
2026-03-17 20:45:00+00:00,5003.26,5008.24,5002.7,5003.56,2827,50,0
2026-03-17 21:00:00+00:00,5003.58,5005.43,5000.2,5001.49,2764,50,0
2026-03-17 21:15:00+00:00,5001.45,5002.34,4997.93,4999.65,2818,50,0
2026-03-17 21:30:00+00:00,4999.74,5003.53,4996.28,5001.69,3282,49,0
2026-03-17 21:45:00+00:00,5001.69,5003.09,4997.88,5000.06,4006,36,0
2026-03-17 22:00:00+00:00,5000.14,5006.23,4999.76,5003.51,1255,30,0
2026-03-17 22:15:00+00:00,5003.5,5004.57,5001.82,5003.66,687,50,0
2026-03-17 22:30:00+00:00,5003.68,5005.05,5002.86,5003.79,1669,50,0
2026-03-17 22:45:00+00:00,5003.77,5005.53,5001.3,5005.41,981,50,0
2026-03-18 00:00:00+00:00,5005.77,5006.16,4997.24,5002.49,849,55,0
2026-03-18 00:15:00+00:00,5002.29,5004.63,4999.87,5001.58,907,53,0
2026-03-18 00:30:00+00:00,5001.6,5001.67,4995.34,4996.05,795,51,0
2026-03-18 00:45:00+00:00,4996.02,5003.26,4993.03,4999.67,1399,56,0
2026-03-18 01:00:00+00:00,4999.58,5002.69,4998.66,4999.05,849,56,0
2026-03-18 01:15:00+00:00,4999.44,5001.24,4998.98,4999.92,712,53,0
2026-03-18 01:30:00+00:00,4999.93,5003.52,4999.78,5002.19,577,56,0
2026-03-18 01:45:00+00:00,5002.23,5002.92,5001.25,5002.86,540,55,0
2026-03-18 02:00:00+00:00,5002.85,5012.15,5001.06,5009.81,2185,50,0
2026-03-18 02:15:00+00:00,5009.85,5011.75,5002.57,5002.71,1913,32,0
2026-03-18 02:30:00+00:00,5002.7,5004.33,5000.08,5004.03,1847,50,0
2026-03-18 02:45:00+00:00,5004.08,5007.88,5001.12,5004.18,2029,51,0
2026-03-18 03:00:00+00:00,5004.17,5015.58,4997.79,5011.27,4622,33,0
2026-03-18 03:15:00+00:00,5011.26,5015.77,5007.87,5007.92,2891,50,0
2026-03-18 03:30:00+00:00,5007.91,5009.28,5001.32,5001.52,3574,50,0
2026-03-18 03:45:00+00:00,5001.47,5001.55,4991.18,4998.5,4220,47,0
2026-03-18 04:00:00+00:00,4998.53,5002.3,4996.33,4999.63,3534,46,0
2026-03-18 04:15:00+00:00,4999.61,5006.82,4998.86,5002.13,2176,45,0
2026-03-18 04:30:00+00:00,5002.18,5003.6,4999.78,5001.06,3178,50,0
2026-03-18 04:45:00+00:00,5001.1,5003.93,4990.43,4991.76,3904,50,0
2026-03-18 05:00:00+00:00,4991.75,4996.13,4986.08,4993.97,3890,50,0
2026-03-18 05:15:00+00:00,4994.01,4996.62,4993.65,4996.08,2761,51,0
2026-03-18 05:30:00+00:00,4996.09,4997.46,4993.77,4994.68,1916,32,0
2026-03-18 05:45:00+00:00,4994.67,4995.24,4989.5,4991.15,1720,50,0
2026-03-18 06:00:00+00:00,4991.11,4992.75,4989.45,4990.37,1289,30,0
2026-03-18 06:15:00+00:00,4990.38,4993.31,4990.38,4990.46,813,50,0
2026-03-18 06:30:00+00:00,4990.47,4990.82,4981.56,4984.28,2163,30,0
2026-03-18 06:45:00+00:00,4984.31,4987.14,4982.26,4987.02,1432,35,0
2026-03-18 07:00:00+00:00,4987.0,4992.11,4984.61,4989.93,1836,50,0
2026-03-18 07:15:00+00:00,4989.94,4992.34,4985.29,4990.84,1461,41,0
2026-03-18 07:30:00+00:00,4990.85,5001.12,4987.53,4999.04,3380,51,0
2026-03-18 07:45:00+00:00,4999.02,5002.27,4994.47,4997.56,2214,30,0
2026-03-18 08:00:00+00:00,4997.53,5009.13,4996.13,5009.13,2652,44,0
2026-03-18 08:15:00+00:00,5009.1,5010.63,5006.67,5008.48,3085,35,0
2026-03-18 08:30:00+00:00,5008.49,5016.06,5008.38,5011.14,3007,30,0
2026-03-18 08:45:00+00:00,5011.17,5014.34,5008.24,5009.15,2241,42,0
2026-03-18 09:00:00+00:00,5009.28,5014.69,5009.28,5009.55,2090,30,0
2026-03-18 09:15:00+00:00,5009.52,5009.85,5006.1,5008.89,1749,30,0
2026-03-18 09:30:00+00:00,5008.95,5009.46,5001.12,5001.8,1546,44,0
2026-03-18 09:45:00+00:00,5001.73,5002.1,4990.22,4994.89,3766,30,0
2026-03-18 10:00:00+00:00,4994.88,4996.62,4987.35,4992.8,3143,32,0
2026-03-18 10:15:00+00:00,4992.84,4995.57,4983.39,4988.98,3381,30,0
2026-03-18 10:30:00+00:00,4988.99,4991.85,4983.99,4985.2,2868,30,0
2026-03-18 10:45:00+00:00,4985.18,4990.14,4977.13,4987.46,3359,36,0
2026-03-18 11:00:00+00:00,4987.45,4990.84,4986.16,4986.16,2385,30,0
2026-03-18 11:15:00+00:00,4986.14,4994.24,4984.64,4992.22,2344,43,0
2026-03-18 11:30:00+00:00,4992.19,4995.41,4991.83,4993.05,2100,38,0
2026-03-18 11:45:00+00:00,4993.03,4994.96,4990.62,4991.97,1865,50,0
2026-03-18 12:00:00+00:00,4992.0,4992.05,4987.05,4988.67,2064,43,0
2026-03-18 12:15:00+00:00,4988.67,4990.82,4980.65,4982.33,2347,31,0
2026-03-18 12:30:00+00:00,4982.31,4987.02,4960.2,4977.73,4739,30,0
2026-03-18 12:45:00+00:00,4977.4,4980.06,4958.76,4967.75,3632,30,0
2026-03-18 13:00:00+00:00,4967.72,4970.34,4950.19,4970.05,5166,30,0
2026-03-18 13:15:00+00:00,4970.06,4973.79,4946.25,4948.38,5119,30,0
2026-03-18 13:30:00+00:00,4948.37,4961.82,4934.8,4939.04,6028,30,0
2026-03-18 13:45:00+00:00,4938.97,4944.6,4924.71,4930.06,6250,30,0
2026-03-18 14:00:00+00:00,4930.05,4932.32,4905.2,4908.11,6729,30,0
2026-03-18 14:15:00+00:00,4908.16,4912.33,4895.42,4900.76,7070,30,0
2026-03-18 14:30:00+00:00,4901.74,4902.1,4873.86,4878.21,7146,30,0
2026-03-18 14:45:00+00:00,4878.23,4891.42,4870.65,4881.41,7173,30,0
2026-03-18 15:00:00+00:00,4881.36,4881.36,4849.36,4858.52,8059,30,0
2026-03-18 15:15:00+00:00,4858.41,4865.73,4834.05,4861.19,7268,40,0
2026-03-18 15:30:00+00:00,4861.2,4885.26,4850.14,4872.94,8177,30,0
2026-03-18 15:45:00+00:00,4873.09,4880.26,4860.49,4878.0,7649,30,0
2026-03-18 16:00:00+00:00,4877.97,4894.4,4872.13,4880.93,7415,41,0
2026-03-18 16:15:00+00:00,4880.89,4883.31,4859.07,4860.67,7334,30,0
2026-03-18 16:30:00+00:00,4860.65,4864.93,4856.43,4860.99,6546,30,0
2026-03-18 16:45:00+00:00,4860.96,4872.39,4860.54,4869.38,6353,34,0
2026-03-18 17:00:00+00:00,4869.41,4877.97,4865.55,4875.12,6271,30,0
2026-03-18 17:15:00+00:00,4875.19,4879.87,4866.95,4871.89,6088,30,0
2026-03-18 17:30:00+00:00,4871.85,4875.15,4864.15,4864.42,5124,46,0
2026-03-18 17:45:00+00:00,4864.39,4866.47,4860.94,4862.29,5474,50,0
2026-03-18 18:00:00+00:00,4862.28,4879.15,4860.73,4877.84,5229,47,0
2026-03-18 18:15:00+00:00,4877.83,4882.8,4873.72,4882.1,4838,49,0
2026-03-18 18:30:00+00:00,4882.12,4882.65,4873.08,4882.56,4945,44,0
2026-03-18 18:45:00+00:00,4882.49,4890.11,4879.84,4886.71,5082,31,0
2026-03-18 19:00:00+00:00,4886.7,4889.85,4883.7,4886.78,4367,30,0
2026-03-18 19:15:00+00:00,4886.89,4897.99,4885.24,4890.86,4909,30,0
2026-03-18 19:30:00+00:00,4890.86,4898.74,4887.1,4894.45,4520,41,0
2026-03-18 19:45:00+00:00,4894.44,4895.69,4888.75,4890.58,3931,42,0
2026-03-18 20:00:00+00:00,4890.07,4899.15,4880.76,4887.29,6475,45,0
2026-03-18 20:15:00+00:00,4887.28,4889.31,4876.72,4885.55,5952,30,0
2026-03-18 20:30:00+00:00,4885.51,4887.92,4872.63,4878.28,6905,45,0
2026-03-18 20:45:00+00:00,4878.18,4878.48,4852.23,4852.87,6397,38,0
2026-03-18 21:00:00+00:00,4852.84,4861.1,4843.37,4856.88,6188,30,0
2026-03-18 21:15:00+00:00,4856.9,4865.1,4843.78,4849.07,6067,35,0
2026-03-18 21:30:00+00:00,4848.68,4859.93,4846.11,4850.4,5371,50,0
2026-03-18 21:45:00+00:00,4850.37,4851.04,4838.14,4842.85,6125,30,0
2026-03-18 22:00:00+00:00,4842.69,4848.39,4823.6,4825.67,3336,30,0
2026-03-18 22:15:00+00:00,4825.62,4828.18,4808.69,4811.04,4703,50,0
2026-03-18 22:30:00+00:00,4811.0,4821.29,4806.63,4820.94,3355,41,0
2026-03-18 22:45:00+00:00,4821.1,4826.59,4816.65,4818.68,2282,51,0
2026-03-19 00:00:00+00:00,4824.26,4837.1,4815.58,4818.43,2721,56,0
2026-03-19 00:15:00+00:00,4818.4,4825.29,4804.1,4815.49,4747,50,0
2026-03-19 00:30:00+00:00,4815.5,4829.04,4808.69,4827.98,3833,51,0
2026-03-19 00:45:00+00:00,4827.84,4838.63,4825.93,4834.34,3481,45,0
2026-03-19 01:00:00+00:00,4834.36,4836.75,4829.23,4834.23,3135,50,0
2026-03-19 01:15:00+00:00,4834.24,4840.7,4828.03,4836.67,2868,51,0
2026-03-19 01:30:00+00:00,4836.7,4842.38,4833.94,4833.98,2805,46,0
2026-03-19 01:45:00+00:00,4833.97,4838.06,4829.79,4836.57,3548,50,0
2026-03-19 02:00:00+00:00,4836.52,4847.88,4835.2,4843.2,3757,30,0
2026-03-19 02:15:00+00:00,4843.11,4843.87,4836.7,4842.09,2786,51,0
2026-03-19 02:30:00+00:00,4842.08,4848.61,4838.18,4840.64,3590,50,0
2026-03-19 02:45:00+00:00,4840.63,4845.72,4837.63,4841.08,3605,30,0
2026-03-19 03:00:00+00:00,4841.0,4853.23,4832.67,4837.84,6527,50,0
2026-03-19 03:15:00+00:00,4837.85,4845.58,4833.55,4845.35,4792,50,0
2026-03-19 03:30:00+00:00,4845.31,4866.9,4842.77,4865.47,6076,36,0
2026-03-19 03:45:00+00:00,4865.49,4865.57,4849.05,4849.8,4450,30,0
2026-03-19 04:00:00+00:00,4849.78,4851.56,4841.46,4849.16,5193,50,0
2026-03-19 04:15:00+00:00,4849.23,4857.97,4847.92,4857.04,2578,30,0
2026-03-19 04:30:00+00:00,4857.03,4861.52,4853.94,4861.2,4978,50,0
2026-03-19 04:45:00+00:00,4861.21,4861.92,4853.49,4858.58,4338,30,0
2026-03-19 05:00:00+00:00,4858.55,4864.87,4854.97,4864.16,3867,50,0
2026-03-19 05:15:00+00:00,4864.11,4865.86,4856.62,4859.8,3810,50,0
2026-03-19 05:30:00+00:00,4859.8,4860.11,4852.11,4856.09,2946,30,0
2026-03-19 05:45:00+00:00,4856.08,4857.05,4850.61,4850.61,2477,50,0
2026-03-19 06:00:00+00:00,4850.59,4851.59,4847.21,4851.06,2107,50,0
2026-03-19 06:15:00+00:00,4851.07,4853.59,4849.64,4850.13,1322,50,0
2026-03-19 06:30:00+00:00,4850.12,4852.71,4848.25,4849.4,1378,50,0
2026-03-19 06:45:00+00:00,4849.38,4850.28,4845.72,4849.81,1615,37,0
2026-03-19 07:00:00+00:00,4849.79,4853.63,4846.4,4850.43,2335,30,0
2026-03-19 07:15:00+00:00,4850.4,4853.6,4846.36,4846.59,1852,30,0
2026-03-19 07:30:00+00:00,4846.7,4846.7,4832.39,4833.58,4779,30,0
2026-03-19 07:45:00+00:00,4833.57,4839.98,4826.83,4827.33,4503,30,0
2026-03-19 08:00:00+00:00,4827.32,4841.93,4827.03,4832.99,5016,30,0
2026-03-19 08:15:00+00:00,4832.94,4833.52,4813.4,4813.64,5537,30,0
2026-03-19 08:30:00+00:00,4813.6,4819.84,4779.94,4786.1,6888,30,0
2026-03-19 08:45:00+00:00,4786.1,4788.42,4747.66,4763.58,7784,30,0
2026-03-19 09:00:00+00:00,4763.53,4784.07,4762.56,4777.82,5433,31,0
2026-03-19 09:15:00+00:00,4777.95,4781.81,4756.84,4770.77,5448,30,0
2026-03-19 09:30:00+00:00,4770.65,4771.35,4735.51,4739.47,5084,37,0
2026-03-19 09:45:00+00:00,4739.46,4754.73,4727.21,4727.67,5202,30,0
2026-03-19 10:00:00+00:00,4727.55,4740.29,4700.99,4714.45,7040,30,0
2026-03-19 10:15:00+00:00,4714.54,4736.26,4712.96,4718.31,6626,50,0
2026-03-19 10:30:00+00:00,4718.65,4722.05,4686.63,4688.31,7278,36,0
2026-03-19 10:45:00+00:00,4688.23,4719.46,4686.81,4709.0,6562,30,0
2026-03-19 11:00:00+00:00,4708.98,4720.88,4687.67,4694.83,6249,30,0
2026-03-19 11:15:00+00:00,4694.78,4722.27,4693.29,4708.91,6811,30,0
2026-03-19 11:30:00+00:00,4708.96,4725.71,4702.59,4704.98,6613,30,0
2026-03-19 11:45:00+00:00,4705.02,4716.83,4696.02,4698.77,6624,30,0
2026-03-19 12:00:00+00:00,4698.78,4719.57,4697.76,4704.31,5405,30,0
2026-03-19 12:15:00+00:00,4704.32,4705.35,4671.27,4683.36,5767,34,0
2026-03-19 12:30:00+00:00,4682.86,4700.38,4674.11,4683.27,5958,30,0
2026-03-19 12:45:00+00:00,4683.25,4688.5,4666.34,4678.89,5791,30,0
2026-03-19 13:00:00+00:00,4678.97,4699.39,4678.88,4685.94,5751,30,0
2026-03-19 13:15:00+00:00,4685.92,4692.26,4676.32,4686.1,5314,30,0
2026-03-19 13:30:00+00:00,4686.11,4695.27,4658.1,4663.96,5844,30,0
2026-03-19 13:45:00+00:00,4663.98,4667.87,4650.6,4651.75,5993,30,0
2026-03-19 14:00:00+00:00,4651.65,4653.92,4609.75,4619.2,7510,30,0
2026-03-19 14:15:00+00:00,4619.15,4630.55,4602.77,4606.73,7291,30,0
2026-03-19 14:30:00+00:00,4606.74,4617.33,4559.76,4563.08,7458,30,0
2026-03-19 14:45:00+00:00,4562.96,4585.44,4531.09,4574.07,8062,30,0
2026-03-19 15:00:00+00:00,4574.04,4574.04,4502.46,4539.35,8428,30,0
2026-03-19 15:15:00+00:00,4539.44,4580.79,4523.56,4576.08,8364,30,0
2026-03-19 15:30:00+00:00,4576.22,4582.96,4546.2,4558.86,8779,30,0
2026-03-19 15:45:00+00:00,4558.65,4620.81,4538.7,4620.73,8603,30,0
2026-03-19 16:00:00+00:00,4620.75,4649.06,4618.63,4630.73,8537,30,0
2026-03-19 16:15:00+00:00,4630.72,4635.38,4584.0,4584.92,8262,30,0
2026-03-19 16:30:00+00:00,4584.78,4622.23,4580.89,4612.78,8050,30,0
2026-03-19 16:45:00+00:00,4612.77,4627.43,4598.1,4601.54,7713,30,0
2026-03-19 17:00:00+00:00,4601.32,4638.4,4593.23,4627.28,7280,30,0
2026-03-19 17:15:00+00:00,4627.05,4629.1,4596.42,4602.93,7364,30,0
2026-03-19 17:30:00+00:00,4602.97,4603.03,4569.91,4571.6,7953,30,0
2026-03-19 17:45:00+00:00,4571.59,4611.28,4566.16,4596.21,7951,30,0
2026-03-19 18:00:00+00:00,4596.22,4626.45,4592.81,4604.83,7255,30,0
2026-03-19 18:15:00+00:00,4604.78,4616.8,4594.08,4599.18,7240,30,0
2026-03-19 18:30:00+00:00,4599.46,4608.35,4583.93,4592.94,7012,30,0
2026-03-19 18:45:00+00:00,4592.92,4598.36,4576.53,4584.69,6834,38,0
2026-03-19 19:00:00+00:00,4584.74,4596.02,4573.71,4579.11,6284,33,0
2026-03-19 19:15:00+00:00,4579.4,4613.48,4573.93,4603.35,7206,30,0
2026-03-19 19:30:00+00:00,4603.47,4618.42,4599.61,4604.92,6617,30,0
2026-03-19 19:45:00+00:00,4605.11,4629.68,4604.93,4615.95,6570,30,0
2026-03-19 20:00:00+00:00,4615.96,4618.85,4600.97,4614.6,7309,30,0
2026-03-19 20:15:00+00:00,4614.42,4617.23,4604.35,4609.31,7096,30,0
2026-03-19 20:30:00+00:00,4608.81,4611.13,4596.14,4609.05,5380,30,0
2026-03-19 20:45:00+00:00,4608.86,4622.93,4604.42,4622.84,4839,30,0
2026-03-19 21:00:00+00:00,4622.9,4663.24,4622.9,4656.84,8207,30,0
2026-03-19 21:15:00+00:00,4656.94,4661.66,4632.92,4644.08,7143,30,0
2026-03-19 21:30:00+00:00,4643.97,4649.19,4632.69,4638.53,6221,30,0
2026-03-19 21:45:00+00:00,4638.63,4649.72,4631.71,4643.71,6389,30,0
2026-03-19 22:00:00+00:00,4643.53,4658.15,4642.62,4653.97,3818,47,0
2026-03-19 22:15:00+00:00,4653.94,4660.56,4649.98,4657.16,2422,51,0
2026-03-19 22:30:00+00:00,4657.24,4659.35,4653.45,4654.4,1693,32,0
2026-03-19 22:45:00+00:00,4654.81,4661.82,4650.18,4650.19,2384,46,0
2026-03-20 00:00:00+00:00,4650.89,4671.67,4650.65,4670.76,1866,44,0
2026-03-20 00:15:00+00:00,4670.77,4677.03,4660.38,4666.17,3308,50,0
2026-03-20 00:30:00+00:00,4666.12,4666.15,4646.18,4646.67,3497,31,0
2026-03-20 00:45:00+00:00,4646.65,4649.98,4636.02,4636.18,2975,43,0
2026-03-20 01:00:00+00:00,4636.22,4647.46,4636.22,4638.55,3112,51,0
2026-03-20 01:15:00+00:00,4638.54,4646.83,4638.19,4643.7,2516,53,0
2026-03-20 01:30:00+00:00,4643.77,4647.62,4633.97,4635.44,2857,51,0
2026-03-20 01:45:00+00:00,4635.34,4646.61,4635.16,4643.39,2736,50,0
2026-03-20 02:00:00+00:00,4643.52,4662.72,4642.65,4662.5,4027,31,0
2026-03-20 02:15:00+00:00,4662.02,4664.84,4642.0,4649.22,4504,30,0
2026-03-20 02:30:00+00:00,4649.17,4656.4,4644.54,4655.75,3454,30,0
2026-03-20 02:45:00+00:00,4655.76,4660.36,4646.91,4648.5,3506,30,0
2026-03-20 03:00:00+00:00,4648.45,4680.12,4639.19,4651.71,7598,30,0
2026-03-20 03:15:00+00:00,4651.69,4661.84,4648.29,4661.84,5829,30,0
2026-03-20 03:30:00+00:00,4661.85,4688.6,4661.12,4686.35,6341,30,0
2026-03-20 03:45:00+00:00,4686.28,4699.21,4672.27,4677.23,5815,38,0
2026-03-20 04:00:00+00:00,4677.15,4689.18,4670.17,4685.5,4807,41,0
2026-03-20 04:15:00+00:00,4685.53,4689.97,4680.71,4683.7,3210,30,0
2026-03-20 04:30:00+00:00,4683.72,4691.18,4679.13,4685.17,4584,30,0
2026-03-20 04:45:00+00:00,4685.18,4703.47,4682.8,4698.26,4731,48,0
2026-03-20 05:00:00+00:00,4698.19,4723.22,4693.07,4717.18,5529,30,0
2026-03-20 05:15:00+00:00,4717.19,4735.57,4716.29,4733.44,5508,30,0
2026-03-20 05:30:00+00:00,4733.45,4735.42,4727.87,4730.37,3275,30,0
2026-03-20 05:45:00+00:00,4730.35,4730.37,4721.63,4725.7,2993,30,0
2026-03-20 06:00:00+00:00,4725.73,4727.53,4716.7,4719.01,2203,33,0
2026-03-20 06:15:00+00:00,4718.99,4724.21,4718.34,4723.49,2150,32,0
2026-03-20 06:30:00+00:00,4723.48,4726.83,4718.31,4719.98,1863,30,0
2026-03-20 06:45:00+00:00,4719.96,4722.53,4715.48,4721.46,1866,30,0
2026-03-20 07:00:00+00:00,4721.45,4721.95,4710.36,4718.27,3358,30,0
2026-03-20 07:15:00+00:00,4718.28,4723.41,4717.28,4719.55,2923,30,0
2026-03-20 07:30:00+00:00,4719.54,4719.94,4701.88,4709.3,5996,30,0
2026-03-20 07:45:00+00:00,4709.29,4710.5,4685.63,4688.22,6329,30,0
2026-03-20 08:00:00+00:00,4688.24,4700.87,4684.73,4691.2,5855,30,0
2026-03-20 08:15:00+00:00,4691.19,4695.57,4679.93,4687.78,5761,31,0
2026-03-20 08:30:00+00:00,4687.79,4689.44,4661.32,4665.67,5679,30,0
2026-03-20 08:45:00+00:00,4665.7,4675.86,4662.28,4668.97,5356,30,0
2026-03-20 09:00:00+00:00,4668.86,4683.99,4667.76,4679.4,4256,30,0
2026-03-20 09:15:00+00:00,4679.41,4688.47,4676.38,4688.17,3842,40,0
2026-03-20 09:30:00+00:00,4688.15,4697.96,4685.08,4693.96,3725,30,0
2026-03-20 09:45:00+00:00,4694.13,4707.73,4694.13,4706.12,3979,30,0
2026-03-20 10:00:00+00:00,4706.15,4717.43,4701.85,4716.05,4429,30,0
2026-03-20 10:15:00+00:00,4716.0,4734.68,4715.43,4722.6,5132,33,0
2026-03-20 10:30:00+00:00,4722.61,4722.71,4699.25,4707.16,5472,30,0
2026-03-20 10:45:00+00:00,4707.2,4708.12,4684.76,4693.45,5074,30,0
2026-03-20 11:00:00+00:00,4693.52,4700.15,4683.99,4693.69,4773,30,0
2026-03-20 11:15:00+00:00,4693.7,4697.13,4684.09,4691.76,4251,30,0
2026-03-20 11:30:00+00:00,4691.75,4692.23,4670.79,4673.25,4607,30,0
2026-03-20 11:45:00+00:00,4673.21,4677.13,4659.8,4667.48,5507,30,0
2026-03-20 12:00:00+00:00,4667.49,4669.94,4649.97,4662.88,5996,30,0
2026-03-20 12:15:00+00:00,4662.8,4666.39,4645.83,4657.98,5431,30,0
2026-03-20 12:30:00+00:00,4657.96,4669.66,4649.23,4659.59,4963,30,0
2026-03-20 12:45:00+00:00,4659.57,4660.08,4638.1,4645.23,5631,30,0
2026-03-20 13:00:00+00:00,4645.21,4666.29,4636.86,4662.52,6130,30,0
2026-03-20 13:15:00+00:00,4662.44,4668.4,4658.53,4665.1,4834,32,0
2026-03-20 13:30:00+00:00,4665.14,4674.01,4661.44,4669.27,4791,30,0
2026-03-20 13:45:00+00:00,4669.48,4672.04,4657.49,4671.46,4572,47,0
2026-03-20 14:00:00+00:00,4671.51,4695.35,4671.51,4685.3,6720,36,0
2026-03-20 14:15:00+00:00,4685.31,4691.88,4677.7,4678.12,5927,30,0
2026-03-20 14:30:00+00:00,4678.13,4681.99,4661.78,4670.08,6299,30,0
2026-03-20 14:45:00+00:00,4670.01,4681.56,4665.8,4678.14,5929,30,0
2026-03-20 15:00:00+00:00,4678.16,4679.35,4653.59,4661.89,7399,30,0
2026-03-20 15:15:00+00:00,4661.95,4670.25,4655.64,4659.97,6947,30,0
2026-03-20 15:30:00+00:00,4660.18,4665.7,4636.43,4662.49,8476,30,0
2026-03-20 15:45:00+00:00,4662.51,4665.14,4612.64,4616.25,8587,30,0
2026-03-20 16:00:00+00:00,4616.23,4622.29,4585.9,4587.15,8554,30,0
2026-03-20 16:15:00+00:00,4587.13,4588.27,4551.25,4558.19,8662,30,0
2026-03-20 16:30:00+00:00,4557.54,4585.2,4557.37,4575.79,8417,30,0
2026-03-20 16:45:00+00:00,4575.77,4582.36,4547.87,4563.91,7913,30,0
2026-03-20 17:00:00+00:00,4563.81,4579.97,4559.93,4575.77,7828,30,0
2026-03-20 17:15:00+00:00,4576.49,4576.67,4540.43,4562.77,8054,30,0
2026-03-20 17:30:00+00:00,4562.84,4575.46,4556.64,4562.54,7861,30,0
2026-03-20 17:45:00+00:00,4562.51,4562.61,4544.17,4553.19,7610,30,0
2026-03-20 18:00:00+00:00,4553.23,4588.33,4551.82,4588.02,7308,30,0
2026-03-20 18:15:00+00:00,4587.97,4613.57,4583.47,4584.64,7490,30,0
2026-03-20 18:30:00+00:00,4584.63,4592.47,4570.56,4581.11,7452,30,0
2026-03-20 18:45:00+00:00,4581.13,4588.29,4568.2,4583.18,6702,30,0
2026-03-20 19:00:00+00:00,4583.05,4600.48,4573.0,4581.92,7148,30,0
2026-03-20 19:15:00+00:00,4581.84,4582.79,4568.51,4571.85,7179,30,0
2026-03-20 19:30:00+00:00,4572.27,4574.29,4554.18,4565.8,6922,30,0
2026-03-20 19:45:00+00:00,4565.78,4576.96,4562.44,4573.27,6244,30,0
2026-03-20 20:00:00+00:00,4573.34,4578.26,4561.04,4562.86,6322,30,0
2026-03-20 20:15:00+00:00,4562.88,4568.0,4536.53,4554.27,7484,30,0
2026-03-20 20:30:00+00:00,4554.24,4556.91,4524.43,4525.98,7120,30,0
2026-03-20 20:45:00+00:00,4526.25,4529.28,4477.13,4499.6,7550,30,0
2026-03-20 21:00:00+00:00,4499.64,4516.13,4485.58,4500.39,7649,30,0
2026-03-20 21:15:00+00:00,4500.36,4507.64,4485.32,4498.33,7348,30,0
2026-03-20 21:30:00+00:00,4498.49,4516.5,4491.93,4514.16,7159,30,0
2026-03-20 21:45:00+00:00,4514.1,4515.67,4496.85,4501.42,7392,30,0
2026-03-20 22:00:00+00:00,4501.37,4507.06,4493.3,4504.72,4594,30,0
2026-03-20 22:15:00+00:00,4504.68,4514.34,4500.56,4500.92,3990,30,0
2026-03-20 22:30:00+00:00,4501.22,4504.15,4496.39,4502.56,2309,49,0
2026-03-20 22:45:00+00:00,4502.56,4503.83,4493.59,4497.39,2274,55,0
2026-03-23 00:00:00+00:00,4448.11,4515.12,4447.65,4506.41,3724,68,0
2026-03-23 00:15:00+00:00,4506.41,4535.46,4502.51,4523.51,3422,45,0
2026-03-23 00:30:00+00:00,4523.51,4526.6,4504.91,4506.71,4772,47,0
2026-03-23 00:45:00+00:00,4506.69,4515.15,4489.98,4497.96,3801,53,0
2026-03-23 01:00:00+00:00,4497.97,4510.41,4485.34,4490.38,4984,30,0
2026-03-23 01:15:00+00:00,4490.37,4499.54,4482.41,4485.08,4801,30,0
2026-03-23 01:30:00+00:00,4485.06,4490.81,4472.38,4488.39,4560,30,0
2026-03-23 01:45:00+00:00,4488.67,4493.41,4452.3,4464.58,6486,40,0
2026-03-23 02:00:00+00:00,4464.56,4472.98,4425.25,4436.5,7487,30,0
2026-03-23 02:15:00+00:00,4436.56,4445.04,4404.26,4427.01,7130,30,0
2026-03-23 02:30:00+00:00,4427.23,4436.49,4330.12,4362.09,8022,30,0
2026-03-23 02:45:00+00:00,4362.69,4371.11,4319.51,4353.99,7822,30,0
2026-03-23 03:00:00+00:00,4353.88,4422.55,4330.38,4407.88,8619,30,0
2026-03-23 03:15:00+00:00,4408.17,4443.56,4406.98,4421.75,8071,50,0
2026-03-23 03:30:00+00:00,4421.96,4453.97,4416.38,4435.36,8293,38,0
2026-03-23 03:45:00+00:00,4435.41,4436.57,4381.09,4387.42,8184,30,0
2026-03-23 04:00:00+00:00,4388.01,4421.86,4383.06,4395.6,7949,30,0
2026-03-23 04:15:00+00:00,4395.64,4416.7,4393.99,4399.06,6556,30,0
2026-03-23 04:30:00+00:00,4399.03,4400.67,4369.5,4384.67,7708,30,0
2026-03-23 04:45:00+00:00,4384.53,4384.53,4354.7,4360.35,7428,30,0
2026-03-23 05:00:00+00:00,4360.39,4377.72,4347.83,4349.37,7085,30,0
2026-03-23 05:15:00+00:00,4349.41,4365.36,4346.9,4351.01,6938,36,0
2026-03-23 05:30:00+00:00,4350.83,4364.53,4334.76,4341.92,5856,30,0
2026-03-23 05:45:00+00:00,4341.86,4360.13,4337.04,4352.67,5008,30,0
2026-03-23 06:00:00+00:00,4352.69,4370.27,4352.69,4363.51,5286,30,0
2026-03-23 06:15:00+00:00,4363.54,4370.26,4361.27,4368.42,4008,30,0
2026-03-23 06:30:00+00:00,4368.18,4381.56,4360.04,4375.22,4651,30,0
2026-03-23 06:45:00+00:00,4375.27,4376.38,4349.94,4367.26,4532,30,0
2026-03-23 07:00:00+00:00,4367.28,4379.92,4365.84,4372.54,5218,30,0
2026-03-23 07:15:00+00:00,4372.6,4374.0,4351.64,4356.09,4974,30,0
2026-03-23 07:30:00+00:00,4356.02,4356.02,4320.08,4322.0,8054,30,0
2026-03-23 07:45:00+00:00,4321.99,4326.38,4302.34,4310.07,7597,30,0
2026-03-23 08:00:00+00:00,4309.91,4310.08,4270.03,4294.61,7866,30,0
2026-03-23 08:15:00+00:00,4294.64,4309.96,4238.84,4243.43,8110,30,0
2026-03-23 08:30:00+00:00,4243.4,4249.74,4182.61,4182.97,8658,30,0
2026-03-23 08:45:00+00:00,4182.92,4230.09,4162.98,4220.11,8550,30,0
2026-03-23 09:00:00+00:00,4219.8,4221.78,4126.31,4130.0,8544,30,0
2026-03-23 09:15:00+00:00,4130.27,4159.75,4098.6,4135.62,8658,30,0
2026-03-23 09:30:00+00:00,4135.55,4215.81,4129.56,4214.72,8262,30,0
2026-03-23 09:45:00+00:00,4214.74,4232.35,4186.2,4204.02,8252,30,0
2026-03-23 10:00:00+00:00,4203.47,4255.52,4202.79,4252.98,8320,30,0
2026-03-23 10:15:00+00:00,4252.97,4255.93,4210.81,4226.74,8133,30,0
2026-03-23 10:30:00+00:00,4226.69,4270.4,4222.25,4257.28,7797,30,0
2026-03-23 10:45:00+00:00,4257.32,4269.47,4219.48,4251.03,7408,30,0
2026-03-23 11:00:00+00:00,4251.09,4268.96,4246.63,4268.71,7449,30,0
2026-03-23 11:15:00+00:00,4268.65,4303.75,4267.34,4303.74,7278,30,0
2026-03-23 11:30:00+00:00,4303.73,4308.11,4224.95,4225.56,7993,30,0
2026-03-23 11:45:00+00:00,4225.36,4256.9,4223.54,4253.44,6763,30,0
2026-03-23 12:00:00+00:00,4253.78,4272.15,4243.55,4263.6,6850,34,0
2026-03-23 12:15:00+00:00,4263.64,4274.6,4256.1,4268.61,6052,30,0
2026-03-23 12:30:00+00:00,4268.61,4269.21,4240.85,4256.82,6459,30,0
2026-03-23 12:45:00+00:00,4256.88,4281.67,4249.66,4268.8,6999,30,0
2026-03-23 13:00:00+00:00,4268.96,4462.43,4268.96,4456.78,8285,30,0
2026-03-23 13:15:00+00:00,4456.8,4460.06,4355.04,4399.36,8340,30,0
2026-03-23 13:30:00+00:00,4399.43,4431.97,4383.38,4412.16,8071,30,0
2026-03-23 13:45:00+00:00,4412.2,4416.91,4361.33,4378.85,8396,30,0
2026-03-23 14:00:00+00:00,4378.53,4380.33,4336.81,4352.76,8537,30,0
2026-03-23 14:15:00+00:00,4352.59,4404.88,4352.28,4389.96,8115,30,0
2026-03-23 14:30:00+00:00,4389.7,4441.78,4374.44,4441.31,8281,30,0
2026-03-23 14:45:00+00:00,4441.34,4492.26,4433.15,4478.38,8450,42,0
2026-03-23 15:00:00+00:00,4478.47,4485.01,4431.48,4446.16,8191,33,0
2026-03-23 15:15:00+00:00,4446.35,4452.29,4404.67,4409.28,7827,30,0
2026-03-23 15:30:00+00:00,4409.51,4450.25,4401.5,4422.06,8806,30,0
2026-03-23 15:45:00+00:00,4422.0,4466.54,4419.68,4453.94,8680,30,0
2026-03-23 16:00:00+00:00,4453.88,4479.2,4453.32,4464.12,8724,39,0
2026-03-23 16:15:00+00:00,4464.09,4512.73,4460.87,4486.2,8666,30,0
2026-03-23 16:30:00+00:00,4486.22,4504.22,4469.86,4479.48,8477,32,0
2026-03-23 16:45:00+00:00,4479.46,4485.79,4456.7,4461.57,8294,30,0
2026-03-23 17:00:00+00:00,4461.62,4486.76,4454.53,4464.81,8456,30,0
2026-03-23 17:15:00+00:00,4464.82,4468.14,4427.51,4447.22,8405,34,0
2026-03-23 17:30:00+00:00,4447.04,4455.83,4405.64,4407.64,8397,30,0
2026-03-23 17:45:00+00:00,4407.69,4413.76,4351.04,4363.61,8674,30,0
2026-03-23 18:00:00+00:00,4363.42,4389.91,4352.67,4383.7,8676,30,0
2026-03-23 18:15:00+00:00,4383.52,4389.27,4352.43,4354.77,8400,30,0
2026-03-23 18:30:00+00:00,4354.98,4387.68,4353.51,4385.86,8276,30,0
2026-03-23 18:45:00+00:00,4385.7,4391.47,4371.3,4375.28,8332,30,0
2026-03-23 19:00:00+00:00,4375.26,4405.42,4370.76,4397.05,7813,30,0
2026-03-23 19:15:00+00:00,4397.12,4413.58,4388.4,4405.1,7636,30,0
2026-03-23 19:30:00+00:00,4405.15,4438.78,4404.0,4420.24,7807,30,0
2026-03-23 19:45:00+00:00,4419.95,4429.6,4404.46,4426.07,7020,30,0
2026-03-23 20:00:00+00:00,4426.04,4428.91,4402.07,4421.13,7637,30,0
2026-03-23 20:15:00+00:00,4421.12,4430.62,4409.43,4425.75,6925,39,0
2026-03-23 20:30:00+00:00,4425.71,4461.89,4425.4,4461.64,6912,30,0
2026-03-23 20:45:00+00:00,4461.52,4466.81,4446.29,4448.85,6011,30,0
2026-03-23 21:00:00+00:00,4448.72,4450.39,4402.84,4406.61,6461,30,0
2026-03-23 21:15:00+00:00,4406.62,4414.82,4392.77,4410.43,6589,30,0
2026-03-23 21:30:00+00:00,4410.27,4416.3,4402.14,4416.3,5330,30,0
2026-03-23 21:45:00+00:00,4416.41,4427.36,4397.06,4397.49,6817,30,0
2026-03-23 22:00:00+00:00,4399.12,4408.27,4382.74,4403.6,4409,30,0
2026-03-23 22:15:00+00:00,4403.61,4412.97,4403.61,4407.04,2593,31,0
2026-03-23 22:30:00+00:00,4407.03,4411.18,4395.98,4410.83,2527,40,0
2026-03-23 22:45:00+00:00,4410.9,4412.8,4405.01,4406.65,2347,53,0
2026-03-24 00:00:00+00:00,4413.78,4420.45,4361.35,4397.99,4223,53,0
2026-03-24 00:15:00+00:00,4397.89,4415.13,4389.24,4414.24,5061,30,0
2026-03-24 00:30:00+00:00,4414.17,4416.51,4398.34,4408.8,4503,39,0
2026-03-24 00:45:00+00:00,4408.73,4431.17,4406.5,4426.72,3707,37,0
2026-03-24 01:00:00+00:00,4426.66,4437.36,4423.41,4435.6,3996,30,0
2026-03-24 01:15:00+00:00,4435.58,4448.15,4433.5,4441.75,3947,52,0
2026-03-24 01:30:00+00:00,4441.76,4444.24,4421.7,4430.54,3955,32,0
2026-03-24 01:45:00+00:00,4430.55,4446.03,4422.07,4440.96,4591,51,0
2026-03-24 02:00:00+00:00,4440.89,4446.48,4420.09,4421.99,6400,31,0
2026-03-24 02:15:00+00:00,4422.02,4423.3,4368.69,4377.95,7441,35,0
2026-03-24 02:30:00+00:00,4378.08,4387.28,4331.18,4344.45,7767,30,0
2026-03-24 02:45:00+00:00,4344.48,4386.42,4343.09,4364.62,7343,30,0
2026-03-24 03:00:00+00:00,4364.4,4373.86,4328.39,4330.82,8539,30,0
2026-03-24 03:15:00+00:00,4330.88,4368.76,4330.83,4354.75,8115,30,0
2026-03-24 03:30:00+00:00,4354.73,4368.23,4321.35,4321.42,7981,30,0
2026-03-24 03:45:00+00:00,4321.36,4331.74,4308.04,4321.94,8175,30,0
2026-03-24 04:00:00+00:00,4321.95,4336.71,4305.8,4312.11,7879,30,0
2026-03-24 04:15:00+00:00,4312.1,4353.51,4309.45,4351.71,7344,30,0
2026-03-24 04:30:00+00:00,4352.0,4373.24,4344.31,4366.57,7879,30,0
2026-03-24 04:45:00+00:00,4366.56,4379.09,4352.14,4366.01,7288,30,0
2026-03-24 05:00:00+00:00,4366.04,4367.92,4350.06,4358.27,7099,30,0
2026-03-24 05:15:00+00:00,4358.3,4368.15,4355.52,4364.45,6621,30,0
2026-03-24 05:30:00+00:00,4364.37,4364.8,4338.45,4341.49,6302,33,0
2026-03-24 05:45:00+00:00,4341.45,4349.46,4334.89,4347.01,5409,30,0
2026-03-24 06:00:00+00:00,4346.96,4357.03,4346.29,4349.81,5149,38,0
2026-03-24 06:15:00+00:00,4349.82,4350.24,4326.5,4339.47,5789,30,0
2026-03-24 06:30:00+00:00,4339.49,4347.95,4335.84,4340.82,4774,30,0
2026-03-24 06:45:00+00:00,4340.83,4349.3,4331.92,4333.25,4576,30,0
2026-03-24 07:00:00+00:00,4333.21,4345.35,4319.62,4335.08,6247,30,0
2026-03-24 07:15:00+00:00,4335.07,4346.63,4333.79,4335.04,6091,30,0
2026-03-24 07:30:00+00:00,4334.68,4373.97,4320.76,4358.15,7836,31,0
2026-03-24 07:45:00+00:00,4358.11,4368.77,4343.44,4347.18,7197,30,0
2026-03-24 08:00:00+00:00,4347.09,4375.42,4342.71,4366.37,7311,30,0
2026-03-24 08:15:00+00:00,4366.35,4396.76,4358.64,4386.92,7146,30,0
2026-03-24 08:30:00+00:00,4386.7,4397.13,4374.41,4377.36,7306,30,0
2026-03-24 08:45:00+00:00,4377.31,4404.88,4373.06,4401.88,6955,30,0
2026-03-24 09:00:00+00:00,4401.74,4425.25,4399.6,4424.46,7270,30,0
2026-03-24 09:15:00+00:00,4424.47,4424.93,4405.89,4412.38,6976,30,0
2026-03-24 09:30:00+00:00,4412.39,4412.39,4399.78,4408.44,6084,30,0
2026-03-24 09:45:00+00:00,4408.14,4432.41,4401.64,4417.12,6476,30,0
2026-03-24 10:00:00+00:00,4417.0,4420.73,4402.06,4414.37,7196,30,0
2026-03-24 10:15:00+00:00,4414.29,4417.38,4391.06,4396.32,6831,30,0
2026-03-24 10:30:00+00:00,4396.31,4405.57,4391.5,4400.29,6073,30,0
2026-03-24 10:45:00+00:00,4400.28,4414.2,4398.32,4411.83,6648,30,0
2026-03-24 11:00:00+00:00,4412.04,4419.05,4397.28,4398.88,6426,30,0
2026-03-24 11:15:00+00:00,4398.94,4414.87,4395.91,4407.05,5404,30,0
2026-03-24 11:30:00+00:00,4407.06,4421.01,4404.96,4415.77,5290,30,0
2026-03-24 11:45:00+00:00,4415.84,4430.6,4411.99,4426.16,5034,30,0
2026-03-24 12:00:00+00:00,4426.2,4430.95,4415.05,4425.89,5550,30,0
2026-03-24 12:15:00+00:00,4425.9,4432.65,4421.28,4422.09,4933,30,0
2026-03-24 12:30:00+00:00,4422.04,4427.86,4414.52,4427.31,5520,33,0
2026-03-24 12:45:00+00:00,4427.52,4441.53,4418.74,4438.58,6057,37,0
2026-03-24 13:00:00+00:00,4438.54,4441.89,4374.95,4419.31,7715,30,0
2026-03-24 13:15:00+00:00,4419.16,4420.47,4403.22,4412.91,6507,30,0
2026-03-24 13:30:00+00:00,4412.75,4431.39,4411.23,4421.7,5668,30,0
2026-03-24 13:45:00+00:00,4421.85,4427.43,4390.54,4407.78,6630,30,0
2026-03-24 14:00:00+00:00,4407.79,4422.32,4404.68,4420.27,6669,30,0
2026-03-24 14:15:00+00:00,4420.26,4427.24,4395.66,4402.15,6621,30,0
2026-03-24 14:30:00+00:00,4402.34,4406.38,4362.18,4369.51,7550,30,0
2026-03-24 14:45:00+00:00,4369.54,4390.45,4368.91,4378.96,6990,30,0
2026-03-24 15:00:00+00:00,4378.97,4389.74,4363.98,4378.09,7847,30,0
2026-03-24 15:15:00+00:00,4378.1,4384.12,4356.49,4356.49,7314,30,0
2026-03-24 15:30:00+00:00,4356.03,4370.55,4351.26,4356.55,8135,30,0
2026-03-24 15:45:00+00:00,4356.59,4383.31,4351.34,4381.32,8066,30,0
2026-03-24 16:00:00+00:00,4381.3,4404.37,4380.53,4395.0,7891,30,0
2026-03-24 16:15:00+00:00,4394.94,4414.63,4388.73,4408.78,7761,30,0
2026-03-24 16:30:00+00:00,4408.86,4420.47,4400.34,4412.18,7875,36,0
2026-03-24 16:45:00+00:00,4412.22,4433.52,4401.14,4415.69,8341,30,0
2026-03-24 17:00:00+00:00,4415.84,4420.49,4396.16,4411.27,7916,30,0
2026-03-24 17:15:00+00:00,4411.03,4420.23,4402.93,4412.7,6442,30,0
2026-03-24 17:30:00+00:00,4412.68,4428.69,4409.83,4424.43,5791,50,0
2026-03-24 17:45:00+00:00,4424.33,4430.88,4409.1,4411.45,5909,30,0
2026-03-24 18:00:00+00:00,4411.49,4414.26,4402.38,4414.16,5566,30,0
2026-03-24 18:15:00+00:00,4414.22,4425.4,4411.48,4420.92,4922,36,0
2026-03-24 18:30:00+00:00,4420.91,4424.32,4408.54,4424.32,4819,48,0
2026-03-24 18:45:00+00:00,4424.15,4427.34,4418.23,4421.03,4796,50,0
2026-03-24 19:00:00+00:00,4420.96,4426.1,4388.13,4397.38,7036,30,0
2026-03-24 19:15:00+00:00,4397.35,4405.66,4393.95,4399.76,6902,30,0
2026-03-24 19:30:00+00:00,4398.88,4398.88,4374.8,4377.99,6084,30,0
2026-03-24 19:45:00+00:00,4378.04,4394.32,4372.11,4388.34,6118,30,0
2026-03-24 20:00:00+00:00,4388.41,4393.79,4383.86,4389.57,6804,30,0
2026-03-24 20:15:00+00:00,4389.47,4409.77,4387.26,4407.21,6996,50,0
2026-03-24 20:30:00+00:00,4407.27,4423.3,4394.57,4399.89,6542,30,0
2026-03-24 20:45:00+00:00,4399.84,4401.59,4384.17,4389.33,5384,30,0
2026-03-24 21:00:00+00:00,4389.05,4405.74,4388.35,4404.29,4028,33,0
2026-03-24 21:15:00+00:00,4404.26,4411.12,4399.84,4407.15,3907,30,0
2026-03-24 21:30:00+00:00,4407.09,4407.37,4395.09,4401.07,4069,51,0
2026-03-24 21:45:00+00:00,4401.21,4404.22,4396.51,4400.15,4053,30,0
2026-03-24 22:00:00+00:00,4399.69,4404.1,4397.16,4400.59,1794,30,0
2026-03-24 22:15:00+00:00,4400.63,4484.09,4398.91,4455.48,5830,30,0
2026-03-24 22:30:00+00:00,4455.41,4472.79,4447.11,4459.53,6776,30,0
2026-03-24 22:45:00+00:00,4459.9,4481.66,4456.22,4474.3,4506,53,0
2026-03-25 00:00:00+00:00,4471.88,4485.59,4468.12,4483.26,2840,51,0
2026-03-25 00:15:00+00:00,4483.21,4484.9,4467.97,4470.1,3208,30,0
2026-03-25 00:30:00+00:00,4470.09,4471.1,4455.77,4468.57,2980,46,0
2026-03-25 00:45:00+00:00,4468.58,4484.4,4466.85,4484.31,2944,50,0
2026-03-25 01:00:00+00:00,4484.26,4484.8,4472.36,4484.55,2439,30,0
2026-03-25 01:15:00+00:00,4484.3,4509.8,4483.09,4509.78,3420,46,0
2026-03-25 01:30:00+00:00,4509.68,4546.15,4504.33,4539.6,4532,30,0
2026-03-25 01:45:00+00:00,4539.37,4551.27,4532.01,4546.43,4587,31,0
2026-03-25 02:00:00+00:00,4546.32,4554.54,4537.42,4550.18,4382,30,0
2026-03-25 02:15:00+00:00,4550.07,4556.65,4538.69,4553.47,3252,30,0
2026-03-25 02:30:00+00:00,4553.67,4569.84,4546.44,4567.53,4569,30,0
2026-03-25 02:45:00+00:00,4567.61,4571.8,4561.8,4563.06,3286,30,0
2026-03-25 03:00:00+00:00,4563.1,4578.51,4552.23,4570.38,6421,50,0
2026-03-25 03:15:00+00:00,4570.34,4578.42,4567.96,4575.34,5160,30,0
2026-03-25 03:30:00+00:00,4575.36,4591.03,4574.18,4584.85,5254,30,0
2026-03-25 03:45:00+00:00,4584.82,4600.92,4583.42,4594.82,4801,52,0
2026-03-25 04:00:00+00:00,4594.87,4596.18,4579.78,4585.37,5333,41,0
2026-03-25 04:15:00+00:00,4585.27,4592.54,4584.54,4587.08,3300,52,0
2026-03-25 04:30:00+00:00,4587.0,4597.01,4581.09,4593.24,4507,51,0
2026-03-25 04:45:00+00:00,4593.36,4602.2,4581.67,4583.66,4723,30,0
2026-03-25 05:00:00+00:00,4583.59,4586.16,4573.09,4576.49,4280,50,0
2026-03-25 05:15:00+00:00,4576.58,4579.4,4571.85,4575.3,3774,30,0
2026-03-25 05:30:00+00:00,4575.37,4577.77,4569.67,4569.82,2696,53,0
2026-03-25 05:45:00+00:00,4569.9,4573.94,4567.51,4569.92,2710,37,0
2026-03-25 06:00:00+00:00,4569.93,4574.38,4565.52,4573.77,2113,51,0
2026-03-25 06:15:00+00:00,4573.81,4574.47,4570.98,4574.11,1707,32,0
2026-03-25 06:30:00+00:00,4574.01,4574.34,4566.07,4569.5,1659,51,0
2026-03-25 06:45:00+00:00,4569.47,4573.76,4568.02,4572.41,1297,30,0
2026-03-25 07:00:00+00:00,4572.74,4573.12,4566.65,4571.4,2072,50,0
2026-03-25 07:15:00+00:00,4571.46,4571.61,4553.69,4554.58,2703,31,0
2026-03-25 07:30:00+00:00,4554.4,4566.68,4549.37,4566.5,4516,38,0
2026-03-25 07:45:00+00:00,4566.38,4566.65,4553.59,4555.55,3269,43,0
2026-03-25 08:00:00+00:00,4555.51,4556.75,4532.98,4534.36,3905,51,0
2026-03-25 08:15:00+00:00,4534.19,4552.42,4534.19,4550.37,3819,30,0
2026-03-25 08:30:00+00:00,4550.48,4556.4,4543.89,4546.44,3270,30,0
2026-03-25 08:45:00+00:00,4546.45,4550.59,4543.04,4545.08,3242,30,0
2026-03-25 09:00:00+00:00,4545.07,4558.97,4544.49,4556.38,2729,30,0
2026-03-25 09:15:00+00:00,4556.47,4562.98,4555.82,4560.9,3122,30,0
2026-03-25 09:30:00+00:00,4560.97,4560.97,4542.7,4546.82,2947,30,0
2026-03-25 09:45:00+00:00,4546.75,4549.82,4536.94,4539.25,3023,35,0
2026-03-25 10:00:00+00:00,4539.23,4558.81,4535.74,4558.14,3686,30,0
2026-03-25 10:15:00+00:00,4558.31,4567.64,4556.96,4565.42,3661,38,0
2026-03-25 10:30:00+00:00,4565.25,4567.21,4553.19,4565.05,3626,30,0
2026-03-25 10:45:00+00:00,4565.18,4566.93,4554.95,4555.97,3218,30,0
2026-03-25 11:00:00+00:00,4555.95,4567.36,4554.15,4562.01,2679,36,0
2026-03-25 11:15:00+00:00,4562.04,4565.92,4554.65,4558.31,2779,45,0
2026-03-25 11:30:00+00:00,4558.12,4560.15,4549.29,4550.47,2912,37,0
2026-03-25 11:45:00+00:00,4550.51,4555.29,4527.67,4551.65,4614,30,0
2026-03-25 12:00:00+00:00,4551.64,4560.59,4551.08,4554.9,3312,30,0
2026-03-25 12:15:00+00:00,4554.61,4557.94,4551.35,4555.13,1609,30,0
2026-03-25 12:30:00+00:00,4555.17,4558.63,4551.0,4552.1,2670,30,0
2026-03-25 12:45:00+00:00,4552.08,4562.19,4551.67,4558.69,2596,51,0
2026-03-25 13:00:00+00:00,4558.63,4568.66,4555.91,4567.5,2921,33,0
2026-03-25 13:15:00+00:00,4567.54,4582.75,4564.25,4579.66,3144,38,0
2026-03-25 13:30:00+00:00,4579.68,4585.81,4579.68,4583.43,2908,34,0
2026-03-25 13:45:00+00:00,4583.61,4583.73,4572.33,4578.86,3765,30,0
2026-03-25 14:00:00+00:00,4578.78,4583.45,4572.76,4577.57,3937,30,0
2026-03-25 14:15:00+00:00,4577.68,4578.91,4539.96,4544.9,6134,30,0
2026-03-25 14:30:00+00:00,4544.83,4554.38,4521.61,4547.25,5806,30,0
2026-03-25 14:45:00+00:00,4547.06,4552.23,4535.95,4543.84,4235,30,0
2026-03-25 15:00:00+00:00,4543.96,4571.01,4540.99,4559.11,5977,30,0
2026-03-25 15:15:00+00:00,4559.22,4570.25,4551.29,4569.04,4945,30,0
2026-03-25 15:30:00+00:00,4569.13,4576.4,4556.54,4561.24,7879,30,0
2026-03-25 15:45:00+00:00,4561.02,4563.7,4540.71,4544.64,7294,40,0
2026-03-25 16:00:00+00:00,4544.74,4555.04,4532.81,4553.35,7010,30,0
2026-03-25 16:15:00+00:00,4553.37,4562.52,4545.99,4562.52,6375,30,0
2026-03-25 16:30:00+00:00,4562.67,4568.86,4557.25,4565.29,6023,30,0
2026-03-25 16:45:00+00:00,4565.64,4579.05,4563.83,4567.01,5500,30,0
2026-03-25 17:00:00+00:00,4567.06,4568.88,4549.59,4549.8,4760,30,0
2026-03-25 17:15:00+00:00,4549.77,4561.61,4524.88,4560.53,6446,30,0
2026-03-25 17:30:00+00:00,4560.48,4564.77,4555.28,4557.04,5533,30,0
2026-03-25 17:45:00+00:00,4557.07,4565.71,4553.45,4558.86,4923,30,0
2026-03-25 18:00:00+00:00,4558.81,4564.62,4552.49,4553.56,4532,32,0
2026-03-25 18:15:00+00:00,4553.6,4560.29,4545.07,4555.34,4717,38,0
2026-03-25 18:30:00+00:00,4554.76,4560.74,4551.08,4555.77,4360,50,0
2026-03-25 18:45:00+00:00,4555.75,4558.97,4549.71,4555.14,3173,50,0
2026-03-25 19:00:00+00:00,4555.06,4557.63,4543.26,4550.92,4147,30,0
2026-03-25 19:15:00+00:00,4551.1,4558.09,4542.63,4553.31,4204,30,0
2026-03-25 19:30:00+00:00,4553.6,4563.81,4550.22,4560.29,3664,30,0
2026-03-25 19:45:00+00:00,4560.32,4561.86,4545.57,4550.58,3247,30,0
2026-03-25 20:00:00+00:00,4550.51,4568.72,4545.27,4551.1,4430,30,0
2026-03-25 20:15:00+00:00,4550.99,4556.37,4546.06,4551.76,3867,33,0
2026-03-25 20:30:00+00:00,4551.69,4557.62,4546.91,4549.06,2689,30,0
2026-03-25 20:45:00+00:00,4548.98,4549.4,4530.7,4537.95,3592,30,0
2026-03-25 21:00:00+00:00,4537.98,4539.34,4486.99,4508.93,5583,30,0
2026-03-25 21:15:00+00:00,4508.95,4518.5,4502.7,4513.11,4989,30,0
2026-03-25 21:30:00+00:00,4512.84,4527.1,4506.18,4522.28,3647,30,0
2026-03-25 21:45:00+00:00,4522.24,4533.49,4513.47,4530.75,3445,30,0
2026-03-25 22:00:00+00:00,4530.61,4541.92,4522.86,4529.15,2757,37,0
2026-03-25 22:15:00+00:00,4529.12,4533.74,4522.23,4523.25,1883,54,0
2026-03-25 22:30:00+00:00,4523.28,4524.69,4494.68,4504.24,2844,30,0
2026-03-25 22:45:00+00:00,4504.26,4507.25,4501.34,4506.31,1973,55,0
2026-03-26 00:00:00+00:00,4510.74,4532.28,4508.97,4512.39,3390,54,0
2026-03-26 00:15:00+00:00,4512.4,4519.9,4505.51,4511.64,2537,51,0
2026-03-26 00:30:00+00:00,4511.65,4534.5,4508.03,4532.01,2309,30,0
2026-03-26 00:45:00+00:00,4532.0,4533.07,4512.39,4517.53,2727,30,0
2026-03-26 01:00:00+00:00,4517.7,4518.36,4497.55,4508.65,2461,38,0
2026-03-26 01:15:00+00:00,4508.63,4512.62,4497.12,4505.39,1947,50,0
2026-03-26 01:30:00+00:00,4505.38,4510.97,4488.88,4494.72,2700,47,0
2026-03-26 01:45:00+00:00,4494.74,4499.78,4491.26,4498.19,2601,52,0
2026-03-26 02:00:00+00:00,4498.18,4527.69,4498.05,4527.52,3459,30,0
2026-03-26 02:15:00+00:00,4527.55,4535.37,4524.13,4525.36,2671,30,0
2026-03-26 02:30:00+00:00,4525.32,4532.35,4524.67,4527.67,1772,30,0
2026-03-26 02:45:00+00:00,4527.76,4538.97,4527.22,4535.43,2070,39,0
2026-03-26 03:00:00+00:00,4535.32,4543.86,4531.13,4538.18,3929,50,0
2026-03-26 03:15:00+00:00,4538.24,4538.44,4526.68,4534.24,2881,39,0
2026-03-26 03:30:00+00:00,4534.19,4537.62,4525.97,4530.06,2366,40,0
2026-03-26 03:45:00+00:00,4530.1,4535.9,4522.25,4535.2,3175,30,0
2026-03-26 04:00:00+00:00,4535.29,4535.58,4527.49,4531.08,2750,52,0
2026-03-26 04:15:00+00:00,4531.09,4532.8,4524.78,4528.04,2074,46,0
2026-03-26 04:30:00+00:00,4527.43,4530.42,4511.81,4519.48,3240,49,0
2026-03-26 04:45:00+00:00,4519.29,4521.1,4505.66,4508.91,3013,43,0
2026-03-26 05:00:00+00:00,4508.86,4511.56,4501.72,4511.25,3085,30,0
2026-03-26 05:15:00+00:00,4511.2,4513.67,4499.77,4506.56,2911,30,0
2026-03-26 05:30:00+00:00,4506.55,4518.79,4506.35,4515.61,1828,31,0
2026-03-26 05:45:00+00:00,4515.6,4516.88,4510.36,4516.6,1160,50,0
2026-03-26 06:00:00+00:00,4516.72,4518.93,4511.64,4518.28,1505,48,0
2026-03-26 06:15:00+00:00,4518.29,4522.02,4515.94,4520.85,1504,43,0
2026-03-26 06:30:00+00:00,4520.86,4522.46,4516.62,4518.0,1184,30,0
2026-03-26 06:45:00+00:00,4517.97,4524.33,4517.9,4520.35,1708,30,0
2026-03-26 07:00:00+00:00,4520.37,4522.2,4507.55,4508.44,2375,30,0
2026-03-26 07:15:00+00:00,4508.45,4511.07,4489.19,4493.51,2684,30,0
2026-03-26 07:30:00+00:00,4493.52,4495.66,4479.9,4483.07,5052,30,0
2026-03-26 07:45:00+00:00,4483.0,4484.16,4438.5,4438.71,5935,33,0
2026-03-26 08:00:00+00:00,4438.76,4450.63,4418.46,4420.78,6745,30,0
2026-03-26 08:15:00+00:00,4421.16,4441.12,4415.69,4439.99,5683,30,0
2026-03-26 08:30:00+00:00,4440.01,4447.77,4430.43,4447.28,4684,30,0
2026-03-26 08:45:00+00:00,4447.49,4459.36,4444.03,4456.03,4711,43,0
2026-03-26 09:00:00+00:00,4456.01,4460.53,4442.91,4447.6,4406,39,0
2026-03-26 09:15:00+00:00,4447.7,4451.53,4438.87,4448.5,3635,30,0
2026-03-26 09:30:00+00:00,4448.0,4463.6,4447.55,4460.2,3909,30,0
2026-03-26 09:45:00+00:00,4460.24,4462.85,4450.35,4452.63,4002,42,0
2026-03-26 10:00:00+00:00,4452.24,4459.11,4440.09,4445.02,4725,30,0
2026-03-26 10:15:00+00:00,4445.01,4447.25,4425.11,4428.21,5072,30,0
2026-03-26 10:30:00+00:00,4428.24,4438.15,4412.32,4419.48,5256,36,0
2026-03-26 10:45:00+00:00,4419.53,4439.74,4418.27,4427.52,4824,30,0
2026-03-26 11:00:00+00:00,4427.38,4434.56,4418.22,4430.53,4460,30,0
2026-03-26 11:15:00+00:00,4430.51,4436.88,4425.04,4432.06,3739,30,0
2026-03-26 11:30:00+00:00,4432.09,4432.09,4414.4,4423.99,4484,39,0
2026-03-26 11:45:00+00:00,4423.96,4427.85,4416.95,4423.61,3503,30,0
2026-03-26 12:00:00+00:00,4423.6,4428.83,4417.1,4424.82,3168,30,0
2026-03-26 12:15:00+00:00,4424.8,4447.95,4424.48,4441.81,3525,44,0
2026-03-26 12:30:00+00:00,4441.63,4444.18,4423.47,4428.59,3812,30,0
2026-03-26 12:45:00+00:00,4428.51,4447.26,4425.31,4443.5,3645,30,0
2026-03-26 13:00:00+00:00,4443.46,4448.41,4440.11,4441.73,3332,30,0
2026-03-26 13:15:00+00:00,4441.77,4456.42,4439.38,4443.1,3570,30,0
2026-03-26 13:30:00+00:00,4443.15,4451.68,4437.88,4440.58,3959,30,0
2026-03-26 13:45:00+00:00,4440.62,4442.5,4418.92,4422.96,4503,30,0
2026-03-26 14:00:00+00:00,4423.31,4445.5,4416.42,4441.76,4899,30,0
2026-03-26 14:15:00+00:00,4441.78,4445.2,4433.59,4438.34,3558,30,0
2026-03-26 14:30:00+00:00,4438.21,4444.73,4431.98,4435.78,4023,30,0
2026-03-26 14:45:00+00:00,4436.37,4442.91,4428.22,4429.39,4081,30,0
2026-03-26 15:00:00+00:00,4429.26,4445.31,4419.96,4438.38,5644,30,0
2026-03-26 15:15:00+00:00,4438.47,4453.59,4434.24,4448.0,4461,30,0
2026-03-26 15:30:00+00:00,4447.74,4453.53,4429.18,4453.53,6997,30,0
2026-03-26 15:45:00+00:00,4453.78,4460.43,4436.72,4452.46,6770,30,0
2026-03-26 16:00:00+00:00,4452.5,4456.18,4437.23,4446.45,6527,30,0
2026-03-26 16:15:00+00:00,4446.13,4469.56,4443.94,4459.04,5676,30,0
2026-03-26 16:30:00+00:00,4458.77,4479.18,4458.19,4459.87,6742,30,0
2026-03-26 16:45:00+00:00,4459.92,4469.27,4445.64,4464.77,6867,30,0
2026-03-26 17:00:00+00:00,4464.79,4468.84,4450.71,4455.33,5780,30,0
2026-03-26 17:15:00+00:00,4455.41,4458.18,4448.77,4454.24,5061,30,0
2026-03-26 17:30:00+00:00,4454.32,4454.32,4436.45,4439.89,5132,30,0
2026-03-26 17:45:00+00:00,4439.78,4446.55,4434.01,4438.18,5383,30,0
2026-03-26 18:00:00+00:00,4438.08,4442.62,4425.94,4439.87,4713,30,0
2026-03-26 18:15:00+00:00,4439.58,4439.77,4387.05,4396.49,6368,30,0
2026-03-26 18:30:00+00:00,4396.42,4396.42,4366.67,4381.12,7214,30,0
2026-03-26 18:45:00+00:00,4381.13,4392.28,4378.44,4389.07,5314,30,0
2026-03-26 19:00:00+00:00,4389.01,4402.6,4384.97,4394.66,5024,30,0
2026-03-26 19:15:00+00:00,4394.63,4397.47,4377.2,4382.95,4799,30,0
2026-03-26 19:30:00+00:00,4383.66,4392.72,4377.49,4385.57,4332,30,0
2026-03-26 19:45:00+00:00,4385.51,4390.83,4379.34,4381.43,3960,30,0
2026-03-26 20:00:00+00:00,4381.35,4390.44,4380.01,4388.13,4105,30,0
2026-03-26 20:15:00+00:00,4388.12,4388.17,4367.55,4374.05,4164,30,0
2026-03-26 20:30:00+00:00,4374.17,4395.57,4373.27,4393.16,3413,30,0
2026-03-26 20:45:00+00:00,4393.11,4397.66,4390.59,4394.35,3049,30,0
2026-03-26 21:00:00+00:00,4394.3,4399.16,4382.02,4387.83,2727,30,0
2026-03-26 21:15:00+00:00,4387.78,4392.17,4378.27,4380.49,2705,30,0
2026-03-26 21:30:00+00:00,4381.0,4388.1,4374.97,4378.69,3191,30,0
2026-03-26 21:45:00+00:00,4378.75,4379.9,4358.92,4363.68,5289,30,0
2026-03-26 22:00:00+00:00,4363.96,4413.29,4350.91,4396.82,4066,30,0
2026-03-26 22:15:00+00:00,4396.85,4416.01,4380.0,4404.36,7010,30,0
2026-03-26 22:30:00+00:00,4404.47,4420.55,4397.58,4405.71,4200,30,0
2026-03-26 22:45:00+00:00,4406.43,4409.5,4372.61,4377.98,4175,51,0
2026-03-27 00:00:00+00:00,4378.21,4404.27,4376.61,4401.22,2968,30,0
2026-03-27 00:15:00+00:00,4400.85,4407.49,4394.87,4398.37,1846,30,0
2026-03-27 00:30:00+00:00,4398.32,4415.37,4395.27,4407.17,1426,30,0
2026-03-27 00:45:00+00:00,4406.95,4413.0,4399.95,4411.17,1332,50,0
2026-03-27 01:00:00+00:00,4411.02,4414.22,4390.02,4393.07,1815,55,0
2026-03-27 01:15:00+00:00,4392.62,4401.15,4391.23,4399.2,1307,55,0
2026-03-27 01:30:00+00:00,4398.93,4408.15,4395.97,4400.11,2080,52,0
2026-03-27 01:45:00+00:00,4400.12,4405.87,4396.32,4405.13,1411,50,0
2026-03-27 02:00:00+00:00,4405.17,4411.09,4403.16,4403.93,2251,50,0
2026-03-27 02:15:00+00:00,4403.92,4404.67,4382.53,4391.06,3226,51,0
2026-03-27 02:30:00+00:00,4391.03,4396.31,4387.05,4390.73,3089,50,0
2026-03-27 02:45:00+00:00,4390.74,4390.97,4375.15,4378.27,3568,51,0
2026-03-27 03:00:00+00:00,4378.4,4399.43,4377.07,4393.7,5150,50,0
2026-03-27 03:15:00+00:00,4393.75,4406.53,4391.2,4406.44,4293,51,0
2026-03-27 03:30:00+00:00,4406.43,4420.04,4403.4,4419.31,3791,50,0
2026-03-27 03:45:00+00:00,4419.35,4420.47,4411.93,4417.03,3006,31,0
2026-03-27 04:00:00+00:00,4417.08,4439.62,4416.77,4434.91,4332,31,0
2026-03-27 04:15:00+00:00,4434.96,4436.16,4425.9,4430.58,2230,50,0
2026-03-27 04:30:00+00:00,4430.62,4434.11,4424.61,4429.26,3280,37,0
2026-03-27 04:45:00+00:00,4429.31,4440.43,4428.11,4432.04,2495,30,0
2026-03-27 05:00:00+00:00,4432.07,4435.59,4421.19,4429.49,2913,32,0
2026-03-27 05:15:00+00:00,4429.53,4436.77,4427.78,4435.01,2079,30,0
2026-03-27 05:30:00+00:00,4434.94,4445.99,4430.48,4435.61,2272,30,0
2026-03-27 05:45:00+00:00,4435.62,4438.41,4432.66,4437.45,1417,44,0
2026-03-27 06:00:00+00:00,4437.48,4439.71,4432.34,4433.75,1240,30,0
2026-03-27 06:15:00+00:00,4433.74,4437.08,4431.54,4433.97,1076,50,0
2026-03-27 06:30:00+00:00,4434.43,4442.0,4433.7,4441.23,1173,50,0
2026-03-27 06:45:00+00:00,4441.25,4449.41,4440.24,4445.94,1517,43,0
2026-03-27 07:00:00+00:00,4445.95,4447.38,4441.87,4443.58,1777,39,0
2026-03-27 07:15:00+00:00,4443.59,4446.82,4440.36,4443.24,1450,30,0
2026-03-27 07:30:00+00:00,4443.25,4475.23,4442.73,4465.71,5016,47,0
2026-03-27 07:45:00+00:00,4465.68,4468.61,4453.32,4454.28,3724,51,0
2026-03-27 08:00:00+00:00,4454.22,4472.76,4451.52,4471.22,4146,30,0
2026-03-27 08:15:00+00:00,4470.59,4471.16,4456.87,4463.51,3587,30,0
2026-03-27 08:30:00+00:00,4463.4,4468.46,4460.45,4464.73,2257,30,0
2026-03-27 08:45:00+00:00,4464.69,4465.36,4454.57,4459.15,2535,30,0
2026-03-27 09:00:00+00:00,4459.09,4462.94,4447.83,4455.02,3076,30,0
2026-03-27 09:15:00+00:00,4455.04,4457.14,4450.33,4452.29,2086,30,0
2026-03-27 09:30:00+00:00,4452.27,4455.69,4446.54,4448.41,2477,49,0
2026-03-27 09:45:00+00:00,4448.26,4453.09,4442.95,4447.56,2130,35,0
2026-03-27 10:00:00+00:00,4447.57,4450.9,4442.8,4446.91,3510,50,0
2026-03-27 10:15:00+00:00,4446.86,4447.06,4430.38,4433.72,3744,30,0
2026-03-27 10:30:00+00:00,4433.75,4439.93,4428.86,4434.72,3238,30,0
2026-03-27 10:45:00+00:00,4434.74,4438.47,4423.65,4424.06,3153,30,0
2026-03-27 11:00:00+00:00,4424.0,4431.03,4420.67,4429.55,3640,50,0
2026-03-27 11:15:00+00:00,4429.49,4436.06,4428.57,4434.41,2866,33,0
2026-03-27 11:30:00+00:00,4434.42,4438.07,4429.8,4432.44,2491,43,0
2026-03-27 11:45:00+00:00,4432.43,4432.78,4426.91,4428.79,2552,35,0
2026-03-27 12:00:00+00:00,4428.78,4432.86,4423.97,4425.55,2912,33,0
2026-03-27 12:15:00+00:00,4425.57,4431.28,4423.53,4428.92,2210,50,0
2026-03-27 12:30:00+00:00,4428.73,4429.93,4412.39,4415.81,3232,30,0
2026-03-27 12:45:00+00:00,4415.57,4418.8,4410.93,4414.69,3018,41,0
2026-03-27 13:00:00+00:00,4414.77,4417.18,4404.23,4412.85,3739,30,0
2026-03-27 13:15:00+00:00,4412.89,4417.01,4407.73,4415.03,3028,48,0
2026-03-27 13:30:00+00:00,4415.09,4421.32,4413.58,4421.32,2873,30,0
2026-03-27 13:45:00+00:00,4421.35,4425.93,4415.56,4419.88,2985,30,0
2026-03-27 14:00:00+00:00,4419.86,4426.61,4412.4,4424.64,3816,34,0
2026-03-27 14:15:00+00:00,4424.73,4434.18,4416.79,4429.28,4086,30,0
2026-03-27 14:30:00+00:00,4429.51,4437.09,4424.46,4433.55,2841,30,0
2026-03-27 14:45:00+00:00,4433.62,4445.02,4433.62,4437.79,2733,31,0
2026-03-27 15:00:00+00:00,4437.91,4443.63,4423.84,4428.71,3594,30,0
2026-03-27 15:15:00+00:00,4428.66,4441.51,4418.4,4422.24,3518,30,0
2026-03-27 15:30:00+00:00,4421.94,4430.87,4413.51,4428.64,5146,30,0
2026-03-27 15:45:00+00:00,4428.75,4441.43,4421.08,4431.32,5046,30,0
2026-03-27 16:00:00+00:00,4430.95,4463.34,4430.33,4459.93,6326,30,0
2026-03-27 16:15:00+00:00,4459.74,4469.77,4452.14,4455.17,5861,30,0
2026-03-27 16:30:00+00:00,4454.52,4463.92,4451.79,4463.71,5992,30,0
2026-03-27 16:45:00+00:00,4463.69,4514.46,4463.6,4509.59,6531,30,0
2026-03-27 17:00:00+00:00,4509.64,4533.85,4501.71,4525.22,6738,30,0
2026-03-27 17:15:00+00:00,4525.19,4555.22,4520.79,4543.33,7044,30,0
2026-03-27 17:30:00+00:00,4543.48,4552.5,4526.03,4531.63,6717,30,0
2026-03-27 17:45:00+00:00,4531.67,4536.1,4520.39,4523.9,5333,30,0
2026-03-27 18:00:00+00:00,4524.13,4532.75,4517.84,4528.1,5398,30,0
2026-03-27 18:15:00+00:00,4528.11,4533.56,4524.54,4528.27,3500,30,0
2026-03-27 18:30:00+00:00,4528.22,4528.59,4505.4,4511.06,4084,30,0
2026-03-27 18:45:00+00:00,4510.96,4521.22,4507.14,4516.05,3718,30,0
2026-03-27 19:00:00+00:00,4516.11,4522.01,4506.05,4510.85,4185,30,0
2026-03-27 19:15:00+00:00,4510.84,4511.51,4486.76,4493.95,6209,30,0
2026-03-27 19:30:00+00:00,4492.2,4499.93,4486.22,4490.22,5825,33,0
2026-03-27 19:45:00+00:00,4490.27,4499.49,4486.31,4486.31,5036,30,0
2026-03-27 20:00:00+00:00,4486.5,4498.73,4486.39,4498.42,5052,30,0
2026-03-27 20:15:00+00:00,4498.39,4511.23,4498.35,4509.15,5049,32,0
2026-03-27 20:30:00+00:00,4509.24,4528.52,4508.48,4525.57,4600,30,0
2026-03-27 20:45:00+00:00,4525.53,4525.77,4513.54,4516.77,3423,30,0
2026-03-27 21:00:00+00:00,4516.7,4519.17,4507.12,4511.08,4290,30,0
2026-03-27 21:15:00+00:00,4510.95,4523.94,4509.96,4522.82,4735,30,0
2026-03-27 21:30:00+00:00,4522.93,4526.14,4500.67,4509.77,4764,32,0
2026-03-27 21:45:00+00:00,4509.76,4522.32,4503.13,4514.33,5081,42,0
2026-03-27 22:00:00+00:00,4514.25,4520.11,4506.58,4509.83,2012,30,0
2026-03-27 22:15:00+00:00,4510.08,4510.48,4504.12,4506.46,1325,30,0
2026-03-27 22:30:00+00:00,4506.03,4512.18,4497.95,4505.03,1065,32,0
2026-03-27 22:45:00+00:00,4504.78,4504.93,4490.39,4495.1,1295,42,0
2026-03-30 01:00:00+00:00,4492.98,4513.76,4467.89,4495.83,3844,30,0
2026-03-30 01:15:00+00:00,4496.03,4511.38,4489.72,4507.89,2534,41,0
2026-03-30 01:30:00+00:00,4508.09,4512.72,4490.55,4493.32,2640,55,0
2026-03-30 01:45:00+00:00,4493.17,4496.97,4480.96,4484.8,2480,53,0
2026-03-30 02:00:00+00:00,4484.8,4492.64,4464.9,4478.29,2957,49,0
2026-03-30 02:15:00+00:00,4478.3,4484.35,4471.47,4472.11,2565,33,0
2026-03-30 02:30:00+00:00,4472.06,4472.06,4445.33,4452.14,5969,30,0
2026-03-30 02:45:00+00:00,4452.15,4455.66,4443.74,4448.58,6454,49,0
2026-03-30 03:00:00+00:00,4448.87,4451.28,4419.53,4425.86,7457,30,0
2026-03-30 03:15:00+00:00,4425.75,4466.61,4422.76,4449.01,7988,30,0
2026-03-30 03:30:00+00:00,4449.05,4458.93,4435.22,4438.18,6947,30,0
2026-03-30 03:45:00+00:00,4438.15,4442.44,4430.26,4432.09,6325,30,0
2026-03-30 04:00:00+00:00,4432.05,4461.56,4431.6,4459.87,7303,30,0
2026-03-30 04:15:00+00:00,4459.83,4466.24,4445.37,4448.27,7470,30,0
2026-03-30 04:30:00+00:00,4448.28,4475.54,4445.0,4471.06,7694,30,0
2026-03-30 04:45:00+00:00,4471.21,4474.88,4461.21,4469.36,6368,30,0
2026-03-30 05:00:00+00:00,4469.19,4474.28,4465.09,4472.3,6045,33,0
2026-03-30 05:15:00+00:00,4472.29,4474.01,4466.18,4472.65,4530,30,0
2026-03-30 05:30:00+00:00,4472.66,4499.17,4458.7,4494.61,6955,30,0
2026-03-30 05:45:00+00:00,4494.59,4496.05,4478.55,4481.0,5939,30,0
2026-03-30 06:00:00+00:00,4480.95,4508.61,4478.57,4504.4,6705,30,0
2026-03-30 06:15:00+00:00,4504.37,4517.23,4503.55,4506.93,5640,30,0
2026-03-30 06:30:00+00:00,4506.92,4507.53,4499.44,4503.29,3900,30,0
2026-03-30 06:45:00+00:00,4503.26,4507.19,4494.3,4495.86,3824,30,0
2026-03-30 07:00:00+00:00,4495.87,4498.52,4486.73,4487.42,4448,30,0
2026-03-30 07:15:00+00:00,4487.4,4495.24,4487.09,4490.4,3253,43,0
2026-03-30 07:30:00+00:00,4490.39,4491.0,4486.13,4488.15,2603,30,0
2026-03-30 07:45:00+00:00,4488.16,4498.54,4486.79,4496.57,3169,30,0
2026-03-30 08:00:00+00:00,4496.6,4507.8,4496.6,4504.63,5234,40,0
2026-03-30 08:15:00+00:00,4504.62,4515.67,4503.98,4505.17,3785,30,0
2026-03-30 08:30:00+00:00,4505.15,4515.0,4503.6,4510.36,5843,30,0
2026-03-30 08:45:00+00:00,4510.46,4528.29,4509.98,4522.31,5743,30,0
2026-03-30 09:00:00+00:00,4522.39,4534.26,4516.74,4530.25,5715,30,0
2026-03-30 09:15:00+00:00,4530.24,4535.24,4526.54,4528.29,6216,30,0
2026-03-30 09:30:00+00:00,4528.44,4541.82,4525.98,4540.19,6080,31,0
2026-03-30 09:45:00+00:00,4540.17,4550.5,4531.27,4532.29,5655,30,0
2026-03-30 10:00:00+00:00,4532.23,4534.44,4523.63,4534.1,6164,30,0
2026-03-30 10:15:00+00:00,4534.12,4534.44,4520.49,4522.59,5937,30,0
2026-03-30 10:30:00+00:00,4522.55,4525.92,4515.78,4521.15,5436,30,0
2026-03-30 10:45:00+00:00,4521.19,4527.91,4518.97,4527.22,4438,30,0
2026-03-30 11:00:00+00:00,4527.21,4536.91,4524.81,4533.78,4652,30,0
2026-03-30 11:15:00+00:00,4533.8,4535.84,4525.76,4528.69,4367,30,0
2026-03-30 11:30:00+00:00,4528.65,4538.07,4528.42,4532.77,4473,30,0
2026-03-30 11:45:00+00:00,4532.76,4540.41,4532.43,4538.1,4026,30,0
2026-03-30 12:00:00+00:00,4538.16,4540.8,4528.15,4529.54,4136,30,0
2026-03-30 12:15:00+00:00,4529.52,4536.43,4523.49,4527.47,4821,30,0
2026-03-30 12:30:00+00:00,4527.46,4538.03,4523.47,4537.04,4570,30,0
2026-03-30 12:45:00+00:00,4537.23,4538.31,4528.63,4532.24,4104,30,0
2026-03-30 13:00:00+00:00,4533.07,4536.36,4529.14,4532.79,4348,30,0
2026-03-30 13:15:00+00:00,4532.81,4539.93,4527.57,4531.19,4454,30,0
2026-03-30 13:30:00+00:00,4531.18,4533.97,4528.1,4533.3,3758,30,0
2026-03-30 13:45:00+00:00,4533.32,4535.41,4528.47,4532.14,3285,30,0
2026-03-30 14:00:00+00:00,4532.13,4540.5,4525.23,4538.27,4399,30,0
2026-03-30 14:15:00+00:00,4538.22,4548.01,4534.9,4543.27,5610,30,0
2026-03-30 14:30:00+00:00,4543.52,4566.03,4538.4,4566.03,7200,30,0
2026-03-30 14:45:00+00:00,4565.92,4580.53,4555.91,4559.4,6983,30,0
2026-03-30 15:00:00+00:00,4559.35,4561.16,4545.07,4556.31,6231,30,0
2026-03-30 15:15:00+00:00,4556.35,4568.09,4556.19,4565.89,5164,30,0
2026-03-30 15:30:00+00:00,4565.86,4577.77,4564.24,4573.77,5481,30,0
2026-03-30 15:45:00+00:00,4573.94,4574.02,4563.65,4569.29,5481,30,0
2026-03-30 16:00:00+00:00,4569.31,4578.62,4561.3,4565.72,7388,30,0
2026-03-30 16:15:00+00:00,4565.5,4571.18,4558.88,4567.32,6942,30,0
2026-03-30 16:30:00+00:00,4567.19,4573.57,4542.87,4543.97,8729,30,0
2026-03-30 16:45:00+00:00,4544.0,4547.92,4516.52,4523.04,8482,30,0
2026-03-30 17:00:00+00:00,4522.94,4535.59,4517.79,4533.47,8197,30,0
2026-03-30 17:15:00+00:00,4533.44,4534.48,4512.35,4518.88,7912,30,0
2026-03-30 17:30:00+00:00,4518.72,4533.49,4517.13,4522.59,7923,30,0
2026-03-30 17:45:00+00:00,4522.43,4541.23,4521.16,4538.63,8294,30,0
2026-03-30 18:00:00+00:00,4538.64,4543.25,4531.98,4532.54,7577,30,0
2026-03-30 18:15:00+00:00,4532.63,4533.72,4524.53,4531.36,7181,30,0
2026-03-30 18:30:00+00:00,4531.4,4553.7,4527.39,4551.78,6168,30,0
2026-03-30 18:45:00+00:00,4551.78,4556.63,4545.02,4548.14,6985,30,0
2026-03-30 19:00:00+00:00,4548.21,4549.6,4537.79,4544.24,7666,30,0
2026-03-30 19:15:00+00:00,4544.21,4548.66,4536.45,4536.58,6837,30,0
2026-03-30 19:30:00+00:00,4536.5,4548.23,4532.19,4548.11,4345,30,0
2026-03-30 19:45:00+00:00,4548.12,4548.68,4536.37,4539.61,5622,30,0
2026-03-30 20:00:00+00:00,4539.48,4542.09,4519.27,4522.36,6166,30,0
2026-03-30 20:15:00+00:00,4522.33,4530.31,4520.05,4527.48,6809,30,0
2026-03-30 20:30:00+00:00,4525.66,4526.87,4514.67,4524.13,6751,30,0
2026-03-30 20:45:00+00:00,4524.11,4528.76,4511.16,4514.81,5983,30,0
2026-03-30 21:00:00+00:00,4514.9,4523.06,4512.95,4518.63,6246,30,0
2026-03-30 21:15:00+00:00,4518.65,4521.23,4511.48,4513.61,6477,30,0
2026-03-30 21:30:00+00:00,4513.62,4519.37,4512.28,4515.23,4943,30,0
2026-03-30 21:45:00+00:00,4515.24,4518.61,4498.09,4498.75,6017,30,0
2026-03-30 22:00:00+00:00,4498.48,4504.89,4493.31,4497.65,7743,30,0
2026-03-30 22:15:00+00:00,4497.64,4504.16,4492.84,4501.58,7638,31,0
2026-03-30 22:30:00+00:00,4501.57,4512.86,4497.94,4504.7,7327,30,0
2026-03-30 22:45:00+00:00,4504.71,4518.23,4503.72,4513.34,5664,30,0
2026-03-30 23:00:00+00:00,4513.41,4516.35,4505.29,4508.07,4505,30,0
2026-03-30 23:15:00+00:00,4508.14,4509.88,4501.83,4505.9,3273,30,0
2026-03-30 23:30:00+00:00,4505.89,4506.82,4500.81,4503.44,2089,39,0
2026-03-30 23:45:00+00:00,4503.42,4510.93,4502.41,4510.86,1638,47,0
2026-03-31 01:00:00+00:00,4513.91,4523.7,4507.44,4508.41,2348,52,0
2026-03-31 01:15:00+00:00,4508.5,4514.69,4502.06,4514.39,2716,51,0
2026-03-31 01:30:00+00:00,4514.4,4518.67,4508.26,4508.66,2096,30,0
2026-03-31 01:45:00+00:00,4508.65,4515.04,4508.32,4510.54,2147,43,0
2026-03-31 02:00:00+00:00,4510.45,4510.45,4492.42,4498.71,4543,30,0
2026-03-31 02:15:00+00:00,4498.68,4510.41,4497.79,4505.06,2708,30,0
2026-03-31 02:30:00+00:00,4505.09,4519.37,4503.69,4518.22,2252,52,0
2026-03-31 02:45:00+00:00,4518.23,4521.0,4507.53,4513.54,3249,50,0
2026-03-31 03:00:00+00:00,4513.59,4528.14,4510.39,4515.92,4274,30,0
2026-03-31 03:15:00+00:00,4516.11,4518.15,4482.57,4512.18,4876,44,0
2026-03-31 03:30:00+00:00,4512.15,4537.1,4506.43,4536.02,4838,30,0
2026-03-31 03:45:00+00:00,4536.27,4548.11,4535.26,4547.62,5668,30,0
2026-03-31 04:00:00+00:00,4547.22,4550.77,4531.78,4543.72,6080,50,0
2026-03-31 04:15:00+00:00,4543.93,4585.51,4543.32,4581.34,6291,30,0
2026-03-31 04:30:00+00:00,4581.49,4618.63,4577.63,4617.43,6855,43,0
2026-03-31 04:45:00+00:00,4617.42,4619.29,4595.94,4604.82,5965,50,0
2026-03-31 05:00:00+00:00,4604.8,4607.09,4588.48,4589.7,5134,50,0
2026-03-31 05:15:00+00:00,4589.71,4592.59,4578.71,4582.45,4075,51,0
2026-03-31 05:30:00+00:00,4582.43,4588.18,4578.7,4586.85,4742,42,0
2026-03-31 05:45:00+00:00,4586.83,4587.79,4565.62,4567.84,5053,30,0
2026-03-31 06:00:00+00:00,4567.78,4576.79,4565.87,4569.75,4427,50,0
2026-03-31 06:15:00+00:00,4569.9,4571.02,4555.72,4561.49,3962,32,0
2026-03-31 06:30:00+00:00,4561.53,4565.65,4550.44,4552.03,3119,30,0
2026-03-31 06:45:00+00:00,4551.56,4557.34,4550.14,4556.84,2720,50,0
2026-03-31 07:00:00+00:00,4556.87,4565.84,4556.85,4557.41,2648,30,0
2026-03-31 07:15:00+00:00,4557.5,4569.2,4556.9,4561.22,2378,30,0
2026-03-31 07:30:00+00:00,4561.17,4565.0,4559.96,4563.89,2096,43,0
2026-03-31 07:45:00+00:00,4563.9,4568.83,4560.87,4564.53,2409,30,0
2026-03-31 08:00:00+00:00,4564.27,4570.49,4547.57,4550.18,2969,46,0
2026-03-31 08:15:00+00:00,4550.2,4567.76,4549.94,4561.29,2931,40,0
2026-03-31 08:30:00+00:00,4561.1,4579.64,4558.51,4576.72,4811,36,0
2026-03-31 08:45:00+00:00,4576.65,4581.51,4566.96,4568.55,3880,50,0
2026-03-31 09:00:00+00:00,4568.67,4568.78,4556.16,4559.4,4399,31,0
2026-03-31 09:15:00+00:00,4559.45,4564.49,4553.22,4560.62,4402,31,0
2026-03-31 09:30:00+00:00,4560.63,4565.66,4555.93,4558.7,3038,50,0
2026-03-31 09:45:00+00:00,4558.75,4561.5,4554.14,4557.08,3121,38,0
2026-03-31 10:00:00+00:00,4557.33,4563.85,4550.14,4552.26,4030,30,0
2026-03-31 10:15:00+00:00,4552.27,4556.54,4543.56,4552.13,3513,31,0
2026-03-31 10:30:00+00:00,4552.09,4561.1,4551.89,4559.47,4220,30,0
2026-03-31 10:45:00+00:00,4559.52,4565.53,4556.69,4564.34,5145,30,0
2026-03-31 11:00:00+00:00,4564.35,4573.18,4560.26,4565.79,5718,30,0
2026-03-31 11:15:00+00:00,4565.78,4572.37,4564.49,4572.18,4982,30,0
2026-03-31 11:30:00+00:00,4572.15,4575.02,4567.48,4571.24,4765,30,0
2026-03-31 11:45:00+00:00,4571.43,4574.04,4566.86,4568.37,4795,30,0
2026-03-31 12:00:00+00:00,4568.39,4572.26,4562.94,4567.43,4358,30,0
2026-03-31 12:15:00+00:00,4567.42,4570.39,4561.07,4561.92,4935,32,0
2026-03-31 12:30:00+00:00,4561.93,4562.18,4550.01,4555.52,5637,30,0
2026-03-31 12:45:00+00:00,4555.53,4562.27,4551.29,4555.46,4751,30,0
2026-03-31 13:00:00+00:00,4555.34,4561.66,4555.05,4556.8,4792,30,0
2026-03-31 13:15:00+00:00,4556.81,4560.91,4555.4,4560.27,4043,30,0
2026-03-31 13:30:00+00:00,4560.28,4560.57,4529.31,4540.95,6001,30,0
2026-03-31 13:45:00+00:00,4540.96,4553.0,4540.03,4546.77,5324,30,0
2026-03-31 14:00:00+00:00,4546.76,4563.34,4540.84,4551.24,6036,30,0
2026-03-31 14:15:00+00:00,4551.21,4583.19,4549.42,4575.04,7290,30,0
2026-03-31 14:30:00+00:00,4574.99,4592.98,4568.61,4591.84,7169,30,0
2026-03-31 14:45:00+00:00,4591.83,4592.91,4576.49,4582.11,7126,30,0
2026-03-31 15:00:00+00:00,4582.14,4597.43,4574.12,4575.49,7007,30,0
2026-03-31 15:15:00+00:00,4575.38,4582.73,4571.12,4579.11,7480,30,0
2026-03-31 15:30:00+00:00,4579.2,4589.79,4577.29,4578.99,6996,30,0
2026-03-31 15:45:00+00:00,4578.94,4581.32,4569.02,4574.62,6559,30,0
2026-03-31 16:00:00+00:00,4574.64,4583.36,4567.61,4581.16,7723,30,0
2026-03-31 16:15:00+00:00,4581.25,4587.74,4573.06,4573.08,5133,30,0
2026-03-31 16:30:00+00:00,4572.7,4589.27,4568.26,4587.91,6978,30,0
2026-03-31 16:45:00+00:00,4588.31,4609.59,4585.02,4607.12,6650,30,0
2026-03-31 17:00:00+00:00,4606.97,4625.12,4603.54,4614.83,8228,30,0
2026-03-31 17:15:00+00:00,4615.13,4619.31,4602.78,4618.87,8032,30,0
2026-03-31 17:30:00+00:00,4618.92,4630.15,4604.05,4607.88,8154,30,0
2026-03-31 17:45:00+00:00,4608.0,4611.03,4594.84,4598.95,7445,30,0
2026-03-31 18:00:00+00:00,4599.02,4623.91,4598.99,4622.76,7595,30,0
2026-03-31 18:15:00+00:00,4622.74,4625.35,4607.75,4610.08,6686,30,0
2026-03-31 18:30:00+00:00,4610.1,4621.2,4607.0,4620.68,6110,30,0
2026-03-31 18:45:00+00:00,4620.72,4623.58,4607.94,4609.36,6246,30,0
2026-03-31 19:00:00+00:00,4609.33,4619.83,4606.9,4611.87,5159,30,0
2026-03-31 19:15:00+00:00,4611.81,4618.68,4609.19,4617.61,4608,30,0
2026-03-31 19:30:00+00:00,4617.61,4651.52,4614.93,4641.33,6997,30,0
2026-03-31 19:45:00+00:00,4641.47,4650.06,4630.79,4638.05,8581,30,0
2026-03-31 20:00:00+00:00,4638.04,4655.65,4636.23,4642.74,8013,30,0
2026-03-31 20:15:00+00:00,4642.82,4657.93,4640.53,4648.65,7289,30,0
2026-03-31 20:30:00+00:00,4648.68,4663.54,4645.38,4660.26,7929,30,0
2026-03-31 20:45:00+00:00,4660.18,4667.17,4653.22,4654.44,7520,30,0
2026-03-31 21:00:00+00:00,4654.35,4668.78,4653.47,4665.73,7069,30,0
2026-03-31 21:15:00+00:00,4665.7,4668.71,4659.73,4664.28,6703,30,0
2026-03-31 21:30:00+00:00,4664.61,4670.93,4659.88,4667.36,5830,30,0
2026-03-31 21:45:00+00:00,4667.45,4670.52,4663.46,4667.3,4836,30,0
2026-03-31 22:00:00+00:00,4667.55,4676.05,4661.59,4671.02,5178,30,0
2026-03-31 22:15:00+00:00,4671.31,4680.94,4668.65,4672.63,5033,30,0
2026-03-31 22:30:00+00:00,4673.3,4683.37,4672.11,4680.67,5271,30,0
2026-03-31 22:45:00+00:00,4680.67,4685.58,4679.38,4682.46,5197,30,0
2026-03-31 23:00:00+00:00,4682.58,4686.93,4676.24,4679.19,4480,30,0
2026-03-31 23:15:00+00:00,4679.17,4681.91,4668.85,4669.34,2829,30,0
2026-03-31 23:30:00+00:00,4669.35,4675.33,4666.78,4668.02,2195,30,0
2026-03-31 23:45:00+00:00,4668.04,4670.15,4664.52,4667.1,2326,37,0
2026-04-01 01:00:00+00:00,4671.3,4681.91,4662.76,4669.06,2217,51,0
2026-04-01 01:15:00+00:00,4669.1,4686.54,4663.12,4674.31,3201,30,0
2026-04-01 01:30:00+00:00,4674.32,4696.25,4670.78,4684.35,3955,30,0
2026-04-01 01:45:00+00:00,4684.44,4686.77,4661.52,4680.88,4451,30,0
2026-04-01 02:00:00+00:00,4681.26,4682.44,4672.71,4676.08,3092,50,0
2026-04-01 02:15:00+00:00,4676.12,4684.24,4671.77,4682.2,3419,44,0
2026-04-01 02:30:00+00:00,4682.21,4694.86,4681.61,4690.81,3184,30,0
2026-04-01 02:45:00+00:00,4690.83,4699.82,4688.33,4696.14,4128,30,0
2026-04-01 03:00:00+00:00,4696.08,4704.81,4693.24,4703.16,5416,30,0
2026-04-01 03:15:00+00:00,4703.15,4721.77,4702.45,4721.67,6041,30,0
2026-04-01 03:30:00+00:00,4721.65,4722.36,4699.9,4706.46,4490,30,0
2026-04-01 03:45:00+00:00,4706.41,4718.93,4704.26,4710.69,4529,30,0
2026-04-01 04:00:00+00:00,4710.69,4724.07,4689.42,4707.89,7407,30,0
2026-04-01 04:15:00+00:00,4707.76,4708.2,4692.29,4708.12,6723,30,0
2026-04-01 04:30:00+00:00,4708.1,4708.12,4681.25,4687.78,6405,30,0
2026-04-01 04:45:00+00:00,4687.77,4696.92,4686.05,4692.55,5617,30,0
2026-04-01 05:00:00+00:00,4692.54,4700.35,4686.79,4693.76,5549,30,0
2026-04-01 05:15:00+00:00,4693.75,4697.45,4683.35,4687.12,3312,30,0
2026-04-01 05:30:00+00:00,4686.94,4690.15,4677.99,4681.6,4401,30,0
2026-04-01 05:45:00+00:00,4681.59,4689.51,4678.35,4684.26,4198,30,0
2026-04-01 06:00:00+00:00,4684.31,4692.5,4682.52,4689.32,4002,30,0
2026-04-01 06:15:00+00:00,4689.29,4694.01,4684.29,4687.12,3071,30,0
2026-04-01 06:30:00+00:00,4687.14,4688.56,4682.91,4686.78,2262,37,0
2026-04-01 06:45:00+00:00,4686.75,4688.47,4679.37,4681.8,2612,30,0
2026-04-01 07:00:00+00:00,4681.81,4681.9,4672.87,4673.71,2302,30,0
2026-04-01 07:15:00+00:00,4673.8,4673.85,4666.93,4672.28,3162,30,0
2026-04-01 07:30:00+00:00,4672.47,4676.91,4668.83,4676.77,2593,30,0
2026-04-01 07:45:00+00:00,4676.91,4681.6,4672.82,4676.21,2212,30,0
2026-04-01 08:00:00+00:00,4676.22,4684.59,4674.7,4682.66,2796,30,0
2026-04-01 08:15:00+00:00,4682.73,4689.97,4680.39,4686.03,3374,30,0
2026-04-01 08:30:00+00:00,4686.18,4703.39,4686.18,4701.96,4694,30,0
2026-04-01 08:45:00+00:00,4701.99,4703.29,4683.69,4684.11,4334,30,0
2026-04-01 09:00:00+00:00,4684.26,4697.36,4682.49,4697.36,5044,30,0
2026-04-01 09:15:00+00:00,4697.34,4711.27,4692.58,4709.07,5121,30,0
2026-04-01 09:30:00+00:00,4709.05,4712.55,4702.06,4708.4,5971,30,0
2026-04-01 09:45:00+00:00,4708.53,4732.99,4708.4,4730.5,6849,30,0
2026-04-01 10:00:00+00:00,4730.79,4732.62,4714.1,4715.16,5801,30,0
2026-04-01 10:15:00+00:00,4715.16,4725.48,4712.86,4722.75,4486,30,0
2026-04-01 10:30:00+00:00,4722.77,4747.63,4721.9,4730.6,5234,30,0
2026-04-01 10:45:00+00:00,4730.63,4732.69,4709.45,4712.76,6305,30,0
2026-04-01 11:00:00+00:00,4712.79,4726.18,4710.22,4719.13,5673,30,0
2026-04-01 11:15:00+00:00,4719.14,4735.58,4716.98,4730.44,4279,30,0
2026-04-01 11:30:00+00:00,4730.46,4740.2,4726.15,4731.77,4423,30,0
2026-04-01 11:45:00+00:00,4731.83,4732.44,4726.34,4728.46,3769,30,0
2026-04-01 12:00:00+00:00,4728.48,4729.98,4717.73,4718.09,3663,30,0
2026-04-01 12:15:00+00:00,4718.08,4723.77,4713.8,4719.27,3907,30,0
2026-04-01 12:30:00+00:00,4719.2,4722.62,4712.98,4718.99,3774,30,0
2026-04-01 12:45:00+00:00,4719.0,4727.54,4718.97,4722.99,4399,30,0
2026-04-01 13:00:00+00:00,4723.0,4724.24,4715.2,4715.48,3750,30,0
2026-04-01 13:15:00+00:00,4715.47,4729.08,4715.09,4728.22,3332,30,0
2026-04-01 13:30:00+00:00,4728.16,4736.14,4725.95,4734.72,3122,30,0
2026-04-01 13:45:00+00:00,4734.74,4738.63,4727.92,4731.19,3630,30,0
2026-04-01 14:00:00+00:00,4731.36,4740.41,4728.12,4736.68,3843,30,0
2026-04-01 14:15:00+00:00,4736.95,4746.19,4736.36,4744.95,3271,30,0
2026-04-01 14:30:00+00:00,4744.96,4762.85,4744.69,4760.37,4599,30,0
2026-04-01 14:45:00+00:00,4760.52,4761.29,4752.24,4752.24,4927,30,0
2026-04-01 15:00:00+00:00,4752.32,4753.57,4739.25,4743.57,4553,30,0
2026-04-01 15:15:00+00:00,4743.45,4745.43,4724.34,4734.6,5206,30,0
2026-04-01 15:30:00+00:00,4734.96,4753.6,4732.35,4747.79,5882,30,0
2026-04-01 15:45:00+00:00,4747.65,4753.62,4724.28,4724.51,7585,30,0
2026-04-01 16:00:00+00:00,4724.6,4733.46,4716.12,4731.52,6919,30,0
2026-04-01 16:15:00+00:00,4731.5,4742.09,4730.61,4736.06,5243,30,0
2026-04-01 16:30:00+00:00,4735.95,4749.51,4730.67,4743.14,7730,30,0
2026-04-01 16:45:00+00:00,4742.57,4748.51,4733.83,4738.3,7345,30,0
2026-04-01 17:00:00+00:00,4738.01,4746.79,4723.94,4744.35,7483,30,0
2026-04-01 17:15:00+00:00,4744.45,4754.77,4730.23,4741.81,7052,30,0
2026-04-01 17:30:00+00:00,4741.75,4756.46,4734.78,4753.9,6990,30,0
2026-04-01 17:45:00+00:00,4754.02,4768.64,4752.49,4760.63,6957,30,0
2026-04-01 18:00:00+00:00,4760.66,4774.87,4758.27,4764.52,6396,30,0
2026-04-01 18:15:00+00:00,4764.62,4776.27,4762.15,4772.76,6782,30,0
2026-04-01 18:30:00+00:00,4772.88,4786.58,4769.7,4785.38,6506,30,0
2026-04-01 18:45:00+00:00,4785.94,4788.0,4782.31,4786.43,4926,30,0
2026-04-01 19:00:00+00:00,4786.46,4790.55,4774.18,4774.8,5482,30,0
2026-04-01 19:15:00+00:00,4774.84,4783.29,4774.49,4776.36,4745,30,0
2026-04-01 19:30:00+00:00,4776.37,4784.79,4775.11,4784.16,4407,30,0
2026-04-01 19:45:00+00:00,4784.13,4788.4,4781.67,4787.09,2814,30,0
2026-04-01 20:00:00+00:00,4786.9,4792.83,4786.33,4788.37,3547,30,0
2026-04-01 20:15:00+00:00,4788.41,4789.48,4782.26,4784.95,4411,30,0
2026-04-01 20:30:00+00:00,4784.98,4786.03,4775.54,4781.72,4267,30,0
2026-04-01 20:45:00+00:00,4781.74,4783.09,4773.58,4774.22,3557,30,0
2026-04-01 21:00:00+00:00,4774.17,4775.1,4759.19,4770.92,6089,30,0
2026-04-01 21:15:00+00:00,4770.91,4771.49,4753.2,4753.79,6331,30,0
2026-04-01 21:30:00+00:00,4753.97,4766.07,4741.88,4756.66,6849,30,0
2026-04-01 21:45:00+00:00,4756.73,4758.29,4751.48,4752.98,5357,30,0
2026-04-01 22:00:00+00:00,4753.04,4765.12,4751.02,4759.64,5083,30,0
2026-04-01 22:15:00+00:00,4759.76,4769.09,4758.45,4765.55,4456,30,0
2026-04-01 22:30:00+00:00,4765.54,4778.08,4762.88,4769.25,4963,30,0
2026-04-01 22:45:00+00:00,4769.3,4771.96,4758.1,4765.89,5998,30,0
2026-04-01 23:00:00+00:00,4765.91,4769.64,4762.49,4768.69,2613,30,0
2026-04-01 23:15:00+00:00,4768.72,4771.07,4760.86,4762.03,1758,32,0
2026-04-01 23:30:00+00:00,4762.02,4763.62,4754.24,4759.81,2285,30,0
2026-04-01 23:45:00+00:00,4759.82,4763.41,4756.42,4758.03,1801,42,0
2026-04-02 01:00:00+00:00,4758.02,4761.96,4752.68,4758.92,430,30,0
2026-04-02 01:15:00+00:00,4758.91,4774.91,4757.29,4772.65,1484,51,0
2026-04-02 01:30:00+00:00,4772.55,4781.16,4770.86,4776.09,2173,33,0
2026-04-02 01:45:00+00:00,4776.1,4782.68,4774.94,4776.32,2904,30,0
2026-04-02 02:00:00+00:00,4776.39,4791.42,4773.42,4791.1,3307,30,0
2026-04-02 02:15:00+00:00,4791.11,4798.84,4788.38,4794.83,3519,33,0
2026-04-02 02:30:00+00:00,4794.86,4800.13,4788.28,4789.58,3030,30,0
2026-04-02 02:45:00+00:00,4789.57,4789.71,4778.12,4783.93,3687,30,0
2026-04-02 03:00:00+00:00,4783.9,4793.33,4774.96,4792.4,5549,30,0
2026-04-02 03:15:00+00:00,4792.42,4798.59,4788.47,4789.65,4776,30,0
2026-04-02 03:30:00+00:00,4789.62,4796.08,4784.44,4787.25,4829,30,0
2026-04-02 03:45:00+00:00,4787.34,4791.77,4783.36,4784.43,5140,30,0
2026-04-02 04:00:00+00:00,4784.44,4786.38,4724.29,4750.94,8439,30,0
2026-04-02 04:15:00+00:00,4750.87,4752.72,4686.6,4696.71,8395,30,0
2026-04-02 04:30:00+00:00,4695.85,4708.03,4649.55,4689.61,8173,30,0
2026-04-02 04:45:00+00:00,4689.65,4711.66,4684.81,4696.43,7761,30,0
2026-04-02 05:00:00+00:00,4695.73,4704.03,4678.42,4688.64,7416,30,0
2026-04-02 05:15:00+00:00,4688.65,4702.8,4688.01,4689.62,6096,30,0
2026-04-02 05:30:00+00:00,4689.59,4690.86,4655.04,4675.75,7613,30,0
2026-04-02 05:45:00+00:00,4675.81,4689.08,4672.76,4686.49,6650,30,0
2026-04-02 06:00:00+00:00,4686.47,4691.27,4677.36,4689.69,5760,30,0
2026-04-02 06:15:00+00:00,4689.68,4699.17,4687.79,4691.22,5320,48,0
2026-04-02 06:30:00+00:00,4691.21,4692.4,4683.14,4685.49,4668,33,0
2026-04-02 06:45:00+00:00,4685.53,4687.37,4675.46,4675.94,4248,47,0
2026-04-02 07:00:00+00:00,4675.96,4681.22,4664.38,4668.11,4411,30,0
2026-04-02 07:15:00+00:00,4668.18,4672.22,4662.12,4666.09,4007,30,0
2026-04-02 07:30:00+00:00,4666.07,4669.59,4658.18,4661.75,4026,35,0
2026-04-02 07:45:00+00:00,4661.74,4672.99,4657.07,4672.44,3707,30,0
2026-04-02 08:00:00+00:00,4672.45,4675.01,4666.28,4670.06,3898,31,0
2026-04-02 08:15:00+00:00,4670.23,4680.44,4669.23,4677.15,4609,30,0
2026-04-02 08:30:00+00:00,4677.17,4679.15,4628.98,4634.11,7624,30,0
2026-04-02 08:45:00+00:00,4634.24,4635.24,4585.76,4593.94,8004,30,0
2026-04-02 09:00:00+00:00,4593.96,4596.51,4553.59,4580.39,8357,30,0
2026-04-02 09:15:00+00:00,4580.4,4598.51,4574.06,4590.98,7256,30,0
2026-04-02 09:30:00+00:00,4590.97,4598.29,4581.38,4588.17,6840,30,0
2026-04-02 09:45:00+00:00,4588.14,4608.46,4583.87,4599.09,6664,30,0
2026-04-02 10:00:00+00:00,4598.56,4622.05,4597.06,4620.94,6256,30,0
2026-04-02 10:15:00+00:00,4620.84,4627.38,4617.56,4620.57,5579,30,0
2026-04-02 10:30:00+00:00,4620.7,4641.36,4619.22,4637.11,5709,30,0
2026-04-02 10:45:00+00:00,4637.1,4650.92,4635.92,4642.63,4992,30,0
2026-04-02 11:00:00+00:00,4642.54,4648.74,4628.8,4640.87,5826,30,0
2026-04-02 11:15:00+00:00,4640.82,4644.74,4631.28,4634.17,4980,30,0
2026-04-02 11:30:00+00:00,4634.14,4643.61,4630.4,4630.41,4533,30,0
2026-04-02 11:45:00+00:00,4630.47,4634.31,4617.07,4620.66,4713,30,0
2026-04-02 12:00:00+00:00,4620.64,4625.14,4613.04,4623.6,4271,30,0
2026-04-02 12:15:00+00:00,4623.56,4631.67,4617.14,4620.87,4766,30,0
2026-04-02 12:30:00+00:00,4620.65,4625.31,4615.38,4621.37,4118,30,0
2026-04-02 12:45:00+00:00,4621.38,4628.27,4617.7,4621.62,4156,30,0
2026-04-02 13:00:00+00:00,4621.72,4634.89,4618.26,4624.93,4218,30,0
2026-04-02 13:15:00+00:00,4624.91,4626.71,4603.99,4618.45,4523,30,0
2026-04-02 13:30:00+00:00,4618.46,4631.23,4613.43,4624.36,4447,30,0
2026-04-02 13:45:00+00:00,4624.4,4629.48,4619.58,4620.38,4095,30,0
2026-04-02 14:00:00+00:00,4620.38,4629.67,4616.54,4627.31,4612,30,0
2026-04-02 14:15:00+00:00,4627.38,4630.44,4613.96,4614.62,4261,30,0
2026-04-02 14:30:00+00:00,4614.57,4617.46,4592.56,4599.93,5661,30,0
2026-04-02 14:45:00+00:00,4599.83,4611.85,4596.3,4599.94,5614,30,0
2026-04-02 15:00:00+00:00,4600.2,4612.93,4594.34,4612.37,6322,30,0
2026-04-02 15:15:00+00:00,4612.38,4630.08,4609.39,4626.18,5719,30,0
2026-04-02 15:30:00+00:00,4626.11,4626.78,4615.6,4618.02,5241,30,0
2026-04-02 15:45:00+00:00,4618.03,4626.27,4600.32,4601.73,5769,30,0
2026-04-02 16:00:00+00:00,4601.79,4614.05,4581.07,4587.27,8016,30,0
2026-04-02 16:15:00+00:00,4587.13,4600.12,4580.69,4597.48,7520,30,0
2026-04-02 16:30:00+00:00,4597.36,4607.63,4586.03,4601.85,8414,30,0
2026-04-02 16:45:00+00:00,4601.88,4651.25,4600.44,4645.97,8363,30,0
2026-04-02 17:00:00+00:00,4646.22,4659.53,4631.55,4647.63,8235,30,0
2026-04-02 17:15:00+00:00,4647.65,4675.75,4645.56,4665.04,8550,30,0
2026-04-02 17:30:00+00:00,4664.84,4699.23,4658.85,4693.23,8442,30,0
2026-04-02 17:45:00+00:00,4692.68,4693.35,4672.11,4681.34,8524,30,0
2026-04-02 18:00:00+00:00,4681.64,4683.82,4667.36,4672.09,8124,30,0
2026-04-02 18:15:00+00:00,4672.14,4681.76,4658.13,4672.43,8335,30,0
2026-04-02 18:30:00+00:00,4672.69,4675.88,4662.08,4665.86,7566,30,0
2026-04-02 18:45:00+00:00,4666.14,4666.66,4652.42,4660.94,7567,30,0
2026-04-02 19:00:00+00:00,4660.95,4668.27,4647.8,4654.67,6831,30,0
2026-04-02 19:15:00+00:00,4654.65,4656.78,4642.79,4650.59,6812,30,0
2026-04-02 19:30:00+00:00,4650.58,4670.02,4650.32,4658.64,7121,30,0
2026-04-02 19:45:00+00:00,4658.63,4670.38,4656.54,4658.88,5318,30,0
2026-04-02 20:00:00+00:00,4658.93,4668.13,4656.09,4663.78,5268,30,0
2026-04-02 20:15:00+00:00,4663.77,4665.56,4650.71,4651.76,5575,30,0
2026-04-02 20:30:00+00:00,4651.87,4657.85,4645.9,4657.45,4881,30,0
2026-04-02 20:45:00+00:00,4657.53,4658.46,4645.65,4648.44,4772,30,0
2026-04-02 21:00:00+00:00,4648.73,4658.65,4647.3,4653.44,3783,30,0
2026-04-02 21:15:00+00:00,4653.48,4656.48,4649.68,4651.4,3539,30,0
2026-04-02 21:30:00+00:00,4651.44,4663.34,4651.44,4662.44,3467,30,0
2026-04-02 21:45:00+00:00,4662.33,4671.86,4661.74,4668.4,3807,30,0
2026-04-02 22:00:00+00:00,4668.4,4681.61,4668.4,4674.32,4165,30,0
2026-04-02 22:15:00+00:00,4674.34,4677.97,4664.16,4665.03,5568,30,0
2026-04-02 22:30:00+00:00,4664.88,4668.08,4661.27,4665.85,4256,30,0
2026-04-02 22:45:00+00:00,4665.7,4676.29,4665.61,4671.95,4833,30,0
2026-04-02 23:00:00+00:00,4672.19,4676.63,4671.61,4673.67,2046,30,0
2026-04-02 23:15:00+00:00,4673.62,4674.2,4664.12,4667.69,1769,30,0
2026-04-02 23:30:00+00:00,4667.62,4673.16,4667.6,4668.8,1911,30,0
2026-04-02 23:45:00+00:00,4668.8,4677.73,4666.31,4675.94,2614,48,0
2026-04-06 01:00:00+00:00,4649.46,4665.62,4612.84,4629.54,3782,65,0
2026-04-06 01:15:00+00:00,4629.36,4641.79,4628.73,4635.8,3117,31,0
2026-04-06 01:30:00+00:00,4635.8,4646.01,4632.07,4642.5,4014,30,0
2026-04-06 01:45:00+00:00,4642.43,4654.06,4608.38,4645.5,5408,30,0
2026-04-06 02:00:00+00:00,4645.52,4651.2,4626.78,4632.37,4118,30,0
2026-04-06 02:15:00+00:00,4632.38,4633.98,4609.14,4609.63,3480,30,0
2026-04-06 02:30:00+00:00,4609.71,4617.1,4605.07,4606.87,3936,30,0
2026-04-06 02:45:00+00:00,4606.89,4619.08,4606.83,4610.3,4037,30,0
2026-04-06 03:00:00+00:00,4610.32,4626.69,4606.81,4625.98,6174,30,0
2026-04-06 03:15:00+00:00,4626.0,4629.25,4600.72,4603.28,5694,30,0
2026-04-06 03:30:00+00:00,4603.3,4621.46,4602.92,4618.94,5456,30,0
2026-04-06 03:45:00+00:00,4618.88,4625.99,4615.58,4622.2,4662,49,0
2026-04-06 04:00:00+00:00,4622.42,4642.56,4622.35,4641.63,4834,30,0
2026-04-06 04:15:00+00:00,4641.59,4643.06,4620.37,4641.04,4528,30,0
2026-04-06 04:30:00+00:00,4641.03,4641.3,4623.38,4627.67,4603,30,0
2026-04-06 04:45:00+00:00,4627.65,4628.96,4621.38,4625.74,3642,30,0
2026-04-06 05:00:00+00:00,4625.86,4640.08,4623.52,4636.14,4688,30,0
2026-04-06 05:15:00+00:00,4636.15,4671.78,4636.12,4661.01,5793,30,0
2026-04-06 05:30:00+00:00,4661.0,4666.44,4644.17,4651.02,4885,30,0
2026-04-06 05:45:00+00:00,4651.01,4656.07,4647.07,4647.85,4329,30,0
2026-04-06 06:00:00+00:00,4647.81,4647.88,4628.68,4633.19,4494,30,0
2026-04-06 06:15:00+00:00,4633.12,4636.2,4625.2,4630.18,4420,30,0
2026-04-06 06:30:00+00:00,4630.2,4633.26,4625.45,4632.39,3607,31,0
2026-04-06 06:45:00+00:00,4632.38,4642.01,4630.34,4640.38,3538,30,0
2026-04-06 07:00:00+00:00,4640.39,4648.43,4639.78,4643.34,3505,30,0
2026-04-06 07:15:00+00:00,4643.35,4646.54,4641.07,4646.52,2378,30,0
2026-04-06 07:30:00+00:00,4646.5,4650.92,4642.76,4648.71,2541,30,0
2026-04-06 07:45:00+00:00,4648.7,4659.72,4646.7,4658.85,2653,41,0
2026-04-06 08:00:00+00:00,4658.86,4676.8,4657.84,4673.54,3694,30,0
2026-04-06 08:15:00+00:00,4673.55,4678.72,4666.77,4667.19,3077,30,0
2026-04-06 08:30:00+00:00,4667.23,4668.77,4661.28,4661.31,2022,32,0
2026-04-06 08:45:00+00:00,4661.3,4667.24,4651.28,4652.45,2554,30,0
2026-04-06 09:00:00+00:00,4652.52,4661.73,4643.6,4660.8,3381,30,0
2026-04-06 09:15:00+00:00,4660.78,4662.11,4652.67,4657.21,2394,30,0
2026-04-06 09:30:00+00:00,4657.13,4659.93,4651.65,4655.44,2910,30,0
2026-04-06 09:45:00+00:00,4655.45,4667.7,4653.55,4665.84,3988,30,0
2026-04-06 10:00:00+00:00,4665.85,4666.6,4647.79,4651.76,3912,30,0
2026-04-06 10:15:00+00:00,4651.94,4655.5,4644.85,4650.65,3379,30,0
2026-04-06 10:30:00+00:00,4650.58,4665.5,4650.05,4664.24,3445,30,0
2026-04-06 10:45:00+00:00,4664.21,4688.16,4662.51,4684.68,5133,30,0
2026-04-06 11:00:00+00:00,4684.28,4694.37,4680.88,4689.62,4801,30,0
2026-04-06 11:15:00+00:00,4689.51,4695.61,4684.29,4691.11,3917,30,0
2026-04-06 11:30:00+00:00,4690.89,4695.54,4689.89,4692.89,3477,30,0
2026-04-06 11:45:00+00:00,4692.93,4698.0,4691.4,4695.63,3246,30,0
2026-04-06 12:00:00+00:00,4695.83,4703.12,4695.83,4701.08,3558,30,0
2026-04-06 12:15:00+00:00,4701.11,4703.62,4697.09,4702.17,3316,30,0
2026-04-06 12:30:00+00:00,4702.15,4706.46,4700.72,4703.19,2925,30,0
2026-04-06 12:45:00+00:00,4703.18,4704.91,4690.8,4693.42,4039,30,0
2026-04-06 13:00:00+00:00,4693.8,4697.45,4685.94,4686.6,3671,30,0
2026-04-06 13:15:00+00:00,4686.59,4692.92,4686.0,4689.64,2436,36,0
2026-04-06 13:30:00+00:00,4689.59,4696.63,4687.52,4695.28,2114,30,0
2026-04-06 13:45:00+00:00,4695.38,4695.63,4684.73,4689.62,4027,30,0
2026-04-06 14:00:00+00:00,4689.96,4696.73,4688.62,4689.31,4027,35,0
2026-04-06 14:15:00+00:00,4689.6,4692.17,4685.14,4688.31,3318,45,0
2026-04-06 14:30:00+00:00,4688.54,4694.4,4685.27,4685.27,2793,30,0
2026-04-06 14:45:00+00:00,4685.27,4685.68,4676.79,4677.7,3192,30,0
2026-04-06 15:00:00+00:00,4677.71,4686.65,4671.27,4672.36,3563,30,0
2026-04-06 15:15:00+00:00,4672.32,4673.88,4659.64,4665.9,3951,30,0
2026-04-06 15:30:00+00:00,4665.97,4678.67,4665.5,4676.78,3779,30,0
2026-04-06 15:45:00+00:00,4676.76,4681.01,4674.07,4675.71,3300,30,0
2026-04-06 16:00:00+00:00,4675.71,4677.36,4662.08,4668.53,4713,30,0
2026-04-06 16:15:00+00:00,4668.51,4673.26,4660.07,4668.52,3659,30,0
2026-04-06 16:30:00+00:00,4668.59,4679.01,4661.24,4665.49,7659,30,0
2026-04-06 16:45:00+00:00,4665.54,4681.6,4661.5,4680.2,7105,30,0
2026-04-06 17:00:00+00:00,4679.98,4690.76,4660.17,4672.57,7848,30,0
2026-04-06 17:15:00+00:00,4672.61,4688.21,4670.5,4685.95,7247,30,0
2026-04-06 17:30:00+00:00,4686.01,4697.47,4678.24,4684.46,7428,30,0
2026-04-06 17:45:00+00:00,4684.27,4688.54,4674.83,4682.63,6393,30,0
2026-04-06 18:00:00+00:00,4682.61,4683.75,4661.23,4662.08,6014,30,0
2026-04-06 18:15:00+00:00,4661.44,4669.94,4655.11,4667.12,6093,30,0
2026-04-06 18:30:00+00:00,4667.09,4670.84,4651.94,4660.49,5334,30,0
2026-04-06 18:45:00+00:00,4660.56,4669.09,4659.53,4668.04,4793,30,0
2026-04-06 19:00:00+00:00,4668.08,4671.1,4662.21,4670.28,4461,30,0
2026-04-06 19:15:00+00:00,4670.22,4672.47,4665.29,4665.43,3273,30,0
2026-04-06 19:30:00+00:00,4665.49,4671.01,4662.68,4663.16,2783,30,0
2026-04-06 19:45:00+00:00,4663.12,4666.48,4657.78,4660.22,3696,30,0
2026-04-06 20:00:00+00:00,4660.24,4660.98,4645.74,4653.84,5360,30,0
2026-04-06 20:15:00+00:00,4653.7,4660.23,4650.17,4655.98,4926,30,0
2026-04-06 20:30:00+00:00,4656.12,4660.4,4652.31,4656.24,4133,30,0
2026-04-06 20:45:00+00:00,4656.32,4657.27,4651.71,4653.57,4118,30,0
2026-04-06 21:00:00+00:00,4653.56,4666.42,4650.84,4659.27,4465,30,0
2026-04-06 21:15:00+00:00,4659.54,4664.12,4658.96,4659.98,5227,30,0
2026-04-06 21:30:00+00:00,4660.05,4663.12,4648.83,4650.03,3434,30,0
2026-04-06 21:45:00+00:00,4650.01,4658.86,4648.69,4658.1,3053,30,0
2026-04-06 22:00:00+00:00,4658.08,4659.22,4649.89,4650.57,2430,30,0
2026-04-06 22:15:00+00:00,4650.63,4651.25,4645.39,4650.01,2374,30,0
2026-04-06 22:30:00+00:00,4649.98,4653.56,4648.33,4651.58,1623,30,0
2026-04-06 22:45:00+00:00,4651.53,4657.97,4651.34,4655.23,2273,30,0
2026-04-06 23:00:00+00:00,4655.23,4657.05,4652.0,4656.74,1267,30,0
2026-04-06 23:15:00+00:00,4656.72,4657.87,4655.09,4655.69,1042,36,0
2026-04-06 23:30:00+00:00,4655.72,4658.25,4651.0,4653.0,1277,30,0
2026-04-06 23:45:00+00:00,4652.95,4654.25,4649.0,4650.31,1342,48,0
2026-04-07 01:00:00+00:00,4651.18,4668.0,4649.47,4663.82,2349,51,0
2026-04-07 01:15:00+00:00,4663.83,4666.35,4659.01,4662.06,2264,43,0
2026-04-07 01:30:00+00:00,4662.07,4662.96,4658.92,4659.13,1624,48,0
2026-04-07 01:45:00+00:00,4658.96,4662.03,4656.52,4658.23,1356,30,0
2026-04-07 02:00:00+00:00,4658.27,4660.97,4656.84,4659.86,1473,38,0
2026-04-07 02:15:00+00:00,4659.85,4660.56,4653.13,4654.4,1320,30,0
2026-04-07 02:30:00+00:00,4654.32,4656.03,4651.31,4654.91,1368,30,0
2026-04-07 02:45:00+00:00,4654.9,4660.02,4654.09,4658.67,2814,31,0
2026-04-07 03:00:00+00:00,4658.64,4660.56,4648.88,4657.43,4732,30,0
2026-04-07 03:15:00+00:00,4657.34,4660.83,4656.11,4658.92,3654,30,0
2026-04-07 03:30:00+00:00,4658.85,4660.86,4657.26,4660.39,2881,30,0
2026-04-07 03:45:00+00:00,4660.38,4661.01,4654.29,4654.76,3306,30,0
2026-04-07 04:00:00+00:00,4654.74,4664.31,4627.3,4640.46,7546,30,0
2026-04-07 04:15:00+00:00,4640.55,4657.54,4637.5,4654.85,6081,30,0
2026-04-07 04:30:00+00:00,4655.01,4662.31,4628.61,4641.43,6479,30,0
2026-04-07 04:45:00+00:00,4641.44,4647.11,4616.34,4626.76,7063,30,0
2026-04-07 05:00:00+00:00,4626.86,4634.21,4619.67,4626.46,5368,50,0
2026-04-07 05:15:00+00:00,4626.47,4635.17,4622.78,4634.55,3433,48,0
2026-04-07 05:30:00+00:00,4634.51,4646.79,4633.72,4646.2,5106,41,0
2026-04-07 05:45:00+00:00,4646.18,4653.88,4645.13,4650.31,5554,30,0
2026-04-07 06:00:00+00:00,4650.45,4653.99,4641.39,4644.95,4763,30,0
2026-04-07 06:15:00+00:00,4644.99,4647.58,4639.48,4642.48,4175,36,0
2026-04-07 06:30:00+00:00,4642.44,4648.26,4641.86,4647.88,2428,30,0
2026-04-07 06:45:00+00:00,4647.93,4651.01,4647.14,4649.54,1896,30,0
2026-04-07 07:00:00+00:00,4649.52,4651.31,4645.47,4646.0,2641,30,0
2026-04-07 07:15:00+00:00,4646.06,4651.21,4645.62,4650.05,1840,30,0
2026-04-07 07:30:00+00:00,4650.15,4663.93,4649.59,4662.17,3240,30,0
2026-04-07 07:45:00+00:00,4662.18,4663.96,4659.12,4659.52,2608,37,0
2026-04-07 08:00:00+00:00,4660.27,4661.33,4654.16,4655.58,1757,30,0
2026-04-07 08:15:00+00:00,4655.56,4657.98,4630.27,4632.17,3573,30,0
2026-04-07 08:30:00+00:00,4632.13,4641.5,4622.96,4631.1,6759,30,0
2026-04-07 08:45:00+00:00,4631.09,4646.31,4629.12,4642.72,5246,32,0
2026-04-07 09:00:00+00:00,4642.72,4647.9,4637.84,4646.99,4877,30,0
2026-04-07 09:15:00+00:00,4647.01,4649.06,4637.76,4640.86,5063,30,0
2026-04-07 09:30:00+00:00,4640.82,4653.66,4640.82,4652.33,4758,30,0
2026-04-07 09:45:00+00:00,4652.29,4656.33,4648.51,4653.31,4636,40,0
2026-04-07 10:00:00+00:00,4653.24,4656.95,4648.97,4651.49,4488,30,0
2026-04-07 10:15:00+00:00,4651.66,4653.85,4638.62,4639.37,4616,30,0
2026-04-07 10:30:00+00:00,4639.42,4646.3,4636.43,4643.53,3116,30,0
2026-04-07 10:45:00+00:00,4643.8,4647.01,4638.67,4645.92,2881,30,0
2026-04-07 11:00:00+00:00,4645.92,4665.15,4644.07,4663.26,6098,30,0
2026-04-07 11:15:00+00:00,4663.29,4690.68,4656.96,4678.4,6583,30,0
2026-04-07 11:30:00+00:00,4678.43,4687.55,4677.06,4682.88,5385,30,0
2026-04-07 11:45:00+00:00,4682.9,4687.28,4679.03,4682.67,4405,30,0
2026-04-07 12:00:00+00:00,4682.66,4693.35,4680.77,4685.23,4011,30,0
2026-04-07 12:15:00+00:00,4685.22,4694.4,4682.68,4686.59,4252,30,0
2026-04-07 12:30:00+00:00,4686.57,4686.82,4665.51,4666.89,5114,30,0
2026-04-07 12:45:00+00:00,4666.91,4675.75,4658.63,4670.78,4027,30,0
2026-04-07 13:00:00+00:00,4670.77,4679.85,4662.6,4676.81,4367,30,0
2026-04-07 13:15:00+00:00,4676.83,4680.55,4657.86,4668.02,5560,30,0
2026-04-07 13:30:00+00:00,4667.93,4671.88,4654.94,4662.2,5281,30,0
2026-04-07 13:45:00+00:00,4662.19,4662.41,4649.11,4651.92,6113,30,0
2026-04-07 14:00:00+00:00,4651.93,4656.08,4628.67,4635.43,5655,30,0
2026-04-07 14:15:00+00:00,4635.42,4651.89,4632.94,4647.71,4660,30,0
2026-04-07 14:30:00+00:00,4647.64,4663.1,4646.97,4662.97,5221,30,0
2026-04-07 14:45:00+00:00,4662.95,4663.97,4656.03,4659.6,4041,30,0
2026-04-07 15:00:00+00:00,4659.62,4664.78,4651.32,4654.6,5939,30,0
2026-04-07 15:15:00+00:00,4654.69,4670.87,4651.1,4665.95,5460,30,0
2026-04-07 15:30:00+00:00,4665.83,4667.47,4656.01,4656.59,3969,30,0
2026-04-07 15:45:00+00:00,4656.49,4662.29,4646.71,4651.48,4937,30,0
2026-04-07 16:00:00+00:00,4651.52,4659.72,4648.12,4656.59,6444,30,0
2026-04-07 16:15:00+00:00,4656.55,4662.83,4650.24,4657.84,5596,30,0
2026-04-07 16:30:00+00:00,4657.83,4663.0,4635.39,4639.55,7883,30,0
2026-04-07 16:45:00+00:00,4639.44,4653.86,4637.1,4643.97,7374,30,0
2026-04-07 17:00:00+00:00,4644.0,4645.38,4607.31,4621.92,7897,30,0
2026-04-07 17:15:00+00:00,4621.59,4649.39,4609.6,4645.32,7930,30,0
2026-04-07 17:30:00+00:00,4645.19,4661.33,4642.4,4647.03,7213,30,0
2026-04-07 17:45:00+00:00,4646.79,4656.76,4629.84,4632.95,7358,30,0
2026-04-07 18:00:00+00:00,4632.95,4643.11,4624.69,4643.06,7245,30,0
2026-04-07 18:15:00+00:00,4643.07,4653.18,4640.63,4652.88,7291,30,0
2026-04-07 18:30:00+00:00,4652.9,4656.55,4640.43,4645.62,5721,30,0
2026-04-07 18:45:00+00:00,4645.7,4659.41,4645.13,4655.5,5582,30,0
2026-04-07 19:00:00+00:00,4655.56,4668.56,4652.5,4658.63,6845,30,0
2026-04-07 19:15:00+00:00,4658.63,4667.6,4654.16,4662.65,5902,30,0
2026-04-07 19:30:00+00:00,4662.62,4663.96,4655.86,4660.87,5285,30,0
2026-04-07 19:45:00+00:00,4660.9,4662.76,4656.26,4656.93,4288,30,0
2026-04-07 20:00:00+00:00,4656.91,4673.0,4656.32,4667.86,5151,30,0
2026-04-07 20:15:00+00:00,4667.84,4667.84,4653.74,4660.06,4475,30,0
2026-04-07 20:30:00+00:00,4660.32,4686.46,4660.32,4672.26,5906,30,0
2026-04-07 20:45:00+00:00,4672.18,4680.06,4671.13,4675.69,4635,30,0
2026-04-07 21:00:00+00:00,4675.68,4684.41,4675.57,4683.85,3897,30,0
2026-04-07 21:15:00+00:00,4683.85,4685.92,4676.97,4680.41,4273,30,0
2026-04-07 21:30:00+00:00,4680.44,4686.17,4677.33,4679.61,3369,30,0
2026-04-07 21:45:00+00:00,4679.55,4680.0,4657.36,4661.97,3950,30,0
2026-04-07 22:00:00+00:00,4662.0,4668.64,4660.59,4667.69,8150,30,0
2026-04-07 22:15:00+00:00,4667.7,4702.47,4666.85,4687.37,7905,30,0
2026-04-07 22:30:00+00:00,4687.36,4691.26,4681.65,4687.02,5767,30,0
2026-04-07 22:45:00+00:00,4687.06,4718.44,4685.73,4700.59,7819,30,0
2026-04-07 23:00:00+00:00,4700.76,4710.67,4697.06,4708.31,4598,30,0
2026-04-07 23:15:00+00:00,4708.51,4712.98,4703.79,4710.27,2996,30,0
2026-04-07 23:30:00+00:00,4711.07,4716.89,4703.09,4707.91,4021,30,0
2026-04-07 23:45:00+00:00,4707.98,4713.64,4704.89,4705.48,2735,30,0
2026-04-08 01:00:00+00:00,4719.9,4751.93,4719.9,4731.87,4732,50,0
2026-04-08 01:15:00+00:00,4732.42,4736.05,4725.56,4735.33,3768,30,0
2026-04-08 01:30:00+00:00,4735.36,4779.64,4712.92,4770.02,7465,30,0
2026-04-08 01:45:00+00:00,4769.79,4819.51,4761.79,4818.06,7688,30,0
2026-04-08 02:00:00+00:00,4818.17,4824.63,4801.37,4818.24,7779,30,0
2026-04-08 02:15:00+00:00,4818.3,4828.8,4807.43,4814.47,6817,30,0
2026-04-08 02:30:00+00:00,4814.48,4817.3,4803.89,4812.87,6023,30,0
2026-04-08 02:45:00+00:00,4812.94,4836.03,4810.16,4833.29,5948,30,0
2026-04-08 03:00:00+00:00,4833.3,4857.5,4830.34,4834.89,7982,30,0
2026-04-08 03:15:00+00:00,4834.93,4838.73,4818.79,4822.46,6673,30,0
2026-04-08 03:30:00+00:00,4822.49,4824.65,4811.82,4813.52,5466,30,0
2026-04-08 03:45:00+00:00,4813.73,4826.11,4808.55,4817.69,5330,30,0
2026-04-08 04:00:00+00:00,4817.68,4825.18,4806.03,4819.86,7034,30,0
2026-04-08 04:15:00+00:00,4819.8,4821.83,4791.8,4793.78,7073,30,0
2026-04-08 04:30:00+00:00,4793.59,4804.1,4787.88,4799.99,7232,30,0
2026-04-08 04:45:00+00:00,4799.97,4814.09,4798.32,4810.14,5288,30,0
2026-04-08 05:00:00+00:00,4809.71,4825.12,4809.71,4813.9,4148,30,0
2026-04-08 05:15:00+00:00,4813.78,4813.78,4807.78,4811.57,3079,30,0
2026-04-08 05:30:00+00:00,4811.7,4820.5,4806.07,4806.63,3899,30,0
2026-04-08 05:45:00+00:00,4806.42,4809.11,4798.35,4803.77,4332,30,0
2026-04-08 06:00:00+00:00,4803.78,4805.75,4797.5,4798.7,5420,30,0
2026-04-08 06:15:00+00:00,4798.65,4805.16,4796.28,4802.83,4624,30,0
2026-04-08 06:30:00+00:00,4802.77,4804.81,4794.83,4800.23,3173,30,0
2026-04-08 06:45:00+00:00,4800.21,4804.23,4796.38,4797.34,2473,30,0
2026-04-08 07:00:00+00:00,4797.29,4801.16,4793.35,4797.27,2739,30,0
2026-04-08 07:15:00+00:00,4797.21,4803.89,4790.06,4802.22,3422,30,0
2026-04-08 07:30:00+00:00,4802.22,4806.41,4800.52,4802.57,2968,30,0
2026-04-08 07:45:00+00:00,4802.7,4803.8,4797.6,4803.42,2285,30,0
2026-04-08 08:00:00+00:00,4803.4,4810.34,4800.13,4809.19,3107,30,0
2026-04-08 08:15:00+00:00,4809.18,4816.22,4806.47,4815.62,2474,30,0
2026-04-08 08:30:00+00:00,4815.55,4824.96,4813.67,4822.22,5029,30,0
2026-04-08 08:45:00+00:00,4822.2,4843.65,4820.72,4827.33,5157,30,0
2026-04-08 09:00:00+00:00,4827.37,4834.68,4821.12,4826.15,4920,30,0
2026-04-08 09:15:00+00:00,4826.17,4836.51,4824.31,4836.19,4518,30,0
2026-04-08 09:30:00+00:00,4836.21,4839.64,4829.02,4835.57,4388,30,0
2026-04-08 09:45:00+00:00,4835.56,4839.39,4819.76,4819.86,4317,30,0
2026-04-08 10:00:00+00:00,4819.85,4820.71,4809.4,4812.36,4031,31,0
2026-04-08 10:15:00+00:00,4812.23,4821.17,4809.11,4818.18,3705,33,0
2026-04-08 10:30:00+00:00,4818.21,4818.42,4805.07,4808.79,4096,30,0
2026-04-08 10:45:00+00:00,4808.8,4820.27,4808.25,4813.25,4106,30,0
2026-04-08 11:00:00+00:00,4813.26,4819.26,4808.02,4815.28,3869,30,0
2026-04-08 11:15:00+00:00,4815.31,4819.74,4798.41,4808.38,3764,30,0
2026-04-08 11:30:00+00:00,4808.37,4808.37,4790.14,4793.33,4439,30,0
2026-04-08 11:45:00+00:00,4793.05,4803.29,4790.57,4793.68,4062,30,0
2026-04-08 12:00:00+00:00,4793.64,4801.1,4793.16,4800.54,3092,30,0
2026-04-08 12:15:00+00:00,4800.52,4806.7,4794.95,4798.39,3224,30,0
2026-04-08 12:30:00+00:00,4798.36,4803.63,4776.59,4782.29,3700,30,0
2026-04-08 12:45:00+00:00,4782.37,4788.43,4776.33,4783.06,4145,30,0
2026-04-08 13:00:00+00:00,4783.03,4790.19,4781.58,4782.59,3443,30,0
2026-04-08 13:15:00+00:00,4782.59,4783.23,4771.08,4782.53,3345,30,0
2026-04-08 13:30:00+00:00,4782.54,4791.97,4780.09,4791.43,2491,30,0
2026-04-08 13:45:00+00:00,4791.38,4796.01,4782.41,4782.46,3397,30,0
2026-04-08 14:00:00+00:00,4782.49,4790.64,4779.66,4787.09,2415,30,0
2026-04-08 14:15:00+00:00,4787.07,4796.82,4782.62,4789.64,3693,30,0
2026-04-08 14:30:00+00:00,4789.66,4792.24,4777.85,4790.03,4351,30,0
2026-04-08 14:45:00+00:00,4789.86,4802.59,4789.22,4798.38,4180,30,0
2026-04-08 15:00:00+00:00,4798.57,4807.04,4797.62,4805.13,4570,30,0
2026-04-08 15:15:00+00:00,4805.25,4805.25,4769.05,4783.94,6377,30,0
2026-04-08 15:30:00+00:00,4784.01,4797.83,4783.29,4794.72,4998,30,0
2026-04-08 15:45:00+00:00,4794.73,4802.38,4794.33,4799.49,4750,30,0
2026-04-08 16:00:00+00:00,4799.5,4806.54,4790.69,4793.05,5530,30,0
2026-04-08 16:15:00+00:00,4793.05,4799.12,4789.09,4790.3,5330,30,0
2026-04-08 16:30:00+00:00,4790.21,4794.62,4773.53,4774.13,8031,30,0
2026-04-08 16:45:00+00:00,4774.21,4788.62,4768.08,4777.55,7611,30,0
2026-04-08 17:00:00+00:00,4777.18,4791.89,4776.38,4779.95,7312,30,0
2026-04-08 17:15:00+00:00,4779.99,4785.16,4761.16,4767.71,7259,30,0
2026-04-08 17:30:00+00:00,4767.7,4770.13,4750.86,4760.24,7377,30,0
2026-04-08 17:45:00+00:00,4760.06,4764.94,4732.12,4736.0,7716,30,0
2026-04-08 18:00:00+00:00,4736.01,4749.32,4734.22,4743.48,7275,30,0
2026-04-08 18:15:00+00:00,4743.31,4757.4,4742.79,4750.6,6147,30,0
2026-04-08 18:30:00+00:00,4750.61,4761.29,4750.14,4755.52,5640,30,0
2026-04-08 18:45:00+00:00,4755.59,4762.95,4754.54,4756.31,4483,30,0
2026-04-08 19:00:00+00:00,4756.32,4762.47,4753.83,4754.07,4282,30,0
2026-04-08 19:15:00+00:00,4754.1,4755.0,4745.29,4749.86,5104,30,0
2026-04-08 19:30:00+00:00,4749.91,4760.11,4747.77,4758.48,4816,30,0
2026-04-08 19:45:00+00:00,4758.46,4765.44,4756.46,4760.37,3883,30,0
2026-04-08 20:00:00+00:00,4760.31,4764.25,4756.25,4760.73,3485,30,0
2026-04-08 20:15:00+00:00,4760.92,4762.5,4745.5,4750.86,4806,30,0
2026-04-08 20:30:00+00:00,4750.83,4754.2,4736.05,4740.45,5166,30,0
2026-04-08 20:45:00+00:00,4740.46,4741.54,4731.59,4733.8,4635,30,0
2026-04-08 21:00:00+00:00,4733.81,4744.33,4726.91,4743.39,4614,30,0
2026-04-08 21:15:00+00:00,4743.4,4744.31,4716.94,4722.15,6967,30,0
2026-04-08 21:30:00+00:00,4723.04,4724.86,4708.05,4709.22,5757,30,0
2026-04-08 21:45:00+00:00,4709.07,4716.74,4703.62,4704.98,5050,30,0
2026-04-08 22:00:00+00:00,4704.82,4716.21,4699.53,4715.38,5767,30,0
2026-04-08 22:15:00+00:00,4715.4,4718.42,4707.24,4708.44,3842,30,0
2026-04-08 22:30:00+00:00,4708.2,4724.73,4707.95,4721.81,4937,30,0
2026-04-08 22:45:00+00:00,4721.61,4731.7,4721.48,4730.46,4356,30,0
2026-04-08 23:00:00+00:00,4730.45,4732.06,4726.27,4727.7,2186,30,0
2026-04-08 23:15:00+00:00,4727.74,4729.86,4721.68,4723.07,1665,30,0
2026-04-08 23:30:00+00:00,4723.09,4724.03,4720.91,4722.2,1105,30,0
2026-04-08 23:45:00+00:00,4722.18,4724.43,4716.95,4719.13,2202,44,0
2026-04-09 01:00:00+00:00,4719.67,4733.95,4709.54,4712.36,2696,30,0
2026-04-09 01:15:00+00:00,4712.47,4717.54,4704.64,4713.68,3164,30,0
2026-04-09 01:30:00+00:00,4713.69,4719.42,4705.81,4712.56,3492,30,0
2026-04-09 01:45:00+00:00,4712.64,4719.86,4711.49,4717.56,1976,30,0
2026-04-09 02:00:00+00:00,4717.44,4717.47,4705.31,4708.42,2835,30,0
2026-04-09 02:15:00+00:00,4708.4,4715.9,4705.71,4709.75,2302,30,0
2026-04-09 02:30:00+00:00,4709.88,4715.63,4706.94,4713.19,2426,34,0
2026-04-09 02:45:00+00:00,4713.25,4719.81,4712.54,4715.59,3311,30,0
2026-04-09 03:00:00+00:00,4715.55,4715.65,4698.58,4702.33,5252,30,0
2026-04-09 03:15:00+00:00,4702.34,4712.12,4700.83,4706.3,4904,30,0
2026-04-09 03:30:00+00:00,4706.28,4718.18,4705.56,4718.1,4337,30,0
2026-04-09 03:45:00+00:00,4718.11,4718.97,4705.84,4706.65,3529,30,0
2026-04-09 04:00:00+00:00,4706.36,4721.66,4699.42,4720.4,6313,30,0
2026-04-09 04:15:00+00:00,4720.42,4723.36,4702.8,4704.79,5762,30,0
2026-04-09 04:30:00+00:00,4704.78,4721.34,4703.84,4717.38,5476,30,0
2026-04-09 04:45:00+00:00,4717.77,4728.02,4717.68,4727.08,4841,30,0
2026-04-09 05:00:00+00:00,4727.09,4728.61,4720.94,4722.71,4363,30,0
2026-04-09 05:15:00+00:00,4722.72,4727.68,4722.36,4725.22,2732,30,0
2026-04-09 05:30:00+00:00,4725.24,4732.49,4725.11,4732.21,3891,30,0
2026-04-09 05:45:00+00:00,4732.2,4732.82,4717.38,4718.94,3138,30,0
2026-04-09 06:00:00+00:00,4718.87,4720.1,4711.35,4712.45,3464,30,0
2026-04-09 06:15:00+00:00,4712.44,4713.08,4705.11,4712.38,4602,30,0
2026-04-09 06:30:00+00:00,4712.39,4714.68,4711.65,4714.54,2671,31,0
2026-04-09 06:45:00+00:00,4714.74,4714.74,4706.48,4711.34,3454,30,0
2026-04-09 07:00:00+00:00,4711.43,4722.27,4709.53,4721.69,2869,32,0
2026-04-09 07:15:00+00:00,4721.64,4723.23,4716.84,4716.84,1386,39,0
2026-04-09 07:30:00+00:00,4716.84,4723.31,4714.35,4720.74,2078,30,0
2026-04-09 07:45:00+00:00,4720.88,4725.32,4719.92,4720.77,1997,30,0
2026-04-09 08:00:00+00:00,4720.83,4723.57,4710.68,4713.71,2513,33,0
2026-04-09 08:15:00+00:00,4713.74,4726.4,4713.0,4726.15,3177,45,0
2026-04-09 08:30:00+00:00,4726.21,4726.45,4716.07,4723.56,4376,31,0
2026-04-09 08:45:00+00:00,4723.55,4724.06,4705.74,4713.04,3801,30,0
2026-04-09 09:00:00+00:00,4713.16,4725.27,4711.28,4719.21,4677,30,0
2026-04-09 09:15:00+00:00,4719.19,4721.83,4712.53,4718.19,3423,30,0
2026-04-09 09:30:00+00:00,4718.27,4722.93,4711.59,4713.53,3721,30,0
2026-04-09 09:45:00+00:00,4713.52,4715.05,4703.44,4712.49,4180,30,0
2026-04-09 10:00:00+00:00,4712.47,4730.38,4708.46,4724.3,4376,30,0
2026-04-09 10:15:00+00:00,4724.21,4724.41,4705.51,4708.36,4673,30,0
2026-04-09 10:30:00+00:00,4708.37,4731.32,4708.37,4722.54,4255,30,0
2026-04-09 10:45:00+00:00,4722.49,4724.69,4711.44,4724.29,3622,30,0
2026-04-09 11:00:00+00:00,4724.23,4726.27,4719.8,4723.82,2984,30,0
2026-04-09 11:15:00+00:00,4723.74,4727.6,4720.81,4721.23,2334,30,0
2026-04-09 11:30:00+00:00,4721.16,4732.88,4720.04,4729.66,2834,30,0
2026-04-09 11:45:00+00:00,4729.69,4732.98,4725.91,4726.11,2895,30,0
2026-04-09 12:00:00+00:00,4726.06,4733.02,4722.8,4730.62,2970,30,0
2026-04-09 12:15:00+00:00,4730.64,4733.13,4728.66,4729.62,2631,30,0
2026-04-09 12:30:00+00:00,4729.27,4732.43,4726.6,4726.67,2713,30,0
2026-04-09 12:45:00+00:00,4726.63,4730.38,4723.53,4729.12,2369,30,0
2026-04-09 13:00:00+00:00,4729.11,4732.82,4725.61,4727.18,2423,30,0
2026-04-09 13:15:00+00:00,4727.19,4739.66,4723.62,4738.04,3200,30,0
2026-04-09 13:30:00+00:00,4738.05,4741.23,4736.34,4740.59,2367,30,0
2026-04-09 13:45:00+00:00,4740.63,4746.55,4738.97,4740.9,3201,30,0
2026-04-09 14:00:00+00:00,4740.77,4744.04,4738.32,4739.01,2890,30,0
2026-04-09 14:15:00+00:00,4739.08,4747.16,4738.66,4745.64,2545,32,0
2026-04-09 14:30:00+00:00,4745.6,4751.32,4742.94,4751.13,3179,30,0
2026-04-09 14:45:00+00:00,4751.12,4757.41,4750.63,4756.38,3053,30,0
2026-04-09 15:00:00+00:00,4756.32,4759.51,4741.71,4742.31,3431,30,0
2026-04-09 15:15:00+00:00,4742.34,4744.08,4734.76,4737.91,4494,30,0
2026-04-09 15:30:00+00:00,4737.63,4747.96,4735.13,4743.8,4603,30,0
2026-04-09 15:45:00+00:00,4743.74,4747.33,4737.44,4745.85,3977,30,0
2026-04-09 16:00:00+00:00,4745.88,4756.69,4738.57,4754.59,5209,30,0
2026-04-09 16:15:00+00:00,4754.81,4758.46,4751.55,4752.61,4781,30,0
2026-04-09 16:30:00+00:00,4752.97,4776.95,4750.45,4775.62,7403,30,0
2026-04-09 16:45:00+00:00,4775.65,4776.55,4759.53,4764.27,6506,30,0
2026-04-09 17:00:00+00:00,4764.32,4776.02,4761.67,4770.74,6279,30,0
2026-04-09 17:15:00+00:00,4770.72,4773.06,4760.12,4765.47,5650,30,0
2026-04-09 17:30:00+00:00,4765.05,4767.41,4747.05,4755.92,6587,30,0
2026-04-09 17:45:00+00:00,4755.48,4768.85,4755.05,4768.4,4933,30,0
2026-04-09 18:00:00+00:00,4768.57,4770.35,4761.09,4769.0,4915,30,0
2026-04-09 18:15:00+00:00,4769.14,4786.16,4769.14,4778.77,6543,30,0
2026-04-09 18:30:00+00:00,4778.84,4797.83,4778.11,4790.13,6783,30,0
2026-04-09 18:45:00+00:00,4790.11,4794.07,4784.11,4792.63,6613,30,0
2026-04-09 19:00:00+00:00,4792.72,4800.94,4787.67,4788.01,5890,30,0
2026-04-09 19:15:00+00:00,4787.91,4797.59,4787.5,4792.64,4289,30,0
2026-04-09 19:30:00+00:00,4792.68,4795.3,4785.86,4787.26,4507,30,0
2026-04-09 19:45:00+00:00,4787.23,4791.09,4784.33,4788.69,4285,30,0
2026-04-09 20:00:00+00:00,4788.74,4793.9,4786.67,4793.04,3315,30,0
2026-04-09 20:15:00+00:00,4793.03,4798.15,4790.02,4792.67,4623,30,0
2026-04-09 20:30:00+00:00,4792.68,4801.14,4787.49,4795.17,4542,30,0
2026-04-09 20:45:00+00:00,4795.25,4800.81,4795.23,4797.62,2860,30,0
2026-04-09 21:00:00+00:00,4797.77,4797.93,4780.57,4783.68,5225,30,0
2026-04-09 21:15:00+00:00,4783.77,4788.18,4777.67,4781.95,5440,30,0
2026-04-09 21:30:00+00:00,4781.96,4782.14,4768.4,4770.25,4688,30,0
2026-04-09 21:45:00+00:00,4770.46,4774.32,4767.61,4771.97,3804,30,0
2026-04-09 22:00:00+00:00,4771.95,4782.41,4768.86,4779.5,3760,30,0
2026-04-09 22:15:00+00:00,4779.49,4780.49,4772.34,4773.46,3729,30,0
2026-04-09 22:30:00+00:00,4773.49,4777.93,4769.34,4772.06,3354,30,0
2026-04-09 22:45:00+00:00,4772.05,4773.84,4766.89,4768.54,3517,30,0
2026-04-09 23:00:00+00:00,4768.66,4771.28,4766.87,4769.7,1950,31,0
2026-04-09 23:15:00+00:00,4769.97,4773.21,4766.01,4769.88,1346,30,0
2026-04-09 23:30:00+00:00,4769.93,4771.5,4760.82,4764.25,1678,30,0
2026-04-09 23:45:00+00:00,4764.2,4768.72,4763.59,4765.48,1861,42,0
2026-04-10 01:00:00+00:00,4766.5,4780.33,4765.44,4769.85,2112,50,0
2026-04-10 01:15:00+00:00,4769.8,4770.9,4763.64,4764.34,1682,30,0
2026-04-10 01:30:00+00:00,4764.49,4767.03,4759.11,4761.08,1624,30,0
2026-04-10 01:45:00+00:00,4761.19,4764.37,4758.57,4763.93,1356,32,0
2026-04-10 02:00:00+00:00,4763.95,4764.0,4757.11,4759.36,1548,30,0
2026-04-10 02:15:00+00:00,4759.33,4761.42,4756.75,4758.18,1212,31,0
2026-04-10 02:30:00+00:00,4758.18,4762.93,4758.06,4759.89,1581,35,0
2026-04-10 02:45:00+00:00,4759.93,4764.14,4758.38,4763.55,1654,30,0
2026-04-10 03:00:00+00:00,4763.78,4763.78,4750.62,4753.79,3170,30,0
2026-04-10 03:15:00+00:00,4754.04,4758.26,4750.78,4753.5,2849,30,0
2026-04-10 03:30:00+00:00,4753.49,4761.0,4753.49,4755.36,2494,30,0
2026-04-10 03:45:00+00:00,4755.31,4762.77,4754.47,4762.62,2592,30,0
2026-04-10 04:00:00+00:00,4762.64,4766.92,4757.8,4760.53,5294,30,0
2026-04-10 04:15:00+00:00,4760.52,4765.17,4757.9,4762.24,4515,30,0
2026-04-10 04:30:00+00:00,4762.34,4776.92,4760.0,4771.66,3958,30,0
2026-04-10 04:45:00+00:00,4771.78,4773.18,4760.28,4764.37,3939,30,0
2026-04-10 05:00:00+00:00,4764.41,4765.22,4748.3,4752.19,4008,30,0
2026-04-10 05:15:00+00:00,4752.25,4753.89,4742.21,4744.44,3760,30,0
2026-04-10 05:30:00+00:00,4744.53,4749.85,4737.89,4749.41,4043,30,0
2026-04-10 05:45:00+00:00,4749.44,4753.41,4747.47,4752.86,3594,30,0
2026-04-10 06:00:00+00:00,4752.82,4761.74,4752.69,4759.89,4083,30,0
2026-04-10 06:15:00+00:00,4759.9,4761.98,4754.98,4755.83,3291,30,0
2026-04-10 06:30:00+00:00,4755.84,4768.41,4755.67,4765.19,2663,31,0
2026-04-10 06:45:00+00:00,4765.2,4769.47,4763.96,4766.34,2322,30,0
2026-04-10 07:00:00+00:00,4766.33,4767.97,4764.57,4767.04,1657,30,0
2026-04-10 07:15:00+00:00,4767.05,4770.67,4765.32,4765.45,1428,30,0
2026-04-10 07:30:00+00:00,4765.47,4765.59,4761.63,4762.39,1931,30,0
2026-04-10 07:45:00+00:00,4762.25,4765.31,4757.83,4758.46,1702,30,0
2026-04-10 08:00:00+00:00,4758.5,4763.06,4757.25,4759.75,2451,30,0
2026-04-10 08:15:00+00:00,4759.74,4763.75,4758.36,4759.66,2073,30,0
2026-04-10 08:30:00+00:00,4759.68,4768.2,4759.22,4764.61,3494,30,0
2026-04-10 08:45:00+00:00,4764.62,4769.04,4764.6,4765.74,3410,32,0
2026-04-10 09:00:00+00:00,4765.67,4765.75,4755.49,4756.2,3990,30,0
2026-04-10 09:15:00+00:00,4756.11,4757.41,4751.49,4755.3,4645,30,0
2026-04-10 09:30:00+00:00,4755.4,4758.36,4749.44,4750.88,4270,32,0
2026-04-10 09:45:00+00:00,4750.92,4754.17,4742.8,4746.14,3776,30,0
2026-04-10 10:00:00+00:00,4745.84,4752.47,4741.21,4747.01,2795,30,0
2026-04-10 10:15:00+00:00,4747.06,4755.91,4746.09,4753.51,2429,30,0
2026-04-10 10:30:00+00:00,4753.61,4757.45,4751.46,4754.0,1948,30,0
2026-04-10 10:45:00+00:00,4753.97,4754.92,4748.11,4749.46,1967,30,0
2026-04-10 11:00:00+00:00,4749.56,4753.21,4746.94,4749.72,2738,30,0
2026-04-10 11:15:00+00:00,4749.73,4749.93,4742.18,4746.6,2652,30,0
2026-04-10 11:30:00+00:00,4746.27,4752.1,4740.87,4742.19,2278,30,0
2026-04-10 11:45:00+00:00,4742.2,4743.67,4730.49,4740.57,3765,30,0
2026-04-10 12:00:00+00:00,4740.62,4746.66,4740.52,4746.65,2715,30,0
2026-04-10 12:15:00+00:00,4746.55,4760.6,4744.41,4748.71,4657,30,0
2026-04-10 12:30:00+00:00,4748.53,4751.01,4746.22,4750.31,3197,30,0
2026-04-10 12:45:00+00:00,4750.33,4752.97,4747.91,4751.39,2295,30,0
2026-04-10 13:00:00+00:00,4751.39,4753.12,4742.28,4746.99,2412,30,0
2026-04-10 13:15:00+00:00,4746.97,4760.52,4746.31,4758.1,3031,30,0
2026-04-10 13:30:00+00:00,4758.11,4759.66,4753.78,4755.46,2306,30,0
2026-04-10 13:45:00+00:00,4755.43,4759.6,4754.03,4756.99,2239,30,0
2026-04-10 14:00:00+00:00,4757.02,4759.52,4753.18,4755.59,2350,30,0
2026-04-10 14:15:00+00:00,4755.44,4762.41,4754.26,4761.52,2719,30,0
2026-04-10 14:30:00+00:00,4761.53,4766.98,4758.43,4766.95,2357,30,0
2026-04-10 14:45:00+00:00,4767.04,4768.67,4762.72,4767.95,2550,30,0
2026-04-10 15:00:00+00:00,4768.01,4769.78,4763.45,4766.59,3564,30,0
2026-04-10 15:15:00+00:00,4766.72,4771.16,4759.6,4761.96,2936,30,0
2026-04-10 15:30:00+00:00,4762.44,4782.14,4761.63,4772.37,5975,30,0
2026-04-10 15:45:00+00:00,4772.39,4774.0,4763.58,4771.62,5193,30,0
2026-04-10 16:00:00+00:00,4771.65,4777.54,4767.87,4772.37,5182,30,0
2026-04-10 16:15:00+00:00,4772.51,4779.97,4766.0,4775.53,4752,30,0
2026-04-10 16:30:00+00:00,4775.69,4778.5,4765.22,4769.02,6746,30,0
2026-04-10 16:45:00+00:00,4769.08,4777.69,4765.9,4774.95,5536,30,0
2026-04-10 17:00:00+00:00,4774.99,4780.52,4767.31,4779.9,5927,30,0
2026-04-10 17:15:00+00:00,4779.99,4792.76,4778.9,4790.53,5919,30,0
2026-04-10 17:30:00+00:00,4790.39,4794.98,4774.14,4780.66,4928,30,0
2026-04-10 17:45:00+00:00,4780.79,4783.14,4770.74,4774.6,6544,30,0
2026-04-10 18:00:00+00:00,4774.79,4783.72,4769.39,4781.63,5877,30,0
2026-04-10 18:15:00+00:00,4781.76,4787.16,4775.86,4775.95,3904,30,0
2026-04-10 18:30:00+00:00,4775.92,4778.26,4755.19,4765.79,6188,30,0
2026-04-10 18:45:00+00:00,4765.82,4769.81,4758.54,4762.15,5359,30,0
2026-04-10 19:00:00+00:00,4761.95,4763.33,4747.47,4763.05,5265,30,0
2026-04-10 19:15:00+00:00,4763.07,4765.02,4754.11,4758.36,4332,30,0
2026-04-10 19:30:00+00:00,4758.34,4765.22,4756.31,4756.76,5107,30,0
2026-04-10 19:45:00+00:00,4756.94,4765.95,4756.01,4763.67,3562,30,0
2026-04-10 20:00:00+00:00,4763.75,4766.19,4758.04,4764.52,3434,30,0
2026-04-10 20:15:00+00:00,4764.45,4768.5,4761.15,4762.69,3260,30,0
2026-04-10 20:30:00+00:00,4762.62,4765.54,4758.14,4758.97,3766,30,0
2026-04-10 20:45:00+00:00,4758.71,4764.95,4758.56,4760.26,3062,30,0
2026-04-10 21:00:00+00:00,4760.27,4763.7,4750.82,4763.42,3508,30,0
2026-04-10 21:15:00+00:00,4763.51,4769.33,4762.75,4765.75,2665,30,0
2026-04-10 21:30:00+00:00,4766.01,4773.12,4765.98,4767.95,2584,30,0
2026-04-10 21:45:00+00:00,4767.94,4768.1,4763.01,4765.14,2107,30,0
2026-04-10 22:00:00+00:00,4765.17,4767.93,4764.3,4766.69,2163,30,0
2026-04-10 22:15:00+00:00,4766.62,4770.4,4762.99,4763.42,2312,30,0
2026-04-10 22:30:00+00:00,4763.43,4765.28,4760.66,4763.61,2568,30,0
2026-04-10 22:45:00+00:00,4763.6,4764.36,4758.1,4759.6,3581,30,0
2026-04-10 23:00:00+00:00,4759.73,4759.78,4751.35,4753.3,2414,30,0
2026-04-10 23:15:00+00:00,4753.29,4753.4,4741.03,4745.39,2636,30,0
2026-04-10 23:30:00+00:00,4745.4,4752.22,4744.78,4750.82,1606,42,0
2026-04-10 23:45:00+00:00,4750.76,4751.82,4746.13,4749.21,1637,42,0
2026-04-13 01:00:00+00:00,4690.26,4690.71,4644.68,4675.56,3689,30,0
2026-04-13 01:15:00+00:00,4675.66,4682.19,4643.71,4646.73,4112,30,0
2026-04-13 01:30:00+00:00,4646.9,4659.04,4645.18,4657.72,5496,39,0
2026-04-13 01:45:00+00:00,4657.71,4660.29,4651.53,4658.92,4032,30,0
2026-04-13 02:00:00+00:00,4658.9,4660.55,4651.64,4659.28,4232,44,0
2026-04-13 02:15:00+00:00,4659.3,4659.72,4644.25,4653.21,3671,30,0
2026-04-13 02:30:00+00:00,4653.24,4660.26,4650.0,4655.56,3162,30,0
2026-04-13 02:45:00+00:00,4655.55,4671.71,4655.54,4671.15,4498,32,0
2026-04-13 03:00:00+00:00,4671.23,4673.18,4664.5,4672.18,4711,30,0
2026-04-13 03:15:00+00:00,4672.12,4675.85,4668.89,4672.8,4405,30,0
2026-04-13 03:30:00+00:00,4672.81,4682.88,4670.82,4678.27,3913,30,0
2026-04-13 03:45:00+00:00,4678.33,4698.31,4677.85,4695.46,3988,30,0
2026-04-13 04:00:00+00:00,4694.66,4719.3,4693.62,4714.91,7148,30,0
2026-04-13 04:15:00+00:00,4715.06,4721.33,4711.29,4717.26,5695,34,0
2026-04-13 04:30:00+00:00,4717.24,4721.32,4710.62,4714.07,5267,30,0
2026-04-13 04:45:00+00:00,4714.06,4727.94,4709.73,4721.1,5393,30,0
2026-04-13 05:00:00+00:00,4721.09,4725.64,4718.91,4722.39,4579,37,0
2026-04-13 05:15:00+00:00,4722.37,4724.51,4719.03,4719.79,3041,30,0
2026-04-13 05:30:00+00:00,4719.82,4727.82,4715.11,4715.2,4717,41,0
2026-04-13 05:45:00+00:00,4715.19,4721.41,4711.04,4720.35,4817,44,0
2026-04-13 06:00:00+00:00,4720.34,4721.57,4712.13,4713.68,4449,48,0
2026-04-13 06:15:00+00:00,4713.66,4721.01,4712.76,4718.81,3671,30,0
2026-04-13 06:30:00+00:00,4718.8,4723.79,4717.24,4722.09,2405,46,0
2026-04-13 06:45:00+00:00,4722.07,4722.28,4717.17,4718.04,2197,30,0
2026-04-13 07:00:00+00:00,4718.03,4718.37,4708.51,4714.48,2274,32,0
2026-04-13 07:15:00+00:00,4714.42,4715.65,4709.57,4712.54,2192,30,0
2026-04-13 07:30:00+00:00,4712.6,4719.31,4708.82,4718.61,2326,30,0
2026-04-13 07:45:00+00:00,4718.58,4724.81,4716.02,4722.98,2584,30,0
2026-04-13 08:00:00+00:00,4723.04,4726.01,4718.36,4719.16,2815,37,0
2026-04-13 08:15:00+00:00,4719.17,4721.36,4716.27,4720.41,2302,30,0
2026-04-13 08:30:00+00:00,4720.31,4724.7,4717.96,4721.08,4375,38,0
2026-04-13 08:45:00+00:00,4721.14,4730.61,4720.42,4729.26,4418,30,0
2026-04-13 09:00:00+00:00,4729.28,4729.49,4723.25,4725.87,5157,30,0
2026-04-13 09:15:00+00:00,4725.86,4731.77,4725.21,4731.5,4644,30,0
2026-04-13 09:30:00+00:00,4731.53,4732.62,4725.3,4726.22,4315,30,0
2026-04-13 09:45:00+00:00,4726.21,4726.32,4720.68,4725.46,3850,30,0
2026-04-13 10:00:00+00:00,4725.56,4738.54,4724.69,4727.99,5238,30,0
2026-04-13 10:15:00+00:00,4727.98,4732.65,4726.41,4730.67,3559,30,0
2026-04-13 10:30:00+00:00,4730.79,4733.62,4727.29,4732.15,3824,32,0
2026-04-13 10:45:00+00:00,4732.08,4739.88,4728.06,4733.5,4186,30,0
2026-04-13 11:00:00+00:00,4733.3,4738.45,4732.1,4732.65,3696,30,0
2026-04-13 11:15:00+00:00,4732.59,4734.14,4729.98,4731.91,2583,30,0
2026-04-13 11:30:00+00:00,4731.86,4736.08,4720.74,4721.25,3043,30,0
2026-04-13 11:45:00+00:00,4721.16,4729.69,4720.04,4723.18,3424,30,0
2026-04-13 12:00:00+00:00,4723.17,4728.4,4715.87,4719.05,4100,30,0
2026-04-13 12:15:00+00:00,4718.98,4721.22,4714.1,4715.04,2839,30,0
2026-04-13 12:30:00+00:00,4715.09,4719.9,4710.39,4714.12,3155,30,0
2026-04-13 12:45:00+00:00,4713.99,4716.46,4710.78,4714.42,2331,30,0
2026-04-13 13:00:00+00:00,4714.44,4718.7,4713.5,4717.68,2496,30,0
2026-04-13 13:15:00+00:00,4717.71,4717.9,4708.37,4712.4,2687,30,0
2026-04-13 13:30:00+00:00,4712.44,4718.46,4711.54,4717.86,2538,30,0
2026-04-13 13:45:00+00:00,4717.83,4723.8,4717.36,4721.94,2711,30,0
2026-04-13 14:00:00+00:00,4722.02,4728.99,4720.07,4721.44,3381,30,0
2026-04-13 14:15:00+00:00,4721.5,4723.48,4718.46,4720.98,2685,30,0
2026-04-13 14:30:00+00:00,4720.85,4722.31,4704.06,4707.64,3909,30,0
2026-04-13 14:45:00+00:00,4707.58,4711.81,4703.61,4706.48,4278,30,0
2026-04-13 15:00:00+00:00,4706.76,4720.09,4703.51,4717.12,4771,30,0
2026-04-13 15:15:00+00:00,4717.5,4717.86,4703.66,4710.43,3495,30,0
2026-04-13 15:30:00+00:00,4710.44,4716.28,4708.84,4715.59,4526,30,0
2026-04-13 15:45:00+00:00,4715.56,4725.06,4715.33,4723.34,3619,30,0
2026-04-13 16:00:00+00:00,4723.26,4736.0,4722.42,4734.18,5939,30,0
2026-04-13 16:15:00+00:00,4734.2,4737.29,4728.74,4733.14,4355,30,0
2026-04-13 16:30:00+00:00,4733.18,4737.12,4724.26,4726.83,6907,30,0
2026-04-13 16:45:00+00:00,4726.69,4744.5,4721.25,4730.56,7794,30,0
2026-04-13 17:00:00+00:00,4730.37,4731.09,4720.26,4727.11,6898,30,0
2026-04-13 17:15:00+00:00,4727.27,4727.8,4709.45,4715.31,7070,30,0
2026-04-13 17:30:00+00:00,4715.21,4722.52,4708.69,4721.68,5909,30,0
2026-04-13 17:45:00+00:00,4721.63,4723.33,4710.17,4719.0,5307,30,0
2026-04-13 18:00:00+00:00,4718.94,4719.73,4700.19,4707.5,7091,30,0
2026-04-13 18:15:00+00:00,4707.44,4711.33,4702.73,4703.58,5989,30,0
2026-04-13 18:30:00+00:00,4703.64,4718.09,4702.1,4712.4,5199,30,0
2026-04-13 18:45:00+00:00,4712.27,4715.67,4710.67,4714.37,3367,30,0
2026-04-13 19:00:00+00:00,4714.28,4720.76,4709.23,4719.62,5033,30,0
2026-04-13 19:15:00+00:00,4719.91,4734.02,4718.7,4730.29,5635,30,0
2026-04-13 19:30:00+00:00,4730.26,4740.42,4728.44,4740.19,7024,30,0
2026-04-13 19:45:00+00:00,4740.33,4746.04,4732.07,4732.94,6181,30,0
2026-04-13 20:00:00+00:00,4732.95,4738.42,4725.34,4730.79,4089,30,0
2026-04-13 20:15:00+00:00,4730.86,4750.02,4729.57,4742.99,4895,30,0
2026-04-13 20:30:00+00:00,4742.98,4747.29,4742.53,4743.88,3909,30,0
2026-04-13 20:45:00+00:00,4743.87,4743.94,4727.21,4729.74,3744,30,0
2026-04-13 21:00:00+00:00,4729.75,4732.9,4728.75,4730.04,2980,36,0
2026-04-13 21:15:00+00:00,4730.02,4731.0,4723.15,4727.19,2824,30,0
2026-04-13 21:30:00+00:00,4727.23,4735.13,4726.59,4733.37,4015,37,0
2026-04-13 21:45:00+00:00,4733.35,4740.65,4733.34,4738.2,4666,30,0
2026-04-13 22:00:00+00:00,4738.2,4739.41,4730.45,4734.71,3918,40,0
2026-04-13 22:15:00+00:00,4734.73,4743.89,4734.73,4743.09,1775,30,0
2026-04-13 22:30:00+00:00,4743.03,4747.33,4738.94,4741.67,2689,30,0
2026-04-13 22:45:00+00:00,4741.7,4745.74,4739.33,4741.11,3528,30,0
2026-04-13 23:00:00+00:00,4741.14,4744.04,4739.74,4742.3,1575,30,0
2026-04-13 23:15:00+00:00,4742.31,4743.71,4738.38,4739.27,1135,32,0
2026-04-13 23:30:00+00:00,4739.28,4740.48,4738.34,4739.82,804,40,0
2026-04-13 23:45:00+00:00,4739.7,4741.54,4738.08,4740.04,1405,35,0
2026-04-14 01:00:00+00:00,4744.11,4755.7,4744.11,4748.28,2182,51,0
2026-04-14 01:15:00+00:00,4748.69,4749.69,4745.74,4748.51,903,50,0
2026-04-14 01:30:00+00:00,4748.51,4750.22,4746.1,4750.22,1255,48,0
2026-04-14 01:45:00+00:00,4750.43,4759.36,4749.07,4757.87,1698,31,0
2026-04-14 02:00:00+00:00,4757.93,4765.85,4757.86,4762.83,2558,30,0
2026-04-14 02:15:00+00:00,4762.82,4763.38,4754.72,4755.25,1868,40,0
2026-04-14 02:30:00+00:00,4755.28,4761.42,4754.37,4759.31,2061,30,0
2026-04-14 02:45:00+00:00,4759.33,4761.61,4756.49,4757.41,1598,30,0
2026-04-14 03:00:00+00:00,4757.65,4760.24,4751.43,4759.5,3957,30,0
2026-04-14 03:15:00+00:00,4759.52,4767.41,4759.5,4762.27,3454,36,0
2026-04-14 03:30:00+00:00,4762.32,4775.61,4761.25,4770.2,3600,48,0
2026-04-14 03:45:00+00:00,4770.19,4771.95,4768.35,4769.81,3179,30,0
2026-04-14 04:00:00+00:00,4769.79,4776.85,4762.31,4775.99,6279,30,0
2026-04-14 04:15:00+00:00,4776.12,4776.38,4769.62,4770.23,4515,30,0
2026-04-14 04:30:00+00:00,4770.21,4772.96,4764.16,4772.66,4535,30,0
2026-04-14 04:45:00+00:00,4772.67,4773.49,4761.64,4764.58,4182,30,0
2026-04-14 05:00:00+00:00,4764.61,4771.09,4762.68,4767.97,3555,30,0
2026-04-14 05:15:00+00:00,4767.89,4772.33,4767.47,4768.71,1379,32,0
2026-04-14 05:30:00+00:00,4768.66,4772.63,4761.86,4772.24,3442,30,0
2026-04-14 05:45:00+00:00,4772.31,4777.16,4772.09,4774.99,3261,30,0
2026-04-14 06:00:00+00:00,4774.98,4775.4,4768.53,4768.89,2941,31,0
2026-04-14 06:15:00+00:00,4768.93,4771.24,4765.77,4768.21,2476,31,0
2026-04-14 06:30:00+00:00,4768.25,4769.52,4765.6,4767.49,1454,45,0
2026-04-14 06:45:00+00:00,4767.45,4771.82,4767.38,4767.9,1483,39,0
2026-04-14 07:00:00+00:00,4768.03,4770.29,4766.92,4768.69,1033,36,0
2026-04-14 07:15:00+00:00,4768.62,4776.82,4768.45,4775.9,2002,30,0
2026-04-14 07:30:00+00:00,4775.92,4776.14,4771.4,4773.4,1486,30,0
2026-04-14 07:45:00+00:00,4773.42,4775.85,4772.61,4774.04,1701,30,0
2026-04-14 08:00:00+00:00,4774.05,4774.11,4763.24,4765.3,1932,30,0
2026-04-14 08:15:00+00:00,4765.34,4767.93,4761.39,4764.61,1941,30,0
2026-04-14 08:30:00+00:00,4764.6,4767.1,4757.85,4760.87,4638,30,0
2026-04-14 08:45:00+00:00,4760.86,4766.61,4759.17,4759.92,3250,30,0
2026-04-14 09:00:00+00:00,4760.02,4769.62,4759.86,4765.81,3828,30,0
2026-04-14 09:15:00+00:00,4765.76,4767.99,4763.29,4767.6,3047,30,0
2026-04-14 09:30:00+00:00,4767.53,4770.29,4764.26,4769.45,2797,30,0
2026-04-14 09:45:00+00:00,4769.48,4782.94,4768.84,4782.06,5127,30,0
2026-04-14 10:00:00+00:00,4782.04,4796.17,4780.95,4789.97,5727,30,0
2026-04-14 10:15:00+00:00,4789.95,4791.51,4767.74,4772.47,4744,30,0
2026-04-14 10:30:00+00:00,4772.66,4779.63,4771.67,4777.8,3640,30,0
2026-04-14 10:45:00+00:00,4777.81,4780.59,4773.81,4777.03,3922,30,0
2026-04-14 11:00:00+00:00,4776.77,4782.41,4774.08,4780.38,4575,30,0
2026-04-14 11:15:00+00:00,4780.32,4786.39,4775.55,4785.85,3571,30,0
2026-04-14 11:30:00+00:00,4785.9,4789.73,4782.49,4784.72,2849,30,0
2026-04-14 11:45:00+00:00,4784.78,4786.74,4781.25,4786.74,2701,30,0
2026-04-14 12:00:00+00:00,4786.86,4787.79,4780.22,4785.66,2835,30,0
2026-04-14 12:15:00+00:00,4785.68,4789.15,4778.45,4778.45,2538,30,0
2026-04-14 12:30:00+00:00,4778.5,4779.46,4771.38,4778.2,3075,30,0
2026-04-14 12:45:00+00:00,4778.17,4782.19,4772.87,4778.17,2589,30,0
2026-04-14 13:00:00+00:00,4778.25,4784.78,4778.25,4782.07,2549,30,0
2026-04-14 13:15:00+00:00,4782.1,4787.85,4780.37,4783.81,1995,30,0
2026-04-14 13:30:00+00:00,4783.8,4784.4,4752.23,4767.28,4402,30,0
2026-04-14 13:45:00+00:00,4767.13,4772.23,4766.82,4768.23,3686,30,0
2026-04-14 14:00:00+00:00,4768.05,4776.87,4766.69,4776.56,3592,30,0
2026-04-14 14:15:00+00:00,4776.76,4782.85,4775.11,4778.02,2782,30,0
2026-04-14 14:30:00+00:00,4778.31,4779.66,4773.07,4777.95,2808,30,0
2026-04-14 14:45:00+00:00,4778.09,4782.79,4770.49,4774.81,3020,30,0
2026-04-14 15:00:00+00:00,4774.98,4777.48,4768.77,4769.71,4060,30,0
2026-04-14 15:15:00+00:00,4769.74,4772.45,4762.49,4769.21,4456,30,0
2026-04-14 15:30:00+00:00,4769.21,4776.1,4767.34,4768.87,4596,30,0
2026-04-14 15:45:00+00:00,4768.87,4773.48,4762.16,4771.19,4183,30,0
2026-04-14 16:00:00+00:00,4771.21,4781.92,4770.94,4781.92,4967,30,0
2026-04-14 16:15:00+00:00,4781.9,4792.39,4780.99,4782.79,5468,30,0
2026-04-14 16:30:00+00:00,4782.82,4803.39,4780.04,4793.03,7269,30,0
2026-04-14 16:45:00+00:00,4792.63,4796.31,4788.93,4794.55,5925,30,0
2026-04-14 17:00:00+00:00,4795.28,4803.61,4792.93,4794.74,6534,30,0
2026-04-14 17:15:00+00:00,4794.78,4810.48,4794.78,4809.21,5634,30,0
2026-04-14 17:30:00+00:00,4809.14,4817.76,4798.33,4798.5,6082,30,0
2026-04-14 17:45:00+00:00,4798.65,4806.45,4795.22,4803.73,4906,30,0
2026-04-14 18:00:00+00:00,4803.7,4803.78,4790.92,4794.4,5915,30,0
2026-04-14 18:15:00+00:00,4794.49,4805.6,4792.94,4802.28,5384,30,0
2026-04-14 18:30:00+00:00,4802.41,4813.57,4802.33,4809.17,4726,30,0
2026-04-14 18:45:00+00:00,4809.31,4816.05,4806.51,4808.03,5237,31,0
2026-04-14 19:00:00+00:00,4808.04,4813.94,4804.92,4809.29,4070,30,0
2026-04-14 19:15:00+00:00,4809.28,4819.26,4807.02,4816.3,3919,30,0
2026-04-14 19:30:00+00:00,4816.31,4820.16,4813.39,4815.09,3605,30,0
2026-04-14 19:45:00+00:00,4815.36,4818.18,4809.09,4810.07,4709,30,0
2026-04-14 20:00:00+00:00,4810.04,4833.58,4809.36,4826.99,4473,30,0
2026-04-14 20:15:00+00:00,4827.05,4831.76,4824.61,4825.46,3755,30,0
2026-04-14 20:30:00+00:00,4825.55,4841.19,4825.06,4837.01,3561,30,0
2026-04-14 20:45:00+00:00,4837.0,4839.65,4834.2,4834.86,3387,30,0
2026-04-14 21:00:00+00:00,4834.95,4843.21,4834.33,4838.64,3338,30,0
2026-04-14 21:15:00+00:00,4838.62,4839.85,4833.07,4837.55,4169,30,0
2026-04-14 21:30:00+00:00,4837.37,4839.04,4833.81,4834.28,3389,30,0
2026-04-14 21:45:00+00:00,4834.27,4836.27,4830.84,4835.46,2697,30,0
2026-04-14 22:00:00+00:00,4835.46,4842.31,4835.46,4840.86,2630,30,0
2026-04-14 22:15:00+00:00,4840.85,4842.13,4838.37,4840.55,2415,30,0
2026-04-14 22:30:00+00:00,4840.29,4843.48,4838.47,4840.91,2802,30,0
2026-04-14 22:45:00+00:00,4840.95,4846.16,4839.91,4844.74,4006,30,0
2026-04-14 23:00:00+00:00,4844.73,4846.04,4841.86,4842.72,1468,30,0
2026-04-14 23:15:00+00:00,4842.76,4843.3,4839.5,4840.33,814,30,0
2026-04-14 23:30:00+00:00,4840.37,4842.93,4839.7,4842.13,977,37,0
2026-04-14 23:45:00+00:00,4841.99,4843.22,4840.17,4841.53,1276,30,0
2026-04-15 01:00:00+00:00,4840.29,4850.74,4838.06,4844.76,2601,31,0
2026-04-15 01:15:00+00:00,4844.77,4847.05,4836.41,4839.9,2174,30,0
2026-04-15 01:30:00+00:00,4839.83,4843.01,4837.66,4840.13,1777,30,0
2026-04-15 01:45:00+00:00,4840.1,4840.26,4833.14,4834.94,2167,30,0
2026-04-15 02:00:00+00:00,4834.89,4843.82,4833.65,4837.11,2422,30,0
2026-04-15 02:15:00+00:00,4837.1,4839.31,4834.94,4835.85,2415,30,0
2026-04-15 02:30:00+00:00,4835.79,4842.74,4835.09,4842.08,3204,30,0
2026-04-15 02:45:00+00:00,4842.12,4843.81,4836.13,4836.96,3080,30,0
2026-04-15 03:00:00+00:00,4837.1,4839.76,4831.53,4833.7,3722,30,0
2026-04-15 03:15:00+00:00,4833.64,4836.25,4828.65,4833.51,2788,31,0
2026-04-15 03:30:00+00:00,4833.61,4833.61,4827.15,4829.97,2182,30,0
2026-04-15 03:45:00+00:00,4829.99,4837.33,4829.11,4835.28,2332,42,0
2026-04-15 04:00:00+00:00,4835.27,4852.16,4827.98,4850.15,5691,30,0
2026-04-15 04:15:00+00:00,4850.16,4871.17,4842.1,4850.64,6217,30,0
2026-04-15 04:30:00+00:00,4850.61,4851.3,4842.52,4843.45,4659,39,0
2026-04-15 04:45:00+00:00,4843.36,4848.82,4839.78,4847.0,4154,30,0
2026-04-15 05:00:00+00:00,4846.9,4853.35,4844.63,4845.13,5135,30,0
2026-04-15 05:15:00+00:00,4845.1,4845.86,4832.36,4834.49,3554,30,0
2026-04-15 05:30:00+00:00,4834.46,4835.35,4821.33,4828.23,6246,30,0
2026-04-15 05:45:00+00:00,4828.21,4830.24,4820.48,4823.76,5205,30,0
2026-04-15 06:00:00+00:00,4823.74,4825.02,4816.83,4820.73,4998,30,0
2026-04-15 06:15:00+00:00,4820.77,4827.72,4820.36,4826.34,2435,30,0
2026-04-15 06:30:00+00:00,4826.22,4828.57,4825.3,4828.28,1472,33,0
2026-04-15 06:45:00+00:00,4828.24,4829.38,4823.67,4823.8,2128,30,0
2026-04-15 07:00:00+00:00,4823.79,4826.23,4820.32,4825.25,1932,32,0
2026-04-15 07:15:00+00:00,4825.24,4826.47,4821.16,4824.48,1216,30,0
2026-04-15 07:30:00+00:00,4824.54,4827.61,4823.17,4823.35,1134,30,0
2026-04-15 07:45:00+00:00,4823.41,4826.1,4821.26,4824.88,1160,40,0
2026-04-15 08:00:00+00:00,4824.95,4828.5,4822.56,4826.67,3206,30,0
2026-04-15 08:15:00+00:00,4826.69,4830.19,4824.26,4826.07,3143,30,0
2026-04-15 08:30:00+00:00,4826.02,4827.75,4812.44,4816.59,5328,30,0
2026-04-15 08:45:00+00:00,4816.66,4823.48,4814.15,4819.51,3634,30,0
2026-04-15 09:00:00+00:00,4819.55,4824.86,4816.37,4818.9,3716,30,0
2026-04-15 09:15:00+00:00,4818.92,4819.43,4813.47,4814.53,3363,30,0
2026-04-15 09:30:00+00:00,4814.46,4817.58,4811.14,4816.01,3895,30,0
2026-04-15 09:45:00+00:00,4816.0,4822.05,4810.97,4811.55,3890,30,0
2026-04-15 10:00:00+00:00,4811.59,4816.83,4803.94,4815.62,3958,30,0
2026-04-15 10:15:00+00:00,4815.7,4816.01,4805.54,4812.63,3946,30,0
2026-04-15 10:30:00+00:00,4812.35,4815.67,4808.49,4810.09,2834,30,0
2026-04-15 10:45:00+00:00,4810.1,4812.54,4805.8,4811.09,2956,30,0
2026-04-15 11:00:00+00:00,4810.88,4812.46,4804.48,4811.34,3117,30,0
2026-04-15 11:15:00+00:00,4811.35,4814.19,4805.9,4809.78,3332,30,0
2026-04-15 11:30:00+00:00,4809.81,4812.8,4805.37,4810.28,3191,30,0
2026-04-15 11:45:00+00:00,4810.26,4820.62,4809.71,4818.35,2488,30,0
2026-04-15 12:00:00+00:00,4818.32,4819.4,4792.52,4804.85,5519,30,0
2026-04-15 12:15:00+00:00,4804.91,4807.2,4797.35,4797.86,3715,30,0
2026-04-15 12:30:00+00:00,4797.12,4803.63,4795.21,4796.13,3706,30,0
2026-04-15 12:45:00+00:00,4796.08,4800.26,4786.08,4798.05,3625,30,0
2026-04-15 13:00:00+00:00,4797.95,4803.01,4795.28,4801.09,3210,30,0
2026-04-15 13:15:00+00:00,4801.05,4801.24,4790.27,4794.91,5234,30,0
2026-04-15 13:30:00+00:00,4794.89,4800.55,4792.88,4800.06,4313,30,0
2026-04-15 13:45:00+00:00,4800.12,4805.15,4799.49,4800.03,3662,30,0
2026-04-15 14:00:00+00:00,4799.93,4804.19,4795.42,4802.19,2908,32,0
2026-04-15 14:15:00+00:00,4802.19,4806.93,4799.58,4804.79,3263,37,0
2026-04-15 14:30:00+00:00,4804.87,4808.57,4802.61,4805.79,3480,30,0
2026-04-15 14:45:00+00:00,4805.85,4814.91,4804.01,4812.49,4868,30,0
2026-04-15 15:00:00+00:00,4812.2,4814.16,4806.8,4813.8,4318,35,0
2026-04-15 15:15:00+00:00,4814.02,4815.99,4809.95,4812.53,3285,30,0
2026-04-15 15:30:00+00:00,4812.49,4815.91,4810.27,4811.56,2723,30,0
2026-04-15 15:45:00+00:00,4811.53,4815.39,4808.27,4811.49,2868,38,0
2026-04-15 16:00:00+00:00,4811.4,4816.4,4808.51,4813.94,5289,30,0
2026-04-15 16:15:00+00:00,4813.93,4821.79,4810.05,4821.58,4190,32,0
2026-04-15 16:30:00+00:00,4821.54,4825.28,4815.69,4820.42,7031,30,0
2026-04-15 16:45:00+00:00,4820.5,4830.06,4819.81,4828.78,5762,30,0
2026-04-15 17:00:00+00:00,4828.49,4829.73,4820.44,4828.52,5049,30,0
2026-04-15 17:15:00+00:00,4828.52,4830.38,4822.1,4825.04,5005,30,0
2026-04-15 17:30:00+00:00,4825.11,4825.57,4815.28,4819.19,5696,30,0
2026-04-15 17:45:00+00:00,4819.22,4819.4,4813.24,4815.32,5023,30,0
2026-04-15 18:00:00+00:00,4815.34,4816.04,4800.07,4809.99,6120,30,0
2026-04-15 18:15:00+00:00,4809.87,4810.54,4797.5,4798.18,4858,30,0
2026-04-15 18:30:00+00:00,4798.08,4806.26,4786.88,4803.4,5831,30,0
2026-04-15 18:45:00+00:00,4803.28,4807.33,4799.36,4801.41,4006,30,0
2026-04-15 19:00:00+00:00,4801.28,4810.38,4800.19,4808.28,4180,30,0
2026-04-15 19:15:00+00:00,4808.04,4812.48,4805.14,4811.16,3376,30,0
2026-04-15 19:30:00+00:00,4811.23,4811.8,4802.76,4804.36,4306,30,0
2026-04-15 19:45:00+00:00,4804.31,4807.11,4800.05,4803.76,4546,30,0
2026-04-15 20:00:00+00:00,4803.74,4804.8,4797.81,4797.97,3295,38,0
2026-04-15 20:15:00+00:00,4797.99,4808.61,4797.99,4801.7,3302,30,0
2026-04-15 20:30:00+00:00,4801.5,4802.61,4792.05,4793.41,3743,30,0
2026-04-15 20:45:00+00:00,4793.43,4795.63,4790.66,4792.36,3106,30,0
2026-04-15 21:00:00+00:00,4792.42,4800.76,4790.15,4796.87,4503,30,0
2026-04-15 21:15:00+00:00,4796.85,4798.6,4792.58,4794.56,3190,30,0
2026-04-15 21:30:00+00:00,4794.86,4798.32,4794.44,4796.82,2354,40,0
2026-04-15 21:45:00+00:00,4796.82,4801.99,4796.76,4799.63,2742,30,0
2026-04-15 22:00:00+00:00,4799.49,4803.23,4797.94,4798.52,3106,30,0
2026-04-15 22:15:00+00:00,4798.55,4802.94,4797.53,4802.74,2280,44,0
2026-04-15 22:30:00+00:00,4802.7,4802.77,4795.15,4796.99,2670,30,0
2026-04-15 22:45:00+00:00,4796.84,4801.37,4794.43,4795.64,3888,30,0
2026-04-15 23:00:00+00:00,4795.87,4796.49,4792.52,4793.6,1639,41,0
2026-04-15 23:15:00+00:00,4793.61,4795.75,4793.17,4793.73,1094,46,0
2026-04-15 23:30:00+00:00,4793.69,4793.69,4790.11,4790.72,1039,36,0
2026-04-15 23:45:00+00:00,4790.73,4792.94,4787.62,4790.56,2257,43,0
2026-04-16 01:00:00+00:00,4792.78,4799.28,4790.76,4791.9,1895,30,0
2026-04-16 01:15:00+00:00,4791.85,4801.9,4791.82,4801.06,2129,46,0
2026-04-16 01:30:00+00:00,4801.1,4803.25,4799.1,4801.19,1948,46,0
2026-04-16 01:45:00+00:00,4801.2,4811.73,4800.94,4807.43,2255,30,0
2026-04-16 02:00:00+00:00,4807.37,4812.96,4807.37,4812.45,1503,30,0
2026-04-16 02:15:00+00:00,4812.5,4815.57,4812.16,4814.91,1305,30,0
2026-04-16 02:30:00+00:00,4814.86,4824.11,4814.45,4823.03,2179,30,0
2026-04-16 02:45:00+00:00,4823.0,4826.55,4821.88,4823.29,2377,30,0
2026-04-16 03:00:00+00:00,4823.04,4831.13,4823.04,4829.65,3143,30,0
2026-04-16 03:15:00+00:00,4829.64,4830.91,4822.35,4824.6,3080,31,0
2026-04-16 03:30:00+00:00,4824.56,4837.52,4820.73,4832.5,2906,30,0
2026-04-16 03:45:00+00:00,4832.58,4837.34,4830.7,4832.97,3251,46,0
2026-04-16 04:00:00+00:00,4832.89,4836.22,4828.71,4829.71,4911,34,0
2026-04-16 04:15:00+00:00,4829.66,4830.26,4822.79,4823.57,3533,30,0
2026-04-16 04:30:00+00:00,4823.55,4825.55,4811.17,4815.77,4431,30,0
2026-04-16 04:45:00+00:00,4815.81,4822.02,4815.19,4817.78,3457,30,0
2026-04-16 05:00:00+00:00,4817.79,4824.81,4817.14,4821.23,3699,46,0
2026-04-16 05:15:00+00:00,4820.97,4823.32,4818.96,4819.04,2359,30,0
2026-04-16 05:30:00+00:00,4819.06,4821.29,4812.36,4817.1,4774,30,0
2026-04-16 05:45:00+00:00,4817.19,4820.85,4815.32,4819.54,3317,30,0
2026-04-16 06:00:00+00:00,4819.32,4826.95,4818.92,4826.41,2612,46,0
2026-04-16 06:15:00+00:00,4826.4,4826.53,4822.47,4823.68,2448,46,0
2026-04-16 06:30:00+00:00,4823.72,4825.79,4818.95,4820.29,2366,30,0
2026-04-16 06:45:00+00:00,4820.28,4826.55,4820.26,4823.9,1241,39,0
2026-04-16 07:00:00+00:00,4823.79,4827.05,4823.02,4826.69,1650,34,0
2026-04-16 07:15:00+00:00,4826.83,4829.85,4825.59,4826.3,1413,30,0
2026-04-16 07:30:00+00:00,4826.28,4831.19,4825.07,4830.44,1292,30,0
2026-04-16 07:45:00+00:00,4830.4,4833.36,4829.5,4832.93,968,39,0
2026-04-16 08:00:00+00:00,4833.02,4838.2,4832.53,4834.34,2280,30,0
2026-04-16 08:15:00+00:00,4833.94,4836.11,4831.6,4833.2,1780,30,0
2026-04-16 08:30:00+00:00,4833.19,4833.71,4824.45,4825.13,4196,30,0
2026-04-16 08:45:00+00:00,4825.02,4829.28,4821.2,4821.23,3613,30,0
2026-04-16 09:00:00+00:00,4821.2,4827.59,4821.15,4822.59,3414,43,0
2026-04-16 09:15:00+00:00,4822.65,4825.14,4814.41,4815.99,4356,30,0
2026-04-16 09:30:00+00:00,4816.14,4824.67,4814.81,4824.04,3976,30,0
2026-04-16 09:45:00+00:00,4824.03,4830.41,4822.32,4825.89,4661,30,0
2026-04-16 10:00:00+00:00,4825.9,4830.79,4822.9,4824.89,4284,30,0
2026-04-16 10:15:00+00:00,4824.9,4829.45,4817.02,4828.06,4452,30,0
2026-04-16 10:30:00+00:00,4828.19,4830.01,4824.46,4827.31,2323,30,0
2026-04-16 10:45:00+00:00,4827.36,4828.01,4819.28,4821.0,2206,30,0
2026-04-16 11:00:00+00:00,4821.09,4821.93,4807.21,4811.47,3984,30,0
2026-04-16 11:15:00+00:00,4811.48,4814.73,4809.4,4811.46,3665,30,0
2026-04-16 11:30:00+00:00,4811.43,4813.42,4806.54,4811.9,2987,30,0
2026-04-16 11:45:00+00:00,4811.88,4814.68,4808.29,4813.73,2834,30,0
2026-04-16 12:00:00+00:00,4813.71,4817.88,4811.71,4816.06,2213,30,0
2026-04-16 12:15:00+00:00,4816.2,4816.93,4811.17,4813.03,2070,30,0
2026-04-16 12:30:00+00:00,4812.96,4814.83,4806.66,4814.58,4232,30,0
2026-04-16 12:45:00+00:00,4814.57,4815.34,4809.99,4812.72,3592,30,0
2026-04-16 13:00:00+00:00,4812.75,4815.49,4806.87,4806.96,2858,31,0
2026-04-16 13:15:00+00:00,4806.88,4810.02,4805.09,4806.93,1918,30,0
2026-04-16 13:30:00+00:00,4806.9,4812.11,4804.98,4808.2,2158,30,0
2026-04-16 13:45:00+00:00,4808.16,4817.17,4806.43,4817.06,2755,30,0
2026-04-16 14:00:00+00:00,4817.07,4820.52,4816.28,4817.44,3676,30,0
2026-04-16 14:15:00+00:00,4817.61,4819.9,4815.43,4815.98,2617,30,0
2026-04-16 14:30:00+00:00,4816.01,4819.81,4815.76,4817.68,2445,34,0
2026-04-16 14:45:00+00:00,4817.67,4822.32,4815.98,4821.95,2897,33,0
2026-04-16 15:00:00+00:00,4821.97,4822.98,4811.43,4817.15,3500,30,0
2026-04-16 15:15:00+00:00,4816.9,4818.46,4813.81,4815.11,2509,30,0
2026-04-16 15:30:00+00:00,4814.94,4820.62,4811.6,4816.99,3582,34,0
2026-04-16 15:45:00+00:00,4816.97,4818.98,4813.79,4816.07,2446,30,0
2026-04-16 16:00:00+00:00,4816.09,4822.87,4813.96,4817.22,4148,30,0
2026-04-16 16:15:00+00:00,4817.15,4821.09,4814.99,4815.5,3690,30,0
2026-04-16 16:30:00+00:00,4815.52,4823.86,4812.42,4816.09,6796,30,0
2026-04-16 16:45:00+00:00,4816.11,4819.47,4784.49,4794.68,7468,30,0
2026-04-16 17:00:00+00:00,4794.65,4805.15,4784.99,4800.81,7253,30,0
2026-04-16 17:15:00+00:00,4800.89,4802.83,4790.75,4798.91,6755,30,0
2026-04-16 17:30:00+00:00,4799.2,4800.58,4773.02,4787.64,6495,30,0
2026-04-16 17:45:00+00:00,4787.28,4793.44,4785.38,4788.57,6958,30,0
2026-04-16 18:00:00+00:00,4788.68,4812.85,4788.19,4806.52,6452,30,0
2026-04-16 18:15:00+00:00,4806.6,4809.37,4801.61,4801.61,5435,30,0
2026-04-16 18:30:00+00:00,4801.42,4810.93,4798.02,4802.65,6191,30,0
2026-04-16 18:45:00+00:00,4802.63,4808.44,4800.72,4806.8,4856,30,0
2026-04-16 19:00:00+00:00,4806.92,4809.82,4803.25,4804.76,3482,33,0
2026-04-16 19:15:00+00:00,4804.81,4805.75,4796.58,4799.18,3319,30,0
2026-04-16 19:30:00+00:00,4799.17,4799.77,4786.38,4790.05,5538,30,0
2026-04-16 19:45:00+00:00,4789.78,4793.43,4784.99,4791.77,4608,30,0
2026-04-16 20:00:00+00:00,4791.9,4795.22,4789.7,4791.31,4249,30,0
2026-04-16 20:15:00+00:00,4791.24,4793.85,4784.53,4785.02,4171,30,0
2026-04-16 20:30:00+00:00,4785.15,4789.32,4781.16,4786.84,4083,30,0
2026-04-16 20:45:00+00:00,4786.83,4790.78,4782.39,4789.07,3562,32,0
2026-04-16 21:00:00+00:00,4789.08,4794.1,4785.68,4789.98,5185,33,0
2026-04-16 21:15:00+00:00,4789.96,4793.0,4786.63,4786.9,3637,40,0
2026-04-16 21:30:00+00:00,4786.96,4791.14,4786.57,4790.27,3763,39,0
2026-04-16 21:45:00+00:00,4790.28,4792.55,4788.08,4789.42,3615,40,0
2026-04-16 22:00:00+00:00,4789.44,4795.0,4789.43,4789.93,2883,30,0
2026-04-16 22:15:00+00:00,4789.95,4793.79,4789.89,4790.7,3005,39,0
2026-04-16 22:30:00+00:00,4790.71,4797.66,4790.6,4797.47,2938,44,0
2026-04-16 22:45:00+00:00,4797.67,4798.44,4792.34,4793.49,2937,30,0
2026-04-16 23:00:00+00:00,4793.3,4793.71,4789.89,4790.33,1607,36,0
2026-04-16 23:15:00+00:00,4790.23,4791.52,4788.2,4788.78,1167,40,0
2026-04-16 23:30:00+00:00,4788.76,4790.26,4786.35,4788.52,1065,30,0
2026-04-16 23:45:00+00:00,4788.48,4790.58,4787.59,4790.57,1179,46,0
2026-04-17 01:00:00+00:00,4792.27,4797.94,4791.03,4795.26,1786,52,0
2026-04-17 01:15:00+00:00,4795.29,4796.08,4792.49,4793.83,1449,48,0
2026-04-17 01:30:00+00:00,4793.85,4795.88,4790.79,4795.08,1951,41,0
2026-04-17 01:45:00+00:00,4795.03,4796.62,4794.41,4795.06,1129,45,0
2026-04-17 02:00:00+00:00,4794.31,4795.28,4792.04,4792.74,1324,45,0
2026-04-17 02:15:00+00:00,4792.75,4797.54,4792.22,4794.3,1283,46,0
2026-04-17 02:30:00+00:00,4794.31,4796.03,4792.17,4795.6,1132,46,0
2026-04-17 02:45:00+00:00,4795.46,4796.54,4791.49,4791.49,1770,45,0
2026-04-17 03:00:00+00:00,4791.39,4791.69,4785.76,4790.0,3340,35,0
2026-04-17 03:15:00+00:00,4789.97,4792.82,4787.39,4792.76,2622,46,0
2026-04-17 03:30:00+00:00,4792.77,4798.56,4792.4,4798.56,3110,46,0
2026-04-17 03:45:00+00:00,4798.38,4801.06,4793.79,4794.75,2610,34,0
2026-04-17 04:00:00+00:00,4794.74,4795.38,4769.0,4778.65,5853,30,0
2026-04-17 04:15:00+00:00,4778.64,4784.93,4767.58,4768.57,5273,33,0
2026-04-17 04:30:00+00:00,4768.7,4777.68,4767.56,4777.64,5427,30,0
2026-04-17 04:45:00+00:00,4777.64,4791.37,4775.16,4789.41,5167,40,0
2026-04-17 05:00:00+00:00,4789.4,4794.3,4788.2,4791.23,4798,34,0
2026-04-17 05:15:00+00:00,4791.26,4791.82,4788.3,4788.91,1700,40,0
2026-04-17 05:30:00+00:00,4788.99,4794.64,4788.39,4791.34,3106,30,0
2026-04-17 05:45:00+00:00,4791.33,4793.35,4784.31,4784.44,2416,46,0
2026-04-17 06:00:00+00:00,4784.48,4797.62,4784.48,4795.81,3280,30,0
2026-04-17 06:15:00+00:00,4795.73,4797.93,4792.78,4793.92,2891,34,0
2026-04-17 06:30:00+00:00,4793.8,4794.92,4791.88,4794.17,1104,46,0
2026-04-17 06:45:00+00:00,4794.08,4796.57,4792.78,4793.18,1052,46,0
2026-04-17 07:00:00+00:00,4793.15,4796.02,4792.58,4795.25,1185,34,0
2026-04-17 07:15:00+00:00,4795.26,4796.1,4793.61,4795.86,964,30,0
2026-04-17 07:30:00+00:00,4795.83,4801.23,4795.19,4800.85,1259,30,0
2026-04-17 07:45:00+00:00,4800.86,4804.41,4798.5,4802.86,1485,30,0
2026-04-17 08:00:00+00:00,4802.78,4806.11,4799.67,4804.87,2460,30,0
2026-04-17 08:15:00+00:00,4804.86,4805.11,4801.32,4803.39,1507,46,0
2026-04-17 08:30:00+00:00,4803.37,4805.22,4795.49,4796.32,3294,30,0
2026-04-17 08:45:00+00:00,4796.46,4800.34,4793.63,4793.99,3162,34,0
2026-04-17 09:00:00+00:00,4793.98,4795.12,4786.57,4787.48,3949,31,0
2026-04-17 09:15:00+00:00,4787.5,4789.63,4783.2,4783.63,3460,30,0
2026-04-17 09:30:00+00:00,4783.59,4786.9,4779.05,4785.36,4343,30,0
2026-04-17 09:45:00+00:00,4785.34,4787.0,4783.73,4784.83,3598,34,0
2026-04-17 10:00:00+00:00,4784.85,4790.89,4783.99,4787.09,2618,30,0
2026-04-17 10:15:00+00:00,4787.14,4792.76,4784.61,4791.48,2083,32,0
2026-04-17 10:30:00+00:00,4791.51,4794.56,4782.25,4785.77,2563,30,0
2026-04-17 10:45:00+00:00,4785.78,4786.01,4778.51,4784.18,2789,30,0
2026-04-17 11:00:00+00:00,4784.18,4790.89,4780.74,4783.42,2695,30,0
2026-04-17 11:15:00+00:00,4783.35,4786.97,4782.5,4784.31,2085,30,0
2026-04-17 11:30:00+00:00,4784.31,4796.71,4784.23,4796.7,2332,30,0
2026-04-17 11:45:00+00:00,4796.73,4796.73,4790.84,4795.71,2588,30,0
2026-04-17 12:00:00+00:00,4795.7,4800.68,4792.54,4792.9,2165,30,0
2026-04-17 12:15:00+00:00,4792.91,4798.27,4791.85,4795.74,2263,30,0
2026-04-17 12:30:00+00:00,4795.77,4798.89,4793.9,4794.46,2237,30,0
2026-04-17 12:45:00+00:00,4794.58,4795.03,4789.84,4790.19,2585,30,0
2026-04-17 13:00:00+00:00,4790.22,4791.95,4786.9,4791.2,2852,30,0
2026-04-17 13:15:00+00:00,4791.19,4793.82,4788.45,4789.31,2204,32,0
2026-04-17 13:30:00+00:00,4789.32,4789.64,4782.24,4784.79,2053,33,0
2026-04-17 13:45:00+00:00,4784.78,4788.05,4782.12,4787.2,2486,30,0
2026-04-17 14:00:00+00:00,4787.21,4789.52,4783.43,4786.15,2146,30,0
2026-04-17 14:15:00+00:00,4786.22,4793.13,4784.41,4792.76,1813,30,0
2026-04-17 14:30:00+00:00,4792.77,4798.54,4789.58,4798.48,2179,30,0
2026-04-17 14:45:00+00:00,4798.49,4811.52,4798.44,4798.9,4126,30,0
2026-04-17 15:00:00+00:00,4798.91,4805.41,4797.51,4803.58,3366,30,0
2026-04-17 15:15:00+00:00,4803.6,4819.52,4802.92,4816.71,4624,30,0
2026-04-17 15:30:00+00:00,4816.77,4824.94,4815.19,4823.23,4552,30,0
2026-04-17 15:45:00+00:00,4823.37,4847.57,4821.55,4846.16,7892,30,0
2026-04-17 16:00:00+00:00,4846.15,4889.24,4834.75,4882.99,8250,30,0
2026-04-17 16:15:00+00:00,4883.09,4883.65,4850.29,4851.28,7770,30,0
2026-04-17 16:30:00+00:00,4851.38,4873.41,4848.12,4864.28,7853,30,0
2026-04-17 16:45:00+00:00,4864.75,4881.89,4851.88,4880.16,7681,30,0
2026-04-17 17:00:00+00:00,4880.29,4885.31,4860.61,4866.9,6940,30,0
2026-04-17 17:15:00+00:00,4866.91,4880.29,4865.58,4871.24,6741,30,0
2026-04-17 17:30:00+00:00,4871.33,4882.94,4869.21,4877.32,6588,30,0
2026-04-17 17:45:00+00:00,4877.41,4881.22,4869.68,4872.97,6232,30,0
2026-04-17 18:00:00+00:00,4873.14,4880.42,4862.24,4867.76,6349,30,0
2026-04-17 18:15:00+00:00,4867.73,4874.38,4862.82,4865.88,5854,30,0
2026-04-17 18:30:00+00:00,4866.12,4873.96,4854.65,4858.78,5282,30,0
2026-04-17 18:45:00+00:00,4858.7,4871.65,4857.95,4867.27,5901,30,0
2026-04-17 19:00:00+00:00,4867.26,4873.22,4863.46,4871.37,5679,30,0
2026-04-17 19:15:00+00:00,4871.4,4873.27,4867.47,4867.55,5481,30,0
2026-04-17 19:30:00+00:00,4867.62,4872.76,4867.29,4868.12,3622,30,0
2026-04-17 19:45:00+00:00,4868.2,4868.7,4864.85,4866.82,3723,30,0
2026-04-17 20:00:00+00:00,4866.84,4869.45,4857.49,4862.6,5736,30,0
2026-04-17 20:15:00+00:00,4862.62,4864.88,4853.61,4858.34,6672,30,0
2026-04-17 20:30:00+00:00,4858.35,4862.93,4854.17,4854.93,4962,30,0
2026-04-17 20:45:00+00:00,4854.77,4863.25,4854.73,4862.42,4096,30,0
2026-04-17 21:00:00+00:00,4862.45,4866.31,4860.2,4860.92,4103,30,0
2026-04-17 21:15:00+00:00,4860.98,4867.94,4858.72,4860.57,4192,30,0
2026-04-17 21:30:00+00:00,4860.52,4866.59,4860.25,4862.21,3334,30,0
2026-04-17 21:45:00+00:00,4862.1,4862.97,4855.85,4858.01,3480,33,0
2026-04-17 22:00:00+00:00,4858.0,4858.71,4853.68,4856.4,3495,31,0
2026-04-17 22:15:00+00:00,4856.39,4857.91,4854.06,4856.66,3532,30,0
2026-04-17 22:30:00+00:00,4856.67,4861.19,4855.71,4860.09,4356,30,0
2026-04-17 22:45:00+00:00,4859.67,4860.09,4852.59,4854.3,5623,30,0
2026-04-17 23:00:00+00:00,4854.4,4855.0,4844.46,4845.76,3386,30,0
2026-04-17 23:15:00+00:00,4845.77,4851.89,4844.44,4845.74,2615,30,0
2026-04-17 23:30:00+00:00,4845.71,4846.57,4833.59,4835.28,2624,32,0
2026-04-17 23:45:00+00:00,4835.26,4837.22,4829.82,4832.26,2523,54,0
2026-04-20 01:00:00+00:00,4792.25,4794.0,4757.92,4789.37,4417,52,0
2026-04-20 01:15:00+00:00,4789.57,4794.37,4783.56,4784.83,2279,78,0
2026-04-20 01:30:00+00:00,4784.85,4790.74,4779.23,4780.43,3765,34,0
2026-04-20 01:45:00+00:00,4780.39,4786.75,4777.87,4779.18,3076,46,0
2026-04-20 02:00:00+00:00,4779.19,4779.32,4771.91,4772.26,3876,36,0
2026-04-20 02:15:00+00:00,4772.27,4775.72,4768.03,4769.04,3003,30,0
2026-04-20 02:30:00+00:00,4769.06,4773.24,4744.99,4751.8,4275,30,0
2026-04-20 02:45:00+00:00,4751.71,4755.31,4736.73,4755.05,5566,30,0
2026-04-20 03:00:00+00:00,4755.16,4755.16,4744.73,4752.1,5807,36,0
2026-04-20 03:15:00+00:00,4752.14,4765.66,4751.73,4765.17,4167,30,0
2026-04-20 03:30:00+00:00,4765.2,4767.92,4760.9,4764.22,3229,30,0
2026-04-20 03:45:00+00:00,4764.23,4774.09,4759.45,4772.27,3785,30,0
2026-04-20 04:00:00+00:00,4772.18,4794.31,4771.14,4793.52,6397,30,0
2026-04-20 04:15:00+00:00,4793.54,4803.61,4788.45,4802.79,4515,30,0
2026-04-20 04:30:00+00:00,4802.8,4812.16,4801.29,4806.46,4947,30,0
2026-04-20 04:45:00+00:00,4806.23,4814.22,4805.8,4807.73,3875,30,0
2026-04-20 05:00:00+00:00,4807.74,4809.03,4800.63,4800.88,4158,37,0
2026-04-20 05:15:00+00:00,4800.79,4803.73,4798.25,4800.13,2469,30,0
2026-04-20 05:30:00+00:00,4800.12,4801.83,4794.63,4796.09,3493,38,0
2026-04-20 05:45:00+00:00,4796.2,4797.34,4793.0,4797.08,3093,37,0
2026-04-20 06:00:00+00:00,4797.01,4798.24,4790.34,4791.47,3356,41,0
2026-04-20 06:15:00+00:00,4791.48,4795.82,4788.65,4795.06,4087,46,0
2026-04-20 06:30:00+00:00,4795.08,4796.56,4789.9,4793.32,2290,46,0
2026-04-20 06:45:00+00:00,4793.29,4794.57,4789.01,4790.81,1612,38,0
2026-04-20 07:00:00+00:00,4790.85,4795.49,4790.78,4792.67,1404,30,0
2026-04-20 07:15:00+00:00,4792.31,4795.55,4791.5,4794.51,1478,46,0
2026-04-20 07:30:00+00:00,4794.53,4794.6,4787.14,4787.29,1929,38,0
2026-04-20 07:45:00+00:00,4787.37,4793.08,4787.37,4788.79,2098,30,0
2026-04-20 08:00:00+00:00,4788.73,4792.97,4784.23,4786.22,1896,39,0
2026-04-20 08:15:00+00:00,4786.25,4789.33,4785.1,4787.74,2053,43,0
2026-04-20 08:30:00+00:00,4787.62,4795.91,4779.55,4780.63,4645,30,0
2026-04-20 08:45:00+00:00,4780.64,4793.08,4780.63,4790.66,4260,30,0
2026-04-20 09:00:00+00:00,4790.47,4793.68,4785.28,4790.58,4803,30,0
2026-04-20 09:15:00+00:00,4790.6,4790.6,4783.72,4785.97,3880,30,0
2026-04-20 09:30:00+00:00,4786.0,4792.01,4785.41,4789.95,4029,30,0
2026-04-20 09:45:00+00:00,4789.91,4795.19,4785.29,4795.19,4945,30,0
2026-04-20 10:00:00+00:00,4795.24,4801.51,4793.8,4797.27,4177,30,0
2026-04-20 10:15:00+00:00,4797.25,4805.57,4794.02,4797.67,3699,30,0
2026-04-20 10:30:00+00:00,4797.55,4798.6,4789.88,4797.47,3920,30,0
2026-04-20 10:45:00+00:00,4797.46,4797.47,4786.84,4789.58,3289,30,0
2026-04-20 11:00:00+00:00,4789.56,4791.69,4785.98,4788.96,3210,30,0
2026-04-20 11:15:00+00:00,4788.95,4792.39,4786.33,4791.9,2801,30,0
2026-04-20 11:30:00+00:00,4791.82,4792.35,4788.49,4792.18,2005,30,0
2026-04-20 11:45:00+00:00,4792.23,4796.12,4791.96,4796.06,2859,30,0
2026-04-20 12:00:00+00:00,4796.09,4797.74,4793.3,4795.69,3073,30,0
2026-04-20 12:15:00+00:00,4795.63,4795.71,4791.56,4792.19,2519,34,0
2026-04-20 12:30:00+00:00,4792.47,4794.16,4783.29,4791.88,3209,30,0
2026-04-20 12:45:00+00:00,4791.85,4797.03,4789.07,4791.44,2519,30,0
2026-04-20 13:00:00+00:00,4791.43,4799.47,4789.8,4795.61,3147,30,0
2026-04-20 13:15:00+00:00,4795.63,4800.77,4795.1,4798.06,2251,30,0
2026-04-20 13:30:00+00:00,4798.15,4799.88,4794.87,4794.9,1657,30,0
2026-04-20 13:45:00+00:00,4795.02,4797.0,4794.27,4795.6,1917,30,0
2026-04-20 14:00:00+00:00,4795.68,4796.12,4786.85,4789.61,3228,30,0
2026-04-20 14:15:00+00:00,4789.53,4790.85,4786.43,4788.21,2566,30,0
2026-04-20 14:30:00+00:00,4788.33,4794.54,4787.58,4794.54,2779,30,0
2026-04-20 14:45:00+00:00,4794.75,4810.77,4794.61,4810.35,3854,30,0
2026-04-20 15:00:00+00:00,4810.39,4812.99,4802.85,4811.01,4348,30,0
2026-04-20 15:15:00+00:00,4811.03,4822.01,4803.74,4805.42,4402,30,0
2026-04-20 15:30:00+00:00,4805.4,4809.33,4798.91,4805.98,3675,30,0
2026-04-20 15:45:00+00:00,4806.0,4808.33,4800.9,4803.24,2896,30,0
2026-04-20 16:00:00+00:00,4803.25,4816.73,4799.58,4815.31,5518,30,0
2026-04-20 16:15:00+00:00,4815.41,4825.76,4811.89,4824.3,4608,30,0
2026-04-20 16:30:00+00:00,4824.33,4826.25,4815.77,4822.36,6730,30,0
2026-04-20 16:45:00+00:00,4822.35,4824.3,4816.88,4817.67,5840,30,0
2026-04-20 17:00:00+00:00,4817.71,4818.26,4806.74,4815.99,6319,30,0
2026-04-20 17:15:00+00:00,4815.86,4826.72,4814.24,4823.29,5829,30,0
2026-04-20 17:30:00+00:00,4823.2,4827.47,4810.27,4813.96,5881,30,0
2026-04-20 17:45:00+00:00,4813.99,4814.78,4792.54,4805.07,6910,30,0
2026-04-20 18:00:00+00:00,4805.17,4807.24,4792.59,4798.15,6770,30,0
2026-04-20 18:15:00+00:00,4798.06,4809.36,4793.99,4807.98,6037,30,0
2026-04-20 18:30:00+00:00,4808.27,4809.16,4799.48,4800.18,5047,30,0
2026-04-20 18:45:00+00:00,4800.12,4801.55,4795.3,4799.63,4104,30,0
2026-04-20 19:00:00+00:00,4799.67,4801.41,4794.19,4798.29,3250,30,0
2026-04-20 19:15:00+00:00,4798.34,4801.76,4792.74,4801.05,3786,30,0
2026-04-20 19:30:00+00:00,4801.2,4804.37,4798.73,4801.78,3245,30,0
2026-04-20 19:45:00+00:00,4802.04,4806.31,4801.62,4805.45,2787,30,0
2026-04-20 20:00:00+00:00,4805.59,4810.41,4803.72,4808.67,3443,30,0
2026-04-20 20:15:00+00:00,4808.75,4811.13,4806.18,4809.89,3263,34,0
2026-04-20 20:30:00+00:00,4809.94,4811.99,4804.97,4809.36,4341,30,0
2026-04-20 20:45:00+00:00,4809.31,4809.64,4805.6,4806.6,2939,42,0
2026-04-20 21:00:00+00:00,4806.55,4815.75,4806.55,4815.33,3756,30,0
2026-04-20 21:15:00+00:00,4815.32,4815.33,4811.78,4813.38,3547,30,0
2026-04-20 21:30:00+00:00,4813.33,4815.33,4810.9,4814.41,2858,30,0
2026-04-20 21:45:00+00:00,4814.42,4816.41,4813.1,4813.89,1960,31,0
2026-04-20 22:00:00+00:00,4813.87,4821.25,4813.76,4820.35,2231,30,0
2026-04-20 22:15:00+00:00,4820.34,4820.43,4816.08,4816.96,1841,30,0
2026-04-20 22:30:00+00:00,4816.98,4817.2,4810.24,4811.4,2608,30,0
2026-04-20 22:45:00+00:00,4811.44,4814.17,4811.1,4814.17,2559,30,0
2026-04-20 23:00:00+00:00,4814.17,4816.82,4812.76,4813.36,1116,30,0
2026-04-20 23:15:00+00:00,4813.52,4816.93,4812.15,4815.78,718,30,0
2026-04-20 23:30:00+00:00,4815.8,4817.22,4812.87,4816.57,1419,33,0
2026-04-20 23:45:00+00:00,4816.43,4821.8,4816.24,4820.51,1754,39,0
2026-04-21 01:00:00+00:00,4822.22,4832.39,4820.65,4828.88,3735,46,0
2026-04-21 01:15:00+00:00,4828.89,4833.08,4828.53,4828.81,1644,30,0
2026-04-21 01:30:00+00:00,4828.79,4830.86,4824.96,4830.45,2392,30,0
2026-04-21 01:45:00+00:00,4830.43,4831.57,4825.15,4827.53,2175,30,0
2026-04-21 02:00:00+00:00,4827.49,4831.5,4823.86,4825.5,2130,30,0
2026-04-21 02:15:00+00:00,4825.53,4826.64,4823.65,4825.5,1408,42,0
2026-04-21 02:30:00+00:00,4825.47,4825.47,4822.68,4823.84,1361,35,0
2026-04-21 02:45:00+00:00,4823.89,4824.47,4819.72,4821.62,1673,43,0
2026-04-21 03:00:00+00:00,4821.82,4830.63,4820.16,4828.45,3692,30,0
2026-04-21 03:15:00+00:00,4828.18,4829.07,4819.48,4819.72,2697,30,0
2026-04-21 03:30:00+00:00,4819.85,4824.5,4816.75,4822.52,2869,30,0
2026-04-21 03:45:00+00:00,4822.55,4826.06,4821.44,4823.9,3260,38,0
2026-04-21 04:00:00+00:00,4823.84,4824.36,4813.04,4814.76,4801,30,0
2026-04-21 04:15:00+00:00,4814.78,4818.48,4814.35,4818.38,3688,30,0
2026-04-21 04:30:00+00:00,4818.37,4818.84,4809.02,4813.32,3467,30,0
2026-04-21 04:45:00+00:00,4813.27,4813.98,4805.69,4810.04,2872,30,0
2026-04-21 05:00:00+00:00,4810.03,4810.24,4805.71,4807.22,4022,30,0
2026-04-21 05:15:00+00:00,4807.23,4808.39,4803.43,4807.45,1636,30,0
2026-04-21 05:30:00+00:00,4807.54,4807.61,4802.36,4806.29,2816,30,0
2026-04-21 05:45:00+00:00,4806.33,4808.01,4802.5,4806.72,2225,30,0
2026-04-21 06:00:00+00:00,4806.75,4807.53,4800.25,4800.45,3031,30,0
2026-04-21 06:15:00+00:00,4800.5,4802.13,4793.56,4798.58,3239,30,0
2026-04-21 06:30:00+00:00,4798.57,4799.76,4792.4,4794.75,2654,30,0
2026-04-21 06:45:00+00:00,4794.79,4797.56,4793.64,4797.01,1905,36,0
2026-04-21 07:00:00+00:00,4797.15,4797.73,4793.45,4794.01,1775,30,0
2026-04-21 07:15:00+00:00,4794.0,4796.51,4791.07,4792.04,2042,30,0
2026-04-21 07:30:00+00:00,4792.01,4794.15,4789.49,4791.57,1597,37,0
2026-04-21 07:45:00+00:00,4791.65,4793.24,4788.61,4789.04,1561,46,0
2026-04-21 08:00:00+00:00,4789.16,4792.98,4785.77,4789.46,2562,30,0
2026-04-21 08:15:00+00:00,4789.45,4791.17,4785.82,4787.39,1825,33,0
2026-04-21 08:30:00+00:00,4787.38,4796.93,4786.57,4796.27,3578,30,0
2026-04-21 08:45:00+00:00,4796.28,4796.51,4783.08,4783.99,4094,30,0
2026-04-21 09:00:00+00:00,4783.97,4790.5,4775.37,4784.86,4427,30,0
2026-04-21 09:15:00+00:00,4784.81,4785.73,4775.39,4778.66,4464,30,0
2026-04-21 09:30:00+00:00,4778.89,4782.29,4775.89,4780.25,3730,30,0
2026-04-21 09:45:00+00:00,4780.17,4783.2,4774.47,4778.53,3532,30,0
2026-04-21 10:00:00+00:00,4778.1,4785.64,4772.6,4782.68,4380,30,0
2026-04-21 10:15:00+00:00,4783.03,4787.47,4780.28,4783.24,3588,30,0
2026-04-21 10:30:00+00:00,4783.23,4787.0,4780.76,4786.53,3370,46,0
2026-04-21 10:45:00+00:00,4786.37,4792.55,4784.25,4785.88,3353,30,0
2026-04-21 11:00:00+00:00,4785.64,4787.44,4774.62,4775.78,3867,30,0
2026-04-21 11:15:00+00:00,4775.73,4789.04,4775.08,4787.12,3326,30,0
2026-04-21 11:30:00+00:00,4787.09,4792.87,4784.69,4791.43,2743,30,0
2026-04-21 11:45:00+00:00,4791.48,4792.69,4785.82,4785.82,2445,30,0
2026-04-21 12:00:00+00:00,4785.81,4786.75,4781.16,4784.1,2575,30,0
2026-04-21 12:15:00+00:00,4784.08,4787.77,4781.11,4782.2,1952,30,0
2026-04-21 12:30:00+00:00,4782.14,4787.33,4781.9,4787.1,2339,30,0
2026-04-21 12:45:00+00:00,4787.13,4789.53,4783.16,4783.58,2793,30,0
2026-04-21 13:00:00+00:00,4783.72,4785.8,4782.09,4782.73,2329,30,0
2026-04-21 13:15:00+00:00,4782.84,4784.77,4780.64,4782.8,2081,31,0
2026-04-21 13:30:00+00:00,4782.82,4787.75,4782.51,4786.07,1893,30,0
2026-04-21 13:45:00+00:00,4786.09,4790.28,4785.96,4789.61,1958,30,0
2026-04-21 14:00:00+00:00,4789.62,4790.12,4775.27,4781.74,3431,30,0
2026-04-21 14:15:00+00:00,4781.66,4784.29,4779.07,4783.37,2641,32,0
2026-04-21 14:30:00+00:00,4783.27,4794.8,4783.04,4792.95,2949,30,0
2026-04-21 14:45:00+00:00,4793.05,4797.87,4791.76,4794.49,2797,30,0
2026-04-21 15:00:00+00:00,4794.52,4796.83,4790.85,4791.06,3276,30,0
2026-04-21 15:15:00+00:00,4791.04,4791.58,4779.04,4780.56,4588,30,0
2026-04-21 15:30:00+00:00,4780.54,4790.54,4766.28,4778.62,5645,30,0
2026-04-21 15:45:00+00:00,4778.65,4782.81,4776.06,4778.64,4686,30,0
2026-04-21 16:00:00+00:00,4778.59,4783.62,4764.7,4764.96,5875,30,0
2026-04-21 16:15:00+00:00,4765.2,4775.32,4761.45,4774.75,5141,30,0
2026-04-21 16:30:00+00:00,4774.67,4792.58,4770.02,4788.97,7405,30,0
2026-04-21 16:45:00+00:00,4788.82,4794.21,4777.14,4778.92,6109,30,0
2026-04-21 17:00:00+00:00,4778.78,4782.43,4773.06,4778.38,5573,30,0
2026-04-21 17:15:00+00:00,4778.36,4780.48,4769.66,4774.04,5315,31,0
2026-04-21 17:30:00+00:00,4773.95,4774.91,4743.62,4744.8,7042,30,0
2026-04-21 17:45:00+00:00,4744.72,4745.5,4723.56,4738.82,8175,30,0
2026-04-21 18:00:00+00:00,4739.34,4750.63,4727.6,4747.92,7937,30,0
2026-04-21 18:15:00+00:00,4747.94,4757.48,4741.89,4742.36,7249,30,0
2026-04-21 18:30:00+00:00,4742.37,4747.61,4736.62,4745.64,6271,30,0
2026-04-21 18:45:00+00:00,4745.53,4750.06,4738.71,4741.37,5601,30,0
2026-04-21 19:00:00+00:00,4741.66,4746.98,4726.64,4730.15,5483,30,0
2026-04-21 19:15:00+00:00,4730.12,4733.97,4719.83,4720.64,5511,30,0
2026-04-21 19:30:00+00:00,4720.7,4727.34,4719.6,4720.69,5483,30,0
2026-04-21 19:45:00+00:00,4720.72,4722.57,4708.12,4710.91,5832,30,0
2026-04-21 20:00:00+00:00,4710.98,4717.93,4700.96,4706.18,6650,30,0
2026-04-21 20:15:00+00:00,4706.19,4708.26,4697.29,4699.68,6137,30,0
2026-04-21 20:30:00+00:00,4699.91,4722.01,4696.8,4717.59,6393,30,0
2026-04-21 20:45:00+00:00,4717.78,4718.59,4705.71,4710.79,5357,30,0
2026-04-21 21:00:00+00:00,4710.73,4714.48,4703.73,4704.41,4847,30,0
2026-04-21 21:15:00+00:00,4704.37,4704.7,4692.08,4696.27,6004,30,0
2026-04-21 21:30:00+00:00,4696.28,4703.38,4696.28,4702.73,4501,30,0
2026-04-21 21:45:00+00:00,4702.74,4713.78,4698.76,4709.08,5356,30,0
2026-04-21 22:00:00+00:00,4709.15,4712.89,4704.54,4707.1,5097,30,0
2026-04-21 22:15:00+00:00,4707.2,4715.0,4704.76,4713.72,5134,30,0
2026-04-21 22:30:00+00:00,4713.83,4714.56,4668.29,4671.46,6161,30,0
2026-04-21 22:45:00+00:00,4671.89,4685.56,4670.97,4679.23,7593,30,0
2026-04-21 23:00:00+00:00,4679.24,4701.99,4668.76,4696.85,5568,30,0
2026-04-21 23:15:00+00:00,4697.47,4711.06,4694.55,4705.52,5426,30,0
2026-04-21 23:30:00+00:00,4705.51,4713.6,4705.16,4711.26,3089,33,0
2026-04-21 23:45:00+00:00,4711.22,4720.05,4709.2,4719.88,3173,46,0
2026-04-22 01:00:00+00:00,4720.87,4729.45,4717.27,4721.7,3307,50,0
2026-04-22 01:15:00+00:00,4721.77,4721.81,4716.48,4718.89,1771,46,0
2026-04-22 01:30:00+00:00,4718.89,4719.49,4716.01,4716.89,1476,38,0
2026-04-22 01:45:00+00:00,4716.8,4719.91,4715.48,4719.42,1440,38,0
2026-04-22 02:00:00+00:00,4719.3,4729.56,4717.96,4727.33,2345,30,0
2026-04-22 02:15:00+00:00,4727.37,4732.99,4726.23,4729.87,1866,30,0
2026-04-22 02:30:00+00:00,4729.88,4733.68,4728.82,4731.52,1697,40,0
2026-04-22 02:45:00+00:00,4731.45,4740.45,4731.27,4737.91,2444,44,0
2026-04-22 03:00:00+00:00,4738.08,4747.32,4738.08,4742.79,3476,30,0
2026-04-22 03:15:00+00:00,4742.76,4745.76,4740.47,4742.3,3425,30,0
2026-04-22 03:30:00+00:00,4742.26,4746.96,4741.41,4742.08,2428,39,0
2026-04-22 03:45:00+00:00,4742.12,4746.67,4738.43,4739.77,2701,30,0
2026-04-22 04:00:00+00:00,4739.76,4745.09,4735.88,4738.25,4297,30,0
2026-04-22 04:15:00+00:00,4738.26,4749.03,4737.66,4746.19,3222,34,0
2026-04-22 04:30:00+00:00,4746.13,4753.68,4746.08,4749.28,4472,30,0
2026-04-22 04:45:00+00:00,4749.29,4754.54,4747.78,4752.06,3742,30,0
2026-04-22 05:00:00+00:00,4752.24,4755.98,4750.12,4755.51,3167,37,0
2026-04-22 05:15:00+00:00,4755.52,4757.93,4753.45,4755.53,1637,30,0
2026-04-22 05:30:00+00:00,4755.52,4758.63,4751.29,4751.38,2854,30,0
2026-04-22 05:45:00+00:00,4751.21,4757.06,4750.96,4755.62,2694,30,0
2026-04-22 06:00:00+00:00,4755.68,4760.93,4752.9,4757.44,2964,30,0
2026-04-22 06:15:00+00:00,4757.46,4763.28,4756.6,4763.03,2675,38,0
2026-04-22 06:30:00+00:00,4763.01,4764.94,4756.88,4759.19,1895,30,0
2026-04-22 06:45:00+00:00,4759.2,4760.76,4757.12,4758.14,1466,30,0
2026-04-22 07:00:00+00:00,4758.16,4759.51,4756.48,4757.36,1238,32,0
2026-04-22 07:15:00+00:00,4757.45,4757.78,4754.36,4755.8,1829,35,0
2026-04-22 07:30:00+00:00,4755.78,4757.27,4752.6,4756.33,1570,32,0
2026-04-22 07:45:00+00:00,4756.28,4759.42,4752.16,4754.45,2027,37,0
2026-04-22 08:00:00+00:00,4754.44,4756.98,4752.09,4756.82,1794,30,0
2026-04-22 08:15:00+00:00,4756.8,4771.56,4756.18,4766.01,4679,30,0
2026-04-22 08:30:00+00:00,4765.99,4769.14,4763.68,4767.12,3735,30,0
2026-04-22 08:45:00+00:00,4767.06,4771.95,4764.11,4767.6,3492,30,0
2026-04-22 09:00:00+00:00,4767.57,4767.71,4758.72,4762.53,3494,32,0
2026-04-22 09:15:00+00:00,4762.47,4767.06,4760.33,4766.82,2489,34,0
2026-04-22 09:30:00+00:00,4766.81,4767.61,4763.53,4763.57,3287,37,0
2026-04-22 09:45:00+00:00,4763.56,4767.6,4763.13,4767.51,3194,30,0
2026-04-22 10:00:00+00:00,4767.41,4772.12,4765.2,4765.55,2682,30,0
2026-04-22 10:15:00+00:00,4765.46,4767.79,4762.4,4765.88,2843,30,0
2026-04-22 10:30:00+00:00,4765.98,4766.5,4761.94,4763.69,2488,30,0
2026-04-22 10:45:00+00:00,4763.74,4764.28,4759.5,4760.4,2570,32,0
2026-04-22 11:00:00+00:00,4760.52,4762.13,4757.6,4757.88,3028,30,0
2026-04-22 11:15:00+00:00,4757.89,4759.77,4753.99,4754.05,3142,30,0
2026-04-22 11:30:00+00:00,4754.07,4756.83,4751.66,4755.93,2964,30,0
2026-04-22 11:45:00+00:00,4755.82,4758.31,4753.69,4756.84,2080,30,0
2026-04-22 12:00:00+00:00,4756.86,4761.6,4756.48,4760.48,2442,30,0
2026-04-22 12:15:00+00:00,4760.52,4761.75,4756.12,4756.21,2023,30,0
2026-04-22 12:30:00+00:00,4756.11,4762.32,4754.96,4758.33,2373,30,0
2026-04-22 12:45:00+00:00,4758.31,4758.98,4752.17,4755.07,2456,35,0
2026-04-22 13:00:00+00:00,4755.1,4757.48,4745.68,4748.4,3218,30,0
2026-04-22 13:15:00+00:00,4748.29,4755.93,4748.24,4754.56,2158,30,0
2026-04-22 13:30:00+00:00,4754.58,4759.34,4753.63,4756.32,2247,30,0
2026-04-22 13:45:00+00:00,4756.44,4759.98,4755.01,4759.09,2107,30,0
2026-04-22 14:00:00+00:00,4759.18,4760.23,4756.21,4757.13,2719,38,0
2026-04-22 14:15:00+00:00,4757.07,4760.57,4756.3,4757.18,2390,30,0
2026-04-22 14:30:00+00:00,4757.17,4759.76,4748.31,4748.51,2960,30,0
2026-04-22 14:45:00+00:00,4748.52,4753.12,4747.74,4750.27,2585,30,0
2026-04-22 15:00:00+00:00,4750.62,4757.29,4749.56,4752.15,2930,30,0
2026-04-22 15:15:00+00:00,4752.17,4759.98,4747.03,4752.93,3231,30,0
2026-04-22 15:30:00+00:00,4752.85,4754.17,4745.6,4746.66,3984,30,0
2026-04-22 15:45:00+00:00,4746.67,4748.28,4742.77,4744.09,3549,30,0
2026-04-22 16:00:00+00:00,4744.13,4750.68,4739.06,4742.17,5211,30,0
2026-04-22 16:15:00+00:00,4742.18,4750.01,4736.21,4750.0,5180,30,0
2026-04-22 16:30:00+00:00,4749.95,4756.47,4741.85,4755.25,6916,30,0
2026-04-22 16:45:00+00:00,4755.34,4760.78,4750.65,4752.85,6291,30,0
2026-04-22 17:00:00+00:00,4752.83,4757.44,4742.28,4745.36,6050,30,0
2026-04-22 17:15:00+00:00,4745.39,4750.55,4743.28,4743.8,5496,30,0
2026-04-22 17:30:00+00:00,4744.07,4744.47,4729.83,4732.92,6938,30,0
2026-04-22 17:45:00+00:00,4732.93,4739.43,4732.31,4735.86,5678,39,0
2026-04-22 18:00:00+00:00,4735.87,4739.95,4734.17,4737.46,5461,30,0
2026-04-22 18:15:00+00:00,4737.44,4737.47,4729.81,4735.08,4824,30,0
2026-04-22 18:30:00+00:00,4734.93,4735.33,4725.92,4727.28,5087,30,0
2026-04-22 18:45:00+00:00,4727.18,4731.25,4724.88,4727.57,4150,30,0
2026-04-22 19:00:00+00:00,4727.5,4734.87,4725.7,4730.14,4180,30,0
2026-04-22 19:15:00+00:00,4730.12,4730.3,4724.11,4726.89,3315,41,0
2026-04-22 19:30:00+00:00,4726.86,4731.98,4723.72,4728.02,3760,30,0
2026-04-22 19:45:00+00:00,4727.92,4730.66,4726.26,4728.5,3083,30,0
2026-04-22 20:00:00+00:00,4728.51,4739.41,4728.38,4735.15,4105,37,0
2026-04-22 20:15:00+00:00,4735.17,4737.49,4732.75,4734.99,2867,31,0
2026-04-22 20:30:00+00:00,4735.15,4738.03,4734.25,4736.05,2730,30,0
2026-04-22 20:45:00+00:00,4736.04,4738.27,4733.45,4737.07,3304,30,0
2026-04-22 21:00:00+00:00,4737.11,4738.48,4734.89,4735.61,2215,36,0
2026-04-22 21:15:00+00:00,4735.42,4735.83,4729.66,4730.14,2603,30,0
2026-04-22 21:30:00+00:00,4730.2,4739.48,4730.04,4739.38,2605,36,0
2026-04-22 21:45:00+00:00,4739.34,4749.27,4738.6,4741.61,3437,33,0
2026-04-22 22:00:00+00:00,4741.62,4743.39,4736.74,4738.43,3813,32,0
2026-04-22 22:15:00+00:00,4738.45,4745.22,4738.03,4744.19,2705,37,0
2026-04-22 22:30:00+00:00,4744.22,4744.52,4738.34,4739.16,2453,39,0
2026-04-22 22:45:00+00:00,4739.13,4741.78,4736.86,4740.02,3985,42,0
2026-04-22 23:00:00+00:00,4740.15,4740.29,4734.61,4735.82,2709,46,0
2026-04-22 23:15:00+00:00,4735.76,4737.58,4734.26,4736.69,1461,46,0
2026-04-22 23:30:00+00:00,4736.67,4739.28,4736.14,4737.33,1415,31,0
2026-04-22 23:45:00+00:00,4737.32,4740.48,4736.98,4739.96,1086,46,0
2026-04-23 01:00:00+00:00,4741.69,4746.38,4735.94,4736.24,2005,47,0
2026-04-23 01:15:00+00:00,4736.21,4738.09,4732.38,4732.7,1748,46,0
2026-04-23 01:30:00+00:00,4732.8,4735.01,4729.55,4729.67,1585,30,0
2026-04-23 01:45:00+00:00,4729.64,4731.71,4725.57,4725.84,1559,43,0
2026-04-23 02:00:00+00:00,4725.89,4728.08,4723.4,4725.83,1855,39,0
2026-04-23 02:15:00+00:00,4725.84,4729.72,4725.19,4728.13,1073,46,0
2026-04-23 02:30:00+00:00,4728.08,4728.17,4723.69,4724.33,1410,46,0
2026-04-23 02:45:00+00:00,4724.28,4729.06,4724.28,4727.68,2022,30,0
2026-04-23 03:00:00+00:00,4727.76,4728.08,4698.49,4699.25,5289,30,0
2026-04-23 03:15:00+00:00,4699.26,4742.36,4693.89,4741.49,7381,30,0
2026-04-23 03:30:00+00:00,4741.4,4751.83,4741.16,4744.63,5806,30,0
2026-04-23 03:45:00+00:00,4744.65,4753.37,4743.45,4747.95,4734,46,0
2026-04-23 04:00:00+00:00,4747.62,4749.74,4735.74,4736.73,5822,30,0
2026-04-23 04:15:00+00:00,4736.76,4738.33,4727.07,4728.13,4958,36,0
2026-04-23 04:30:00+00:00,4728.17,4735.59,4725.81,4733.71,4459,44,0
2026-04-23 04:45:00+00:00,4733.73,4736.8,4722.41,4723.19,5098,30,0
2026-04-23 05:00:00+00:00,4723.21,4724.56,4706.48,4707.27,4378,30,0
2026-04-23 05:15:00+00:00,4707.22,4718.02,4704.75,4713.67,4553,30,0
2026-04-23 05:30:00+00:00,4713.95,4715.51,4700.17,4701.09,5148,36,0
2026-04-23 05:45:00+00:00,4701.11,4707.17,4698.04,4698.71,5230,30,0
2026-04-23 06:00:00+00:00,4698.74,4708.47,4698.16,4701.89,4767,30,0
2026-04-23 06:15:00+00:00,4701.89,4705.85,4698.05,4703.17,4386,30,0
2026-04-23 06:30:00+00:00,4703.13,4706.95,4700.96,4704.74,3385,34,0
2026-04-23 06:45:00+00:00,4704.75,4707.33,4702.44,4703.77,2581,43,0
2026-04-23 07:00:00+00:00,4703.78,4706.29,4700.74,4706.13,2438,34,0
2026-04-23 07:15:00+00:00,4706.14,4706.9,4702.67,4705.52,2116,45,0
2026-04-23 07:30:00+00:00,4705.51,4707.09,4701.43,4701.59,1669,35,0
2026-04-23 07:45:00+00:00,4701.54,4704.37,4698.64,4704.21,2142,30,0
2026-04-23 08:00:00+00:00,4704.15,4710.26,4703.14,4707.8,2645,30,0
2026-04-23 08:15:00+00:00,4707.84,4709.35,4705.28,4705.83,2765,41,0
2026-04-23 08:30:00+00:00,4705.85,4707.03,4692.46,4701.41,4199,30,0
2026-04-23 08:45:00+00:00,4701.4,4715.09,4701.37,4713.32,3731,30,0
2026-04-23 09:00:00+00:00,4713.33,4718.11,4710.67,4711.82,3763,30,0
2026-04-23 09:15:00+00:00,4711.8,4714.28,4708.43,4712.07,3210,30,0
2026-04-23 09:30:00+00:00,4712.07,4717.08,4709.14,4714.95,3293,30,0
2026-04-23 09:45:00+00:00,4715.02,4720.82,4711.92,4712.87,3796,30,0
2026-04-23 10:00:00+00:00,4712.85,4716.33,4707.34,4712.19,4114,30,0
2026-04-23 10:15:00+00:00,4712.18,4713.92,4703.05,4706.12,4124,30,0
2026-04-23 10:30:00+00:00,4706.09,4713.63,4703.37,4713.57,2791,30,0
2026-04-23 10:45:00+00:00,4713.52,4720.41,4713.33,4719.0,3074,30,0
2026-04-23 11:00:00+00:00,4718.99,4724.76,4717.41,4718.05,2872,31,0
2026-04-23 11:15:00+00:00,4718.23,4721.72,4714.91,4715.23,2528,30,0
2026-04-23 11:30:00+00:00,4715.9,4716.06,4703.28,4703.63,3696,30,0
2026-04-23 11:45:00+00:00,4703.62,4707.38,4701.71,4703.19,2440,31,0
2026-04-23 12:00:00+00:00,4703.16,4703.52,4694.55,4696.79,3653,30,0
2026-04-23 12:15:00+00:00,4696.76,4702.91,4695.44,4700.75,3104,30,0
2026-04-23 12:30:00+00:00,4700.48,4702.93,4698.84,4700.71,2333,30,0
2026-04-23 12:45:00+00:00,4700.69,4702.02,4694.64,4697.43,2530,31,0
2026-04-23 13:00:00+00:00,4697.27,4701.52,4684.99,4688.94,3132,30,0
2026-04-23 13:15:00+00:00,4688.83,4692.49,4684.27,4686.51,3231,30,0
2026-04-23 13:30:00+00:00,4686.7,4696.72,4684.13,4690.59,3245,30,0
2026-04-23 13:45:00+00:00,4690.57,4697.08,4689.28,4696.43,2092,30,0
2026-04-23 14:00:00+00:00,4696.52,4700.07,4695.5,4697.81,2626,30,0
2026-04-23 14:15:00+00:00,4697.56,4703.15,4696.2,4699.13,2165,30,0
2026-04-23 14:30:00+00:00,4699.12,4705.8,4696.47,4705.24,2991,30,0
2026-04-23 14:45:00+00:00,4705.26,4720.74,4704.68,4720.49,4335,30,0
2026-04-23 15:00:00+00:00,4720.44,4738.8,4719.44,4729.02,5814,30,0
2026-04-23 15:15:00+00:00,4728.33,4734.91,4725.82,4733.2,3798,30,0
2026-04-23 15:30:00+00:00,4733.29,4742.42,4733.2,4739.29,4278,30,0
2026-04-23 15:45:00+00:00,4739.7,4742.97,4731.46,4739.93,4944,30,0
2026-04-23 16:00:00+00:00,4740.06,4740.62,4723.91,4725.56,5157,30,0
2026-04-23 16:15:00+00:00,4725.61,4730.62,4725.44,4727.29,3973,30,0
2026-04-23 16:30:00+00:00,4727.25,4735.53,4724.29,4734.34,6157,30,0
2026-04-23 16:45:00+00:00,4733.14,4741.11,4724.18,4724.24,5781,30,0
2026-04-23 17:00:00+00:00,4724.24,4728.6,4716.91,4724.15,7147,30,0
2026-04-23 17:15:00+00:00,4723.97,4735.77,4723.35,4731.27,5422,30,0
2026-04-23 17:30:00+00:00,4731.18,4734.48,4725.91,4730.89,5019,30,0
2026-04-23 17:45:00+00:00,4730.92,4736.49,4727.98,4733.47,4467,30,0
2026-04-23 18:00:00+00:00,4733.5,4734.6,4726.6,4730.62,4196,31,0
2026-04-23 18:15:00+00:00,4730.68,4740.8,4729.7,4733.43,4676,30,0
2026-04-23 18:30:00+00:00,4733.47,4734.63,4727.84,4727.87,3657,30,0
2026-04-23 18:45:00+00:00,4727.97,4728.35,4716.39,4720.24,5659,30,0
2026-04-23 19:00:00+00:00,4720.27,4722.41,4715.42,4719.23,5034,30,0
2026-04-23 19:15:00+00:00,4719.21,4724.89,4718.77,4723.1,3626,30,0
2026-04-23 19:30:00+00:00,4723.1,4734.53,4722.47,4733.89,3510,33,0
2026-04-23 19:45:00+00:00,4733.9,4737.0,4730.55,4732.86,3932,30,0
2026-04-23 20:00:00+00:00,4732.92,4734.4,4705.83,4715.87,7523,30,0
2026-04-23 20:15:00+00:00,4715.89,4717.94,4704.3,4706.34,7493,30,0
2026-04-23 20:30:00+00:00,4706.34,4713.86,4672.99,4677.3,7231,30,0
2026-04-23 20:45:00+00:00,4677.53,4710.73,4664.08,4709.09,8177,30,0
2026-04-23 21:00:00+00:00,4709.33,4722.06,4707.44,4713.75,7202,30,0
2026-04-23 21:15:00+00:00,4713.73,4716.66,4710.7,4716.64,5805,30,0
2026-04-23 21:30:00+00:00,4716.57,4720.34,4707.13,4711.16,4934,30,0
2026-04-23 21:45:00+00:00,4711.14,4711.82,4699.25,4701.0,4468,30,0
2026-04-23 22:00:00+00:00,4700.82,4704.3,4692.67,4696.15,5730,42,0
2026-04-23 22:15:00+00:00,4696.1,4702.48,4695.28,4700.03,4426,30,0
2026-04-23 22:30:00+00:00,4700.02,4701.08,4689.36,4692.24,5255,30,0
2026-04-23 22:45:00+00:00,4692.3,4700.01,4692.06,4695.93,5430,30,0
2026-04-23 23:00:00+00:00,4695.74,4697.98,4690.32,4690.47,3346,46,0
2026-04-23 23:15:00+00:00,4690.44,4692.43,4686.35,4689.24,2469,46,0
2026-04-23 23:30:00+00:00,4689.18,4691.38,4687.92,4691.1,1505,43,0
2026-04-23 23:45:00+00:00,4691.07,4694.3,4688.24,4694.3,1488,46,0
2026-04-24 01:00:00+00:00,4700.85,4702.92,4694.6,4697.0,1819,47,0
2026-04-24 01:15:00+00:00,4697.02,4697.03,4691.85,4692.54,1559,47,0
2026-04-24 01:30:00+00:00,4692.53,4696.67,4690.73,4693.42,2051,31,0
2026-04-24 01:45:00+00:00,4693.4,4694.39,4689.9,4693.13,1467,47,0
2026-04-24 02:00:00+00:00,4692.99,4695.41,4689.5,4689.53,1966,46,0
2026-04-24 02:15:00+00:00,4689.52,4694.57,4686.73,4694.32,2130,46,0
2026-04-24 02:30:00+00:00,4694.79,4700.64,4693.54,4697.28,2362,30,0
2026-04-24 02:45:00+00:00,4697.3,4699.55,4692.1,4695.27,2581,30,0
2026-04-24 03:00:00+00:00,4695.21,4700.05,4690.77,4697.87,4825,36,0
2026-04-24 03:15:00+00:00,4698.02,4705.5,4696.22,4705.36,3897,46,0
2026-04-24 03:30:00+00:00,4705.35,4707.71,4701.09,4701.34,2856,46,0
2026-04-24 03:45:00+00:00,4701.37,4705.69,4697.17,4704.45,3319,42,0
2026-04-24 04:00:00+00:00,4704.46,4709.79,4695.69,4709.16,5301,30,0
2026-04-24 04:15:00+00:00,4709.2,4710.92,4698.13,4698.27,4293,30,0
2026-04-24 04:30:00+00:00,4698.27,4702.18,4690.27,4690.77,5175,30,0
2026-04-24 04:45:00+00:00,4690.7,4700.55,4690.14,4699.34,3136,37,0
2026-04-24 05:00:00+00:00,4699.35,4700.49,4690.1,4693.03,4148,30,0
2026-04-24 05:15:00+00:00,4693.3,4696.12,4682.11,4683.56,3367,30,0
2026-04-24 05:30:00+00:00,4683.59,4690.75,4680.02,4683.39,4069,30,0
2026-04-24 05:45:00+00:00,4683.32,4683.97,4673.02,4676.7,4003,30,0
2026-04-24 06:00:00+00:00,4676.65,4678.12,4668.59,4670.17,3413,30,0
2026-04-24 06:15:00+00:00,4670.32,4677.94,4670.04,4674.22,2908,35,0
2026-04-24 06:30:00+00:00,4674.28,4677.99,4672.73,4675.0,2430,34,0
2026-04-24 06:45:00+00:00,4675.03,4676.53,4671.38,4672.0,1587,34,0
2026-04-24 07:00:00+00:00,4671.88,4674.43,4667.25,4669.93,2099,40,0
2026-04-24 07:15:00+00:00,4670.01,4670.71,4658.7,4659.42,2407,36,0
2026-04-24 07:30:00+00:00,4659.66,4668.51,4657.5,4668.13,2203,30,0
2026-04-24 07:45:00+00:00,4668.14,4676.68,4668.03,4674.35,2263,34,0
2026-04-24 08:00:00+00:00,4674.39,4676.7,4669.41,4673.39,2045,30,0
2026-04-24 08:15:00+00:00,4673.67,4678.48,4671.98,4676.46,1860,38,0
2026-04-24 08:30:00+00:00,4676.43,4687.19,4676.43,4682.54,3048,30,0
2026-04-24 08:45:00+00:00,4682.53,4686.65,4680.17,4686.13,2791,34,0
2026-04-24 09:00:00+00:00,4686.18,4687.76,4680.88,4681.7,3216,30,0
2026-04-24 09:15:00+00:00,4681.73,4681.92,4670.0,4671.39,3534,36,0
2026-04-24 09:30:00+00:00,4671.4,4675.99,4669.8,4673.58,3423,30,0
2026-04-24 09:45:00+00:00,4673.56,4676.23,4666.68,4671.8,3655,30,0
2026-04-24 10:00:00+00:00,4671.5,4681.24,4670.88,4680.4,2660,30,0
2026-04-24 10:15:00+00:00,4680.37,4684.79,4678.1,4684.34,2623,30,0
2026-04-24 10:30:00+00:00,4684.28,4686.06,4682.25,4685.42,2545,30,0
2026-04-24 10:45:00+00:00,4685.49,4695.11,4685.16,4694.31,3038,30,0
2026-04-24 11:00:00+00:00,4694.4,4694.43,4686.22,4687.24,3541,30,0
2026-04-24 11:15:00+00:00,4687.26,4697.25,4686.61,4687.79,3258,37,0
2026-04-24 11:30:00+00:00,4687.71,4690.03,4684.92,4687.99,2755,30,0
2026-04-24 11:45:00+00:00,4687.97,4692.88,4687.54,4690.68,2520,40,0
2026-04-24 12:00:00+00:00,4690.74,4695.22,4689.55,4695.16,3061,30,0
2026-04-24 12:15:00+00:00,4695.12,4696.59,4682.16,4683.16,3663,30,0
2026-04-24 12:30:00+00:00,4683.19,4688.38,4679.3,4685.86,2998,30,0
2026-04-24 12:45:00+00:00,4685.89,4686.68,4679.24,4681.95,2349,30,0
2026-04-24 13:00:00+00:00,4681.94,4684.72,4680.74,4682.16,2496,30,0
2026-04-24 13:15:00+00:00,4682.04,4686.07,4680.07,4682.08,3027,30,0
2026-04-24 13:30:00+00:00,4682.08,4682.22,4674.41,4678.74,2700,36,0
2026-04-24 13:45:00+00:00,4678.69,4680.54,4676.52,4677.6,1827,43,0
2026-04-24 14:00:00+00:00,4677.59,4703.22,4677.59,4696.99,5491,30,0
2026-04-24 14:15:00+00:00,4697.01,4716.88,4692.36,4715.26,5795,30,0
2026-04-24 14:30:00+00:00,4715.28,4717.29,4704.93,4705.26,4653,30,0
2026-04-24 14:45:00+00:00,4705.21,4708.12,4702.75,4706.78,3276,43,0
2026-04-24 15:00:00+00:00,4706.8,4710.14,4703.24,4708.45,3919,30,0
2026-04-24 15:15:00+00:00,4708.44,4711.67,4701.36,4710.21,3824,30,0
2026-04-24 15:30:00+00:00,4710.07,4711.46,4698.59,4698.7,4161,30,0
2026-04-24 15:45:00+00:00,4698.76,4700.9,4690.24,4700.54,4110,30,0
2026-04-24 16:00:00+00:00,4700.88,4705.47,4696.03,4702.85,4601,30,0
2026-04-24 16:15:00+00:00,4702.86,4705.0,4693.47,4696.94,4765,30,0
2026-04-24 16:30:00+00:00,4696.86,4709.62,4689.62,4708.07,6578,39,0
2026-04-24 16:45:00+00:00,4708.08,4717.31,4704.6,4711.81,6157,41,0
2026-04-24 17:00:00+00:00,4711.31,4740.21,4706.78,4731.22,7617,30,0
2026-04-24 17:15:00+00:00,4731.01,4733.86,4721.39,4725.37,6530,30,0
2026-04-24 17:30:00+00:00,4725.45,4732.8,4723.57,4730.25,5952,30,0
2026-04-24 17:45:00+00:00,4730.39,4731.1,4723.94,4726.24,5176,37,0
2026-04-24 18:00:00+00:00,4726.28,4727.1,4718.77,4721.78,5112,46,0
2026-04-24 18:15:00+00:00,4721.74,4726.15,4718.36,4721.77,4678,35,0
2026-04-24 18:30:00+00:00,4721.81,4729.46,4714.7,4727.76,4685,30,0
2026-04-24 18:45:00+00:00,4727.85,4733.24,4723.89,4727.04,6586,35,0
2026-04-24 19:00:00+00:00,4726.54,4729.56,4720.07,4720.36,5619,32,0
2026-04-24 19:15:00+00:00,4720.27,4725.75,4718.91,4723.09,4464,30,0
2026-04-24 19:30:00+00:00,4723.21,4726.96,4719.07,4722.38,4414,30,0
2026-04-24 19:45:00+00:00,4722.39,4727.44,4720.19,4726.6,3928,46,0
2026-04-24 20:00:00+00:00,4726.6,4729.84,4725.54,4727.51,4392,46,0
2026-04-24 20:15:00+00:00,4727.44,4729.13,4722.1,4722.63,4128,46,0
2026-04-24 20:30:00+00:00,4722.29,4725.39,4718.85,4722.46,4329,31,0
2026-04-24 20:45:00+00:00,4722.48,4727.77,4720.43,4723.22,3073,39,0
2026-04-24 21:00:00+00:00,4723.25,4724.66,4719.76,4723.59,3212,46,0
2026-04-24 21:15:00+00:00,4723.51,4724.12,4716.85,4716.93,3000,36,0
2026-04-24 21:30:00+00:00,4716.86,4720.37,4716.62,4718.74,2385,46,0
2026-04-24 21:45:00+00:00,4718.63,4723.06,4717.6,4722.57,2583,46,0
2026-04-24 22:00:00+00:00,4722.59,4725.89,4720.87,4722.24,3091,35,0
2026-04-24 22:15:00+00:00,4722.19,4723.13,4717.23,4718.87,3000,46,0
2026-04-24 22:30:00+00:00,4718.8,4720.42,4715.78,4716.5,2754,45,0
2026-04-24 22:45:00+00:00,4716.19,4718.39,4713.55,4716.56,3528,44,0
2026-04-24 23:00:00+00:00,4716.36,4717.21,4705.1,4706.42,2445,46,0
2026-04-24 23:15:00+00:00,4706.41,4709.32,4705.11,4707.96,1661,46,0
2026-04-24 23:30:00+00:00,4707.91,4708.16,4704.79,4706.94,1413,53,0
2026-04-24 23:45:00+00:00,4706.94,4708.82,4706.22,4708.08,1515,47,0
2026-04-27 01:00:00+00:00,4697.46,4703.28,4679.16,4684.55,3951,74,0
2026-04-27 01:15:00+00:00,4684.63,4688.1,4682.34,4686.42,2325,59,0
2026-04-27 01:30:00+00:00,4686.42,4686.7,4682.05,4684.44,2712,45,0
2026-04-27 01:45:00+00:00,4684.5,4685.92,4681.86,4684.48,2197,30,0
2026-04-27 02:00:00+00:00,4684.25,4684.81,4677.52,4683.6,2709,49,0
2026-04-27 02:15:00+00:00,4683.58,4684.42,4677.06,4677.21,1899,46,0
2026-04-27 02:30:00+00:00,4677.07,4679.9,4674.87,4676.79,2544,46,0
2026-04-27 02:45:00+00:00,4676.8,4681.95,4676.8,4679.77,2479,30,0
2026-04-27 03:00:00+00:00,4679.82,4680.97,4671.94,4679.59,4683,31,0
2026-04-27 03:15:00+00:00,4679.6,4682.02,4677.56,4680.68,3556,42,0
2026-04-27 03:30:00+00:00,4680.79,4681.39,4676.61,4680.43,2776,46,0
2026-04-27 03:45:00+00:00,4680.4,4697.89,4680.36,4697.66,3385,30,0
2026-04-27 04:00:00+00:00,4697.72,4709.6,4692.02,4692.67,6407,36,0
2026-04-27 04:15:00+00:00,4692.65,4698.45,4690.7,4697.87,5170,41,0
2026-04-27 04:30:00+00:00,4697.86,4700.81,4695.55,4697.81,5412,30,0
2026-04-27 04:45:00+00:00,4697.84,4706.33,4697.63,4702.59,4188,30,0
2026-04-27 05:00:00+00:00,4702.6,4706.62,4696.12,4699.48,3475,30,0
2026-04-27 05:15:00+00:00,4699.46,4708.11,4698.82,4705.48,2136,46,0
2026-04-27 05:30:00+00:00,4705.49,4714.39,4704.11,4713.35,3694,44,0
2026-04-27 05:45:00+00:00,4713.39,4723.34,4711.98,4717.95,3846,30,0
2026-04-27 06:00:00+00:00,4717.89,4721.95,4716.07,4717.58,3245,36,0
2026-04-27 06:15:00+00:00,4717.57,4718.23,4714.31,4715.5,2014,46,0
2026-04-27 06:30:00+00:00,4715.57,4729.4,4715.28,4728.35,2834,31,0
2026-04-27 06:45:00+00:00,4728.37,4728.69,4722.5,4724.03,2313,42,0
2026-04-27 07:00:00+00:00,4723.88,4727.89,4723.61,4727.37,1503,33,0
2026-04-27 07:15:00+00:00,4727.36,4727.79,4724.77,4726.71,1170,46,0
2026-04-27 07:30:00+00:00,4726.79,4729.8,4725.15,4726.0,2136,46,0
2026-04-27 07:45:00+00:00,4725.99,4726.36,4722.5,4724.79,1909,43,0
2026-04-27 08:00:00+00:00,4724.85,4725.3,4717.88,4718.15,2392,30,0
2026-04-27 08:15:00+00:00,4718.15,4719.73,4715.99,4718.05,1806,35,0
2026-04-27 08:30:00+00:00,4718.03,4718.27,4708.94,4711.48,3756,30,0
2026-04-27 08:45:00+00:00,4711.52,4713.5,4708.62,4710.0,2736,46,0
2026-04-27 09:00:00+00:00,4710.0,4715.35,4709.12,4714.22,3776,44,0
2026-04-27 09:15:00+00:00,4714.16,4715.43,4711.2,4714.19,2820,34,0
2026-04-27 09:30:00+00:00,4714.18,4714.31,4709.24,4710.65,3623,30,0
2026-04-27 09:45:00+00:00,4710.63,4715.32,4709.9,4712.72,2382,33,0
2026-04-27 10:00:00+00:00,4712.71,4718.13,4710.88,4716.99,3151,30,0
2026-04-27 10:15:00+00:00,4716.97,4718.17,4712.25,4715.86,2983,46,0
2026-04-27 10:30:00+00:00,4715.9,4717.23,4713.42,4714.77,2864,30,0
2026-04-27 10:45:00+00:00,4714.76,4716.75,4709.9,4713.18,3021,30,0
2026-04-27 11:00:00+00:00,4713.2,4714.2,4709.93,4710.77,3801,32,0
2026-04-27 11:15:00+00:00,4710.78,4713.92,4709.33,4710.57,2853,32,0
2026-04-27 11:30:00+00:00,4710.56,4711.74,4705.24,4711.71,2778,31,0
2026-04-27 11:45:00+00:00,4711.72,4714.57,4705.45,4706.65,2658,30,0
2026-04-27 12:00:00+00:00,4706.67,4708.03,4702.39,4704.97,2284,30,0
2026-04-27 12:15:00+00:00,4704.91,4706.53,4701.47,4702.22,1975,33,0
2026-04-27 12:30:00+00:00,4702.18,4705.31,4699.29,4704.45,3138,34,0
2026-04-27 12:45:00+00:00,4704.42,4704.43,4699.43,4703.42,1728,39,0
2026-04-27 13:00:00+00:00,4703.52,4706.73,4701.42,4701.75,1625,41,0
2026-04-27 13:15:00+00:00,4701.8,4705.72,4699.41,4704.94,1523,44,0
2026-04-27 13:30:00+00:00,4705.0,4710.43,4704.55,4708.91,1871,30,0
2026-04-27 13:45:00+00:00,4709.03,4710.66,4707.01,4708.6,1862,43,0
2026-04-27 14:00:00+00:00,4708.65,4708.97,4703.83,4703.94,2325,30,0
2026-04-27 14:15:00+00:00,4703.97,4706.81,4700.14,4705.08,2261,32,0
2026-04-27 14:30:00+00:00,4705.11,4708.37,4699.91,4702.49,2427,31,0
2026-04-27 14:45:00+00:00,4702.48,4705.12,4700.79,4704.65,2394,37,0
2026-04-27 15:00:00+00:00,4704.7,4709.05,4702.44,4708.75,2790,30,0
2026-04-27 15:15:00+00:00,4708.79,4712.49,4701.94,4706.95,3990,30,0
2026-04-27 15:30:00+00:00,4706.96,4707.64,4696.96,4698.6,3622,30,0
2026-04-27 15:45:00+00:00,4698.51,4704.32,4696.67,4699.02,3679,40,0
2026-04-27 16:00:00+00:00,4699.0,4700.43,4693.16,4695.85,5095,30,0
2026-04-27 16:15:00+00:00,4695.8,4703.28,4695.37,4699.81,3532,30,0
2026-04-27 16:30:00+00:00,4699.74,4702.42,4689.04,4693.15,6376,31,0
2026-04-27 16:45:00+00:00,4693.19,4697.15,4689.23,4696.05,5914,30,0
2026-04-27 17:00:00+00:00,4696.1,4696.11,4687.6,4692.4,6152,30,0
2026-04-27 17:15:00+00:00,4692.38,4696.43,4686.08,4688.87,5698,44,0
2026-04-27 17:30:00+00:00,4688.84,4696.57,4683.4,4693.24,6411,39,0
2026-04-27 17:45:00+00:00,4693.26,4693.83,4676.45,4677.97,5619,31,0
2026-04-27 18:00:00+00:00,4678.03,4679.26,4667.05,4674.41,5651,30,0
2026-04-27 18:15:00+00:00,4674.41,4680.97,4671.83,4680.92,5144,30,0
2026-04-27 18:30:00+00:00,4681.03,4682.36,4676.83,4677.49,4156,30,0
2026-04-27 18:45:00+00:00,4677.39,4677.88,4667.86,4669.88,3984,36,0
2026-04-27 19:00:00+00:00,4669.87,4674.8,4667.18,4674.42,4313,30,0
2026-04-27 19:15:00+00:00,4674.33,4677.6,4673.55,4676.22,3846,36,0
2026-04-27 19:30:00+00:00,4676.18,4679.36,4674.17,4674.71,3067,33,0
2026-04-27 19:45:00+00:00,4674.7,4677.93,4674.58,4676.48,3316,46,0
2026-04-27 20:00:00+00:00,4676.54,4678.31,4671.54,4673.52,4037,46,0
2026-04-27 20:15:00+00:00,4673.47,4679.86,4668.11,4679.68,4477,37,0
2026-04-27 20:30:00+00:00,4679.82,4686.01,4679.3,4682.96,3930,30,0
2026-04-27 20:45:00+00:00,4682.94,4684.29,4680.92,4682.03,3383,46,0
2026-04-27 21:00:00+00:00,4682.01,4682.6,4678.83,4681.28,2917,36,0
2026-04-27 21:15:00+00:00,4681.2,4685.33,4680.46,4683.91,3289,46,0
2026-04-27 21:30:00+00:00,4683.85,4685.16,4682.37,4682.69,2141,41,0
2026-04-27 21:45:00+00:00,4682.65,4684.93,4680.52,4680.52,2559,30,0
2026-04-27 22:00:00+00:00,4680.47,4681.07,4678.34,4680.09,2326,41,0
2026-04-27 22:15:00+00:00,4680.08,4682.51,4679.61,4682.07,2123,46,0
2026-04-27 22:30:00+00:00,4682.19,4682.23,4676.55,4679.83,2309,41,0
2026-04-27 22:45:00+00:00,4679.84,4681.31,4678.28,4680.64,3363,41,0
2026-04-27 23:00:00+00:00,4680.51,4681.3,4677.34,4678.95,1419,46,0
2026-04-27 23:15:00+00:00,4679.0,4680.63,4678.44,4679.57,958,46,0
2026-04-27 23:30:00+00:00,4679.63,4680.33,4678.61,4679.99,960,46,0
2026-04-27 23:45:00+00:00,4679.98,4681.67,4678.26,4681.67,1036,46,0
2026-04-28 01:00:00+00:00,4683.58,4691.1,4682.23,4689.14,2614,47,0
2026-04-28 01:15:00+00:00,4689.16,4689.7,4686.79,4688.95,1579,48,0
2026-04-28 01:30:00+00:00,4688.94,4689.59,4686.27,4687.19,1436,47,0
2026-04-28 01:45:00+00:00,4687.22,4688.0,4686.05,4687.74,1137,47,0
2026-04-28 02:00:00+00:00,4687.71,4689.83,4687.06,4689.66,1159,47,0
2026-04-28 02:15:00+00:00,4689.7,4691.54,4689.33,4690.41,1407,46,0
2026-04-28 02:30:00+00:00,4690.42,4694.24,4690.3,4694.18,1524,46,0
2026-04-28 02:45:00+00:00,4694.12,4694.86,4691.71,4691.74,1520,46,0
2026-04-28 03:00:00+00:00,4691.83,4701.08,4691.6,4697.78,3441,46,0
2026-04-28 03:15:00+00:00,4697.72,4699.28,4692.18,4694.76,3654,46,0
2026-04-28 03:30:00+00:00,4694.75,4695.0,4691.6,4693.4,2954,46,0
2026-04-28 03:45:00+00:00,4693.6,4694.46,4690.34,4690.44,2650,46,0
2026-04-28 04:00:00+00:00,4690.36,4690.77,4684.27,4687.9,4805,46,0
2026-04-28 04:15:00+00:00,4687.78,4690.57,4685.58,4687.45,3842,33,0
2026-04-28 04:30:00+00:00,4687.49,4691.3,4683.77,4687.14,3762,41,0
2026-04-28 04:45:00+00:00,4687.13,4687.52,4669.49,4670.65,4307,36,0
2026-04-28 05:00:00+00:00,4670.69,4677.89,4666.13,4677.24,3956,40,0
2026-04-28 05:15:00+00:00,4677.22,4679.65,4674.31,4675.38,1763,41,0
2026-04-28 05:30:00+00:00,4675.45,4675.45,4670.38,4670.86,3101,30,0
2026-04-28 05:45:00+00:00,4670.85,4671.26,4666.4,4669.05,3274,38,0
2026-04-28 06:00:00+00:00,4669.07,4674.07,4668.28,4672.81,2506,44,0
2026-04-28 06:15:00+00:00,4672.79,4675.69,4671.25,4674.81,1961,40,0
2026-04-28 06:30:00+00:00,4674.79,4675.25,4671.58,4671.88,1657,46,0
2026-04-28 06:45:00+00:00,4671.8,4672.44,4669.2,4670.87,1192,43,0
2026-04-28 07:00:00+00:00,4670.86,4671.12,4666.64,4669.69,1808,39,0
2026-04-28 07:15:00+00:00,4669.67,4669.7,4666.39,4667.31,1793,44,0
2026-04-28 07:30:00+00:00,4667.28,4669.83,4666.76,4669.83,1528,42,0
2026-04-28 07:45:00+00:00,4669.74,4669.91,4667.15,4667.49,923,43,0
2026-04-28 08:00:00+00:00,4667.53,4667.84,4648.88,4652.27,3505,30,0
2026-04-28 08:15:00+00:00,4652.29,4659.52,4651.1,4658.14,2224,38,0
2026-04-28 08:30:00+00:00,4658.18,4658.41,4624.17,4624.61,6011,30,0
2026-04-28 08:45:00+00:00,4624.66,4634.2,4623.77,4632.13,4867,44,0
2026-04-28 09:00:00+00:00,4632.12,4642.84,4625.76,4640.47,4929,30,0
2026-04-28 09:15:00+00:00,4640.43,4640.95,4623.39,4631.49,4388,30,0
2026-04-28 09:30:00+00:00,4631.45,4634.55,4625.49,4629.57,3896,37,0
2026-04-28 09:45:00+00:00,4629.55,4631.54,4623.17,4628.87,3623,30,0
2026-04-28 10:00:00+00:00,4628.86,4639.18,4627.33,4634.08,3888,30,0
2026-04-28 10:15:00+00:00,4634.04,4634.7,4627.07,4629.52,3342,30,0
2026-04-28 10:30:00+00:00,4629.5,4635.34,4625.89,4629.1,3502,38,0
2026-04-28 10:45:00+00:00,4629.11,4633.48,4620.47,4633.02,3630,30,0
2026-04-28 11:00:00+00:00,4632.94,4633.41,4614.72,4620.06,5129,30,0
2026-04-28 11:15:00+00:00,4620.13,4626.88,4619.0,4626.82,4037,30,0
2026-04-28 11:30:00+00:00,4626.67,4635.22,4626.53,4628.11,4385,30,0
2026-04-28 11:45:00+00:00,4627.95,4630.43,4625.05,4629.49,2949,38,0
2026-04-28 12:00:00+00:00,4629.46,4629.84,4621.45,4625.23,3646,30,0
2026-04-28 12:15:00+00:00,4625.23,4625.75,4612.93,4618.18,3893,30,0
2026-04-28 12:30:00+00:00,4618.14,4618.92,4607.94,4613.48,4228,30,0
2026-04-28 12:45:00+00:00,4613.46,4615.05,4604.46,4604.66,3988,30,0
2026-04-28 13:00:00+00:00,4604.25,4613.51,4604.25,4612.5,3606,30,0
2026-04-28 13:15:00+00:00,4612.49,4616.36,4610.73,4611.41,3321,30,0
2026-04-28 13:30:00+00:00,4611.33,4615.69,4610.85,4613.02,2899,40,0
2026-04-28 13:45:00+00:00,4612.98,4615.26,4603.13,4603.14,3122,42,0
2026-04-28 14:00:00+00:00,4602.2,4608.61,4597.72,4598.48,4255,30,0
2026-04-28 14:15:00+00:00,4598.47,4604.01,4594.01,4599.3,4045,30,0
2026-04-28 14:30:00+00:00,4599.28,4599.68,4567.9,4571.93,5671,30,0
2026-04-28 14:45:00+00:00,4571.9,4573.87,4555.33,4562.59,6276,30,0
2026-04-28 15:00:00+00:00,4562.73,4581.53,4554.75,4581.34,5870,30,0
2026-04-28 15:15:00+00:00,4581.58,4597.95,4573.65,4580.05,5927,30,0
2026-04-28 15:30:00+00:00,4580.04,4588.6,4570.44,4586.78,5322,30,0
2026-04-28 15:45:00+00:00,4586.82,4599.93,4584.15,4593.63,5361,30,0
2026-04-28 16:00:00+00:00,4593.59,4594.5,4571.1,4576.09,6503,30,0
2026-04-28 16:15:00+00:00,4576.01,4584.39,4572.06,4581.47,5779,30,0
2026-04-28 16:30:00+00:00,4581.37,4591.49,4570.69,4581.72,7827,30,0
2026-04-28 16:45:00+00:00,4581.71,4592.49,4574.68,4580.31,6511,30,0
2026-04-28 17:00:00+00:00,4580.29,4580.49,4564.9,4568.11,7076,31,0
2026-04-28 17:15:00+00:00,4568.01,4577.82,4564.35,4571.28,6874,30,0
2026-04-28 17:30:00+00:00,4571.43,4577.88,4557.18,4564.0,7190,30,0
2026-04-28 17:45:00+00:00,4564.02,4574.63,4557.18,4574.39,7595,30,0
2026-04-28 18:00:00+00:00,4574.38,4581.72,4570.27,4572.54,7287,32,0
2026-04-28 18:15:00+00:00,4572.54,4577.29,4566.89,4576.83,6384,36,0
2026-04-28 18:30:00+00:00,4576.8,4581.2,4570.99,4577.66,5908,43,0
2026-04-28 18:45:00+00:00,4577.67,4586.34,4576.5,4586.3,5498,30,0
2026-04-28 19:00:00+00:00,4586.38,4586.79,4582.19,4585.13,5662,30,0
2026-04-28 19:15:00+00:00,4585.09,4585.58,4577.69,4582.75,4604,42,0
2026-04-28 19:30:00+00:00,4582.73,4586.63,4580.51,4584.77,3715,44,0
2026-04-28 19:45:00+00:00,4584.78,4594.74,4583.68,4592.1,5210,46,0
2026-04-28 20:00:00+00:00,4592.06,4594.77,4588.39,4593.57,4726,46,0
2026-04-28 20:15:00+00:00,4593.56,4597.11,4587.13,4593.52,4641,42,0
2026-04-28 20:30:00+00:00,4593.65,4601.3,4593.61,4598.9,4336,30,0
2026-04-28 20:45:00+00:00,4598.88,4600.33,4593.9,4594.52,3847,30,0
2026-04-28 21:00:00+00:00,4594.57,4598.31,4591.95,4595.88,3898,30,0
2026-04-28 21:15:00+00:00,4595.9,4600.49,4595.9,4598.8,4452,36,0
2026-04-28 21:30:00+00:00,4598.84,4599.4,4593.45,4597.64,3394,46,0
2026-04-28 21:45:00+00:00,4597.63,4598.71,4592.93,4594.14,2926,46,0
2026-04-28 22:00:00+00:00,4594.11,4598.55,4593.67,4595.42,3138,46,0
2026-04-28 22:15:00+00:00,4595.43,4597.02,4593.62,4596.09,3641,46,0
2026-04-28 22:30:00+00:00,4596.16,4599.76,4594.5,4598.36,3010,46,0
2026-04-28 22:45:00+00:00,4598.35,4599.11,4593.17,4595.5,4019,40,0
2026-04-28 23:00:00+00:00,4595.49,4598.58,4594.73,4597.17,2262,46,0
2026-04-28 23:15:00+00:00,4597.18,4598.04,4590.99,4592.67,1900,30,0
2026-04-28 23:30:00+00:00,4592.68,4595.23,4592.2,4593.18,1417,30,0
2026-04-28 23:45:00+00:00,4593.2,4597.19,4592.62,4596.93,1093,46,0
2026-04-29 01:00:00+00:00,4597.78,4599.74,4594.21,4596.36,1778,48,0
2026-04-29 01:15:00+00:00,4596.37,4597.08,4595.05,4595.65,938,47,0
2026-04-29 01:30:00+00:00,4595.69,4597.05,4592.85,4593.49,961,47,0
2026-04-29 01:45:00+00:00,4593.46,4595.18,4592.22,4593.91,1030,46,0
2026-04-29 02:00:00+00:00,4593.97,4594.35,4589.12,4590.76,1484,47,0
2026-04-29 02:15:00+00:00,4590.75,4592.58,4590.14,4592.03,1215,46,0
2026-04-29 02:30:00+00:00,4592.06,4593.27,4587.83,4589.68,1730,44,0
2026-04-29 02:45:00+00:00,4589.66,4595.96,4588.71,4595.46,2299,46,0
2026-04-29 03:00:00+00:00,4595.5,4610.26,4594.75,4607.29,3585,46,0
2026-04-29 03:15:00+00:00,4607.38,4607.59,4598.59,4599.92,3058,46,0
2026-04-29 03:30:00+00:00,4599.93,4604.63,4599.23,4603.55,2093,46,0
2026-04-29 03:45:00+00:00,4603.56,4603.96,4596.06,4600.09,2717,46,0
2026-04-29 04:00:00+00:00,4600.1,4600.29,4575.55,4582.25,6271,30,0
2026-04-29 04:15:00+00:00,4582.15,4586.45,4579.21,4580.4,4388,45,0
2026-04-29 04:30:00+00:00,4580.4,4591.5,4578.96,4590.13,4694,30,0
2026-04-29 04:45:00+00:00,4590.3,4591.42,4580.28,4584.73,4370,35,0
2026-04-29 05:00:00+00:00,4584.78,4602.35,4584.76,4600.74,4434,30,0
2026-04-29 05:15:00+00:00,4600.84,4604.08,4598.07,4598.96,2717,33,0
2026-04-29 05:30:00+00:00,4599.01,4601.66,4595.68,4596.7,3214,32,0
2026-04-29 05:45:00+00:00,4596.63,4601.09,4592.23,4593.64,3445,39,0
2026-04-29 06:00:00+00:00,4593.65,4602.81,4592.72,4601.7,2955,40,0
2026-04-29 06:15:00+00:00,4601.73,4603.11,4597.0,4598.69,2394,46,0
2026-04-29 06:30:00+00:00,4598.68,4598.68,4592.49,4593.77,1325,41,0
2026-04-29 06:45:00+00:00,4593.71,4596.44,4591.99,4595.4,1404,30,0
2026-04-29 07:00:00+00:00,4595.57,4603.38,4595.24,4600.62,1810,46,0
2026-04-29 07:15:00+00:00,4600.7,4601.83,4597.36,4601.71,1711,43,0
2026-04-29 07:30:00+00:00,4601.72,4605.42,4601.47,4601.88,1848,30,0
2026-04-29 07:45:00+00:00,4601.9,4605.51,4601.9,4604.64,1176,39,0
2026-04-29 08:00:00+00:00,4604.61,4607.55,4600.26,4600.99,1611,30,0
2026-04-29 08:15:00+00:00,4601.0,4602.63,4598.51,4600.46,1438,37,0
2026-04-29 08:30:00+00:00,4600.57,4601.44,4594.05,4598.95,2329,46,0
2026-04-29 08:45:00+00:00,4598.91,4603.11,4590.52,4590.93,2944,30,0
2026-04-29 09:00:00+00:00,4590.77,4598.56,4586.89,4588.36,3800,30,0
2026-04-29 09:15:00+00:00,4588.4,4589.15,4581.11,4584.88,3868,30,0
2026-04-29 09:30:00+00:00,4584.89,4587.5,4580.7,4584.91,3482,30,0
2026-04-29 09:45:00+00:00,4584.93,4586.82,4581.03,4584.42,3448,30,0
2026-04-29 10:00:00+00:00,4584.34,4588.72,4576.56,4578.57,4249,30,0
2026-04-29 10:15:00+00:00,4578.59,4581.14,4569.47,4575.06,3702,30,0
2026-04-29 10:30:00+00:00,4575.05,4578.53,4569.18,4570.26,4011,30,0
2026-04-29 10:45:00+00:00,4570.28,4572.32,4567.21,4567.79,4032,30,0
2026-04-29 11:00:00+00:00,4567.77,4573.21,4564.37,4565.16,4611,30,0
2026-04-29 11:15:00+00:00,4565.15,4571.22,4565.15,4566.4,3954,37,0
2026-04-29 11:30:00+00:00,4566.19,4568.74,4557.1,4568.14,4168,30,0
2026-04-29 11:45:00+00:00,4568.13,4576.59,4568.07,4573.01,3486,34,0
2026-04-29 12:00:00+00:00,4573.05,4575.5,4570.22,4573.69,3547,30,0
2026-04-29 12:15:00+00:00,4573.59,4580.71,4565.58,4565.7,3282,36,0
2026-04-29 12:30:00+00:00,4565.69,4569.48,4558.63,4558.87,4018,42,0
2026-04-29 12:45:00+00:00,4559.0,4561.86,4551.5,4555.6,4546,30,0
2026-04-29 13:00:00+00:00,4555.51,4568.01,4554.9,4567.81,3371,30,0
2026-04-29 13:15:00+00:00,4567.82,4573.03,4567.82,4571.61,3204,38,0
2026-04-29 13:30:00+00:00,4571.67,4576.38,4565.93,4566.22,2729,32,0
2026-04-29 13:45:00+00:00,4566.21,4570.48,4563.81,4569.7,2542,34,0
2026-04-29 14:00:00+00:00,4569.69,4571.81,4565.25,4567.9,3058,30,0
2026-04-29 14:15:00+00:00,4568.01,4570.17,4564.03,4564.57,2940,46,0
2026-04-29 14:30:00+00:00,4564.34,4571.65,4563.46,4566.78,3107,37,0
2026-04-29 14:45:00+00:00,4566.73,4566.73,4559.04,4561.58,3117,30,0
2026-04-29 15:00:00+00:00,4561.55,4568.09,4560.44,4564.41,2663,30,0
2026-04-29 15:15:00+00:00,4564.45,4568.86,4559.27,4559.32,3208,42,0
2026-04-29 15:30:00+00:00,4559.25,4559.62,4551.06,4557.54,4184,30,0
2026-04-29 15:45:00+00:00,4557.52,4559.83,4542.05,4544.78,4443,30,0
2026-04-29 16:00:00+00:00,4544.94,4553.17,4544.94,4549.72,5004,30,0
2026-04-29 16:15:00+00:00,4549.69,4551.5,4534.4,4537.73,5331,30,0
2026-04-29 16:30:00+00:00,4537.66,4539.41,4513.39,4514.58,7029,30,0
2026-04-29 16:45:00+00:00,4514.55,4529.86,4510.0,4521.76,6890,31,0
2026-04-29 17:00:00+00:00,4521.65,4528.25,4517.66,4526.06,6902,30,0
2026-04-29 17:15:00+00:00,4526.05,4537.46,4524.25,4533.09,6113,30,0
2026-04-29 17:30:00+00:00,4533.05,4542.68,4530.69,4538.69,5392,42,0
2026-04-29 17:45:00+00:00,4538.7,4540.46,4531.96,4539.2,4605,40,0
2026-04-29 18:00:00+00:00,4539.18,4546.72,4536.19,4537.81,5086,30,0
2026-04-29 18:15:00+00:00,4537.91,4546.29,4536.08,4543.33,4600,41,0
2026-04-29 18:30:00+00:00,4543.25,4556.17,4540.05,4553.02,5102,30,0
2026-04-29 18:45:00+00:00,4553.03,4558.76,4542.05,4547.57,6011,30,0
2026-04-29 19:00:00+00:00,4547.65,4564.71,4546.94,4558.97,6111,30,0
2026-04-29 19:15:00+00:00,4559.02,4564.14,4557.0,4560.15,5235,38,0
2026-04-29 19:30:00+00:00,4560.12,4560.12,4545.55,4550.13,5873,30,0
2026-04-29 19:45:00+00:00,4550.23,4551.28,4543.23,4545.38,4503,32,0
2026-04-29 20:00:00+00:00,4545.42,4552.06,4542.64,4550.5,5001,30,0
2026-04-29 20:15:00+00:00,4550.49,4554.37,4545.85,4547.07,5839,30,0
2026-04-29 20:30:00+00:00,4547.0,4548.36,4542.54,4544.56,4981,43,0
2026-04-29 20:45:00+00:00,4544.54,4547.4,4541.4,4546.7,4490,30,0
2026-04-29 21:00:00+00:00,4547.45,4552.63,4525.11,4525.35,7098,30,0
2026-04-29 21:15:00+00:00,4525.38,4539.62,4524.88,4532.75,6342,38,0
2026-04-29 21:30:00+00:00,4532.74,4540.56,4520.32,4520.32,7137,30,0
2026-04-29 21:45:00+00:00,4520.42,4541.02,4518.06,4537.81,6695,30,0
2026-04-29 22:00:00+00:00,4537.8,4548.64,4532.96,4547.51,6311,30,0
2026-04-29 22:15:00+00:00,4547.3,4550.41,4540.9,4542.63,6119,46,0
2026-04-29 22:30:00+00:00,4542.43,4544.85,4537.47,4539.44,4832,32,0
2026-04-29 22:45:00+00:00,4539.37,4549.67,4539.22,4546.75,4781,30,0
2026-04-29 23:00:00+00:00,4546.7,4553.36,4542.44,4546.18,6113,46,0
2026-04-29 23:15:00+00:00,4546.39,4547.85,4541.26,4543.22,4674,39,0
2026-04-29 23:30:00+00:00,4543.23,4546.6,4542.37,4543.74,3678,48,0
2026-04-29 23:45:00+00:00,4543.68,4544.64,4541.28,4543.4,2537,49,0
2026-04-30 01:00:00+00:00,4545.38,4548.68,4539.22,4546.12,2005,47,0
2026-04-30 01:15:00+00:00,4546.27,4550.7,4546.15,4548.88,2835,49,0
2026-04-30 01:30:00+00:00,4548.87,4552.04,4547.21,4548.25,2390,48,0
2026-04-30 01:45:00+00:00,4548.18,4552.52,4547.6,4551.94,2633,48,0
2026-04-30 02:00:00+00:00,4551.95,4553.92,4550.31,4553.2,2545,48,0
2026-04-30 02:15:00+00:00,4553.18,4554.95,4549.46,4551.49,2492,39,0
2026-04-30 02:30:00+00:00,4551.5,4554.86,4551.24,4554.31,1988,34,0
2026-04-30 02:45:00+00:00,4554.32,4561.82,4553.78,4561.51,3353,46,0
2026-04-30 03:00:00+00:00,4561.63,4568.42,4557.64,4557.97,5036,45,0
2026-04-30 03:15:00+00:00,4558.04,4564.41,4556.19,4563.4,4315,46,0
2026-04-30 03:30:00+00:00,4563.41,4566.88,4562.1,4566.88,3268,46,0
2026-04-30 03:45:00+00:00,4566.87,4574.07,4566.55,4569.76,3409,46,0
2026-04-30 04:00:00+00:00,4569.72,4571.14,4564.55,4568.35,4652,46,0
2026-04-30 04:15:00+00:00,4568.4,4580.97,4565.8,4579.72,4372,41,0
2026-04-30 04:30:00+00:00,4579.88,4581.29,4570.79,4576.24,5084,44,0
2026-04-30 04:45:00+00:00,4576.25,4582.38,4573.92,4579.16,3378,30,0
2026-04-30 05:00:00+00:00,4579.14,4581.77,4574.64,4579.47,3459,43,0
2026-04-30 05:15:00+00:00,4579.5,4580.53,4571.69,4572.97,2329,30,0
2026-04-30 05:30:00+00:00,4572.69,4573.95,4560.19,4562.29,5230,30,0
2026-04-30 05:45:00+00:00,4562.3,4565.26,4559.79,4564.81,3076,43,0
2026-04-30 06:00:00+00:00,4564.76,4568.92,4562.5,4564.84,3086,30,0
2026-04-30 06:15:00+00:00,4565.07,4566.71,4562.79,4563.19,2538,44,0
2026-04-30 06:30:00+00:00,4563.45,4563.82,4557.65,4561.44,2687,37,0
2026-04-30 06:45:00+00:00,4561.43,4561.43,4555.45,4555.73,2256,44,0
2026-04-30 07:00:00+00:00,4555.81,4556.52,4550.68,4555.3,3211,46,0
2026-04-30 07:15:00+00:00,4555.27,4556.86,4545.53,4547.12,3441,30,0
2026-04-30 07:30:00+00:00,4547.02,4547.56,4540.86,4544.55,3601,30,0
2026-04-30 07:45:00+00:00,4544.51,4549.35,4541.81,4541.87,2325,32,0
2026-04-30 08:00:00+00:00,4541.85,4553.52,4541.71,4553.2,3161,46,0
2026-04-30 08:15:00+00:00,4553.21,4558.93,4551.8,4555.46,2387,46,0
2026-04-30 08:30:00+00:00,4555.48,4566.71,4553.58,4563.88,3984,30,0
2026-04-30 08:45:00+00:00,4563.87,4569.58,4562.14,4562.57,3726,30,0
2026-04-30 09:00:00+00:00,4562.65,4567.73,4560.04,4565.92,4356,41,0
2026-04-30 09:15:00+00:00,4565.95,4570.87,4563.37,4569.44,3628,30,0
2026-04-30 09:30:00+00:00,4569.43,4578.27,4569.43,4575.04,4534,30,0
2026-04-30 09:45:00+00:00,4575.08,4591.37,4574.61,4589.33,4505,35,0
2026-04-30 10:00:00+00:00,4589.38,4595.65,4586.02,4591.52,5565,30,0
2026-04-30 10:15:00+00:00,4591.48,4593.52,4584.64,4591.35,3856,30,0
2026-04-30 10:30:00+00:00,4591.22,4597.78,4588.02,4596.56,3300,36,0
2026-04-30 10:45:00+00:00,4596.54,4605.3,4593.33,4598.33,3291,30,0
2026-04-30 11:00:00+00:00,4598.34,4629.48,4597.27,4618.59,5766,30,0
2026-04-30 11:15:00+00:00,4618.6,4620.34,4611.98,4617.33,4124,30,0
2026-04-30 11:30:00+00:00,4617.32,4620.63,4613.6,4614.88,4594,30,0
2026-04-30 11:45:00+00:00,4614.94,4619.2,4614.13,4616.13,3764,39,0
2026-04-30 12:00:00+00:00,4616.25,4619.94,4614.26,4618.69,4030,30,0
2026-04-30 12:15:00+00:00,4618.7,4626.57,4615.31,4625.43,4077,30,0
2026-04-30 12:30:00+00:00,4625.46,4631.61,4618.35,4619.18,5820,30,0
2026-04-30 12:45:00+00:00,4619.52,4627.07,4618.1,4625.06,3660,30,0
2026-04-30 13:00:00+00:00,4625.05,4629.13,4623.5,4626.59,3814,35,0
2026-04-30 13:15:00+00:00,4626.58,4643.94,4626.01,4643.55,4049,30,0
2026-04-30 13:30:00+00:00,4643.62,4646.91,4634.13,4636.52,5374,30,0
2026-04-30 13:45:00+00:00,4636.47,4639.69,4633.77,4639.65,4433,30,0
2026-04-30 14:00:00+00:00,4639.69,4645.47,4635.84,4635.87,4864,31,0
2026-04-30 14:15:00+00:00,4635.93,4643.45,4630.3,4637.45,5073,30,0
2026-04-30 14:30:00+00:00,4637.51,4637.53,4626.6,4629.58,4911,30,0
2026-04-30 14:45:00+00:00,4629.62,4635.24,4628.0,4630.1,3823,30,0
2026-04-30 15:00:00+00:00,4630.11,4637.36,4629.37,4635.58,3624,30,0
2026-04-30 15:15:00+00:00,4635.9,4637.33,4628.36,4629.27,4609,30,0
2026-04-30 15:30:00+00:00,4629.29,4636.11,4624.97,4625.61,4978,34,0
2026-04-30 15:45:00+00:00,4625.61,4639.93,4624.46,4639.41,4514,30,0
2026-04-30 16:00:00+00:00,4639.43,4643.86,4634.45,4640.9,5402,30,0
2026-04-30 16:15:00+00:00,4640.94,4645.77,4632.9,4633.45,5069,30,0
2026-04-30 16:30:00+00:00,4633.38,4634.48,4620.12,4625.29,6496,30,0
2026-04-30 16:45:00+00:00,4625.22,4625.22,4610.48,4610.74,6909,30,0
2026-04-30 17:00:00+00:00,4610.81,4625.52,4609.03,4620.4,7182,30,0
2026-04-30 17:15:00+00:00,4620.37,4625.81,4616.14,4622.77,7027,32,0
2026-04-30 17:30:00+00:00,4622.74,4622.74,4610.68,4617.55,6987,32,0
2026-04-30 17:45:00+00:00,4617.57,4623.66,4616.99,4619.77,5789,34,0
2026-04-30 18:00:00+00:00,4619.69,4623.91,4614.77,4619.92,5917,40,0
2026-04-30 18:15:00+00:00,4619.9,4624.4,4615.71,4622.78,5961,45,0
2026-04-30 18:30:00+00:00,4622.72,4625.33,4613.25,4615.42,5428,30,0
2026-04-30 18:45:00+00:00,4615.35,4617.1,4611.19,4615.16,4629,35,0
2026-04-30 19:00:00+00:00,4615.11,4617.26,4609.9,4611.51,5034,46,0
2026-04-30 19:15:00+00:00,4611.51,4611.7,4605.35,4607.82,4858,44,0
2026-04-30 19:30:00+00:00,4607.79,4613.62,4606.88,4608.9,3806,30,0
2026-04-30 19:45:00+00:00,4608.88,4617.59,4605.24,4607.33,4054,30,0
2026-04-30 20:00:00+00:00,4607.5,4619.81,4607.46,4615.66,4618,30,0
2026-04-30 20:15:00+00:00,4615.6,4620.58,4612.72,4617.46,4344,31,0
2026-04-30 20:30:00+00:00,4617.35,4621.51,4614.78,4617.74,4693,30,0
2026-04-30 20:45:00+00:00,4617.66,4619.69,4615.13,4616.66,3583,43,0
2026-04-30 21:00:00+00:00,4616.67,4624.34,4616.62,4620.46,4312,46,0
2026-04-30 21:15:00+00:00,4620.49,4625.03,4619.75,4620.58,3383,46,0
2026-04-30 21:30:00+00:00,4620.75,4623.15,4618.99,4620.44,3074,46,0
2026-04-30 21:45:00+00:00,4620.48,4624.9,4619.89,4622.26,3331,31,0
2026-04-30 22:00:00+00:00,4622.24,4627.23,4621.94,4623.92,3898,46,0
2026-04-30 22:15:00+00:00,4624.07,4625.17,4616.79,4617.6,3891,42,0
2026-04-30 22:30:00+00:00,4617.63,4622.78,4615.04,4622.43,3577,46,0
2026-04-30 22:45:00+00:00,4622.47,4623.06,4614.37,4616.81,4987,32,0
2026-04-30 23:00:00+00:00,4616.99,4620.22,4615.63,4616.01,3504,42,0
2026-04-30 23:15:00+00:00,4616.01,4619.2,4615.64,4616.58,1788,45,0
2026-04-30 23:30:00+00:00,4616.06,4618.46,4615.31,4617.2,1805,30,0
2026-04-30 23:45:00+00:00,4617.18,4621.76,4616.64,4621.61,1507,46,0
2026-05-01 01:00:00+00:00,4625.5,4636.03,4625.38,4631.13,2039,50,0
2026-05-01 01:15:00+00:00,4631.1,4631.4,4628.53,4630.98,1906,49,0
2026-05-01 01:30:00+00:00,4630.99,4632.15,4626.67,4632.1,2339,47,0
2026-05-01 01:45:00+00:00,4632.08,4632.15,4628.16,4630.21,2367,46,0
2026-05-01 02:00:00+00:00,4630.27,4631.5,4628.02,4629.88,2157,48,0
2026-05-01 02:15:00+00:00,4629.89,4631.94,4628.88,4630.51,1764,46,0
2026-05-01 02:30:00+00:00,4630.48,4633.9,4630.41,4631.18,2085,48,0
2026-05-01 02:45:00+00:00,4631.14,4633.12,4626.26,4626.37,3655,46,0
2026-05-01 03:00:00+00:00,4626.31,4630.88,4620.54,4622.31,4743,35,0
2026-05-01 03:15:00+00:00,4622.3,4628.35,4620.77,4623.54,3783,46,0
2026-05-01 03:30:00+00:00,4623.52,4624.85,4618.28,4620.67,3610,30,0
2026-05-01 03:45:00+00:00,4620.71,4624.92,4619.42,4619.48,3722,40,0
2026-05-01 04:00:00+00:00,4619.53,4620.78,4615.5,4618.33,3247,42,0
2026-05-01 04:15:00+00:00,4618.3,4618.88,4613.86,4616.24,2250,46,0
2026-05-01 04:30:00+00:00,4616.15,4621.83,4615.99,4620.06,3129,46,0
2026-05-01 04:45:00+00:00,4620.08,4622.14,4618.7,4620.86,2508,30,0
2026-05-01 05:00:00+00:00,4620.55,4634.3,4619.7,4630.81,2939,38,0
2026-05-01 05:15:00+00:00,4630.88,4635.85,4628.39,4629.35,2766,46,0
2026-05-01 05:30:00+00:00,4629.33,4630.99,4623.83,4624.19,2308,46,0
2026-05-01 05:45:00+00:00,4624.22,4624.38,4616.56,4619.09,2820,46,0
2026-05-01 06:00:00+00:00,4619.03,4621.35,4617.69,4620.65,2332,46,0
2026-05-01 06:15:00+00:00,4620.64,4626.58,4620.58,4626.2,1991,46,0
2026-05-01 06:30:00+00:00,4626.18,4631.86,4625.26,4626.09,3183,46,0
2026-05-01 06:45:00+00:00,4626.13,4627.86,4625.4,4626.54,2115,47,0
2026-05-01 07:00:00+00:00,4626.57,4628.67,4619.73,4621.59,2596,46,0
2026-05-01 07:15:00+00:00,4621.64,4623.15,4617.1,4617.54,2121,46,0
2026-05-01 07:30:00+00:00,4617.53,4618.07,4611.98,4613.24,2952,46,0
2026-05-01 07:45:00+00:00,4613.3,4614.39,4608.98,4609.01,2390,46,0
2026-05-01 08:00:00+00:00,4608.99,4614.62,4607.41,4614.22,2898,46,0
2026-05-01 08:15:00+00:00,4614.21,4616.01,4611.49,4614.58,2130,37,0
2026-05-01 08:30:00+00:00,4614.55,4615.25,4609.29,4609.73,2652,46,0
2026-05-01 08:45:00+00:00,4609.67,4613.4,4602.82,4604.75,2931,45,0
2026-05-01 09:00:00+00:00,4604.77,4607.7,4600.96,4601.34,3293,46,0
2026-05-01 09:15:00+00:00,4601.36,4601.83,4593.17,4593.25,3663,38,0
2026-05-01 09:30:00+00:00,4593.35,4597.39,4590.75,4593.19,3446,36,0
2026-05-01 09:45:00+00:00,4593.2,4595.83,4591.0,4594.53,4119,42,0
2026-05-01 10:00:00+00:00,4594.37,4596.36,4589.78,4595.84,3818,42,0
2026-05-01 10:15:00+00:00,4595.85,4597.9,4585.12,4592.2,3084,30,0
2026-05-01 10:30:00+00:00,4592.23,4592.39,4583.55,4585.21,2707,46,0
2026-05-01 10:45:00+00:00,4585.18,4585.8,4575.78,4578.08,2607,30,0
2026-05-01 11:00:00+00:00,4578.06,4582.43,4573.39,4573.79,3032,30,0
2026-05-01 11:15:00+00:00,4573.76,4576.75,4566.29,4567.19,3044,30,0
2026-05-01 11:30:00+00:00,4567.02,4572.02,4565.97,4571.05,2319,46,0
2026-05-01 11:45:00+00:00,4570.95,4572.62,4564.98,4568.69,2093,34,0
2026-05-01 12:00:00+00:00,4568.89,4569.02,4564.11,4565.64,2152,31,0
2026-05-01 12:15:00+00:00,4565.58,4571.08,4564.44,4569.09,2358,46,0
2026-05-01 12:30:00+00:00,4568.99,4572.73,4567.37,4570.11,2673,30,0
2026-05-01 12:45:00+00:00,4570.07,4570.5,4560.02,4562.56,3244,30,0
2026-05-01 13:00:00+00:00,4562.58,4567.92,4561.29,4566.52,2426,42,0
2026-05-01 13:15:00+00:00,4566.51,4572.53,4566.39,4572.01,2181,46,0
2026-05-01 13:30:00+00:00,4572.0,4575.84,4567.22,4570.15,2321,30,0
2026-05-01 13:45:00+00:00,4570.14,4571.87,4565.93,4566.71,2209,36,0
2026-05-01 14:00:00+00:00,4566.71,4568.77,4562.38,4565.68,2779,46,0
2026-05-01 14:15:00+00:00,4565.39,4576.32,4564.48,4571.65,3567,30,0
2026-05-01 14:30:00+00:00,4571.64,4577.64,4570.05,4575.51,3747,46,0
2026-05-01 14:45:00+00:00,4575.5,4579.52,4572.65,4578.51,3240,30,0
2026-05-01 15:00:00+00:00,4578.49,4590.47,4574.78,4584.57,3621,30,0
2026-05-01 15:15:00+00:00,4584.56,4607.38,4582.6,4602.71,5540,30,0
2026-05-01 15:30:00+00:00,4602.79,4603.08,4588.85,4591.81,4297,30,0
2026-05-01 15:45:00+00:00,4591.85,4595.3,4589.5,4590.97,3416,30,0
2026-05-01 16:00:00+00:00,4590.95,4597.05,4589.57,4591.16,3265,34,0
2026-05-01 16:15:00+00:00,4591.12,4593.04,4586.5,4589.11,3693,44,0
2026-05-01 16:30:00+00:00,4589.15,4608.82,4586.41,4607.82,5765,33,0
2026-05-01 16:45:00+00:00,4607.93,4628.69,4598.69,4625.51,6516,30,0
2026-05-01 17:00:00+00:00,4625.62,4659.84,4625.62,4656.12,6759,30,0
2026-05-01 17:15:00+00:00,4656.01,4660.14,4643.72,4644.44,6543,30,0
2026-05-01 17:30:00+00:00,4644.41,4646.2,4630.24,4633.09,6689,33,0
2026-05-01 17:45:00+00:00,4633.14,4635.27,4627.2,4632.03,5699,30,0
2026-05-01 18:00:00+00:00,4632.0,4636.62,4618.91,4636.6,5708,30,0
2026-05-01 18:15:00+00:00,4636.25,4640.49,4633.97,4636.33,4131,30,0
2026-05-01 18:30:00+00:00,4636.5,4644.54,4635.33,4643.45,3598,30,0
2026-05-01 18:45:00+00:00,4643.46,4647.95,4633.06,4643.13,3691,30,0
2026-05-01 19:00:00+00:00,4643.06,4645.33,4637.98,4642.66,4608,30,0
2026-05-01 19:15:00+00:00,4642.65,4649.98,4637.73,4637.77,4772,44,0
2026-05-01 19:30:00+00:00,4637.82,4641.27,4633.72,4638.79,4302,46,0
2026-05-01 19:45:00+00:00,4638.77,4642.78,4636.61,4638.69,2894,47,0
2026-05-01 20:00:00+00:00,4638.72,4642.54,4637.44,4639.81,2592,46,0
2026-05-01 20:15:00+00:00,4639.8,4640.09,4630.74,4631.5,3777,46,0
2026-05-01 20:30:00+00:00,4631.49,4632.03,4626.68,4627.91,3624,46,0
2026-05-01 20:45:00+00:00,4627.94,4634.77,4627.09,4629.35,3675,30,0
2026-05-01 21:00:00+00:00,4629.35,4630.55,4615.51,4615.68,3984,46,0
2026-05-01 21:15:00+00:00,4615.54,4623.48,4613.59,4623.1,4301,46,0
2026-05-01 21:30:00+00:00,4623.33,4624.3,4615.99,4622.08,4888,46,0
2026-05-01 21:45:00+00:00,4622.1,4625.79,4619.85,4624.15,3715,46,0
2026-05-01 22:00:00+00:00,4624.15,4626.52,4620.33,4626.2,3582,46,0
2026-05-01 22:15:00+00:00,4626.21,4627.55,4624.19,4624.19,3000,46,0
2026-05-01 22:30:00+00:00,4624.21,4624.43,4611.25,4611.81,3854,44,0
2026-05-01 22:45:00+00:00,4611.75,4615.25,4608.7,4610.57,4711,30,0
2026-05-01 23:00:00+00:00,4610.61,4612.56,4606.84,4610.98,2726,48,0
2026-05-01 23:15:00+00:00,4610.99,4615.96,4609.6,4613.16,2380,46,0
2026-05-01 23:30:00+00:00,4613.18,4614.52,4609.67,4613.29,1593,53,0
2026-05-01 23:45:00+00:00,4613.31,4616.49,4612.06,4613.55,1803,47,0
2026-05-04 01:00:00+00:00,4632.68,4636.36,4615.75,4622.27,2543,65,0
2026-05-04 01:15:00+00:00,4622.19,4622.67,4612.04,4620.15,2496,73,0
2026-05-04 01:30:00+00:00,4620.19,4629.22,4619.62,4628.02,2256,50,0
2026-05-04 01:45:00+00:00,4628.01,4629.04,4618.2,4618.73,2762,48,0
2026-05-04 02:00:00+00:00,4618.69,4620.7,4611.12,4614.96,2917,49,0
2026-05-04 02:15:00+00:00,4614.97,4617.49,4613.0,4616.98,2194,52,0
2026-05-04 02:30:00+00:00,4616.97,4618.29,4612.75,4613.6,2427,51,0
2026-05-04 02:45:00+00:00,4613.57,4616.94,4611.43,4613.73,3521,49,0
2026-05-04 03:00:00+00:00,4613.7,4616.46,4604.47,4611.98,5108,46,0
2026-05-04 03:15:00+00:00,4612.03,4614.64,4601.44,4605.76,4948,46,0
2026-05-04 03:30:00+00:00,4605.79,4609.91,4604.73,4605.61,3780,46,0
2026-05-04 03:45:00+00:00,4605.62,4613.33,4604.69,4612.82,3606,46,0
2026-05-04 04:00:00+00:00,4612.76,4613.87,4595.84,4600.38,4588,46,0
2026-05-04 04:15:00+00:00,4600.39,4604.4,4594.15,4594.56,3296,46,0
2026-05-04 04:30:00+00:00,4594.55,4601.41,4592.61,4601.21,3101,46,0
2026-05-04 04:45:00+00:00,4601.18,4613.6,4600.76,4612.9,2722,46,0
2026-05-04 05:00:00+00:00,4612.8,4618.39,4603.45,4608.22,2475,30,0
2026-05-04 05:15:00+00:00,4608.17,4608.17,4591.55,4592.94,2644,42,0
2026-05-04 05:30:00+00:00,4592.86,4603.94,4591.0,4603.91,2352,35,0
2026-05-04 05:45:00+00:00,4603.96,4611.1,4601.06,4605.83,2713,46,0
2026-05-04 06:00:00+00:00,4605.72,4611.67,4604.34,4609.89,3239,46,0
2026-05-04 06:15:00+00:00,4609.92,4610.76,4608.07,4609.39,1855,46,0
2026-05-04 06:30:00+00:00,4609.38,4610.99,4598.34,4604.77,2335,46,0
2026-05-04 06:45:00+00:00,4604.79,4616.93,4604.79,4614.84,3508,36,0
2026-05-04 07:00:00+00:00,4614.88,4615.24,4607.56,4611.06,2163,46,0
2026-05-04 07:15:00+00:00,4611.05,4613.03,4606.96,4607.87,1861,46,0
2026-05-04 07:30:00+00:00,4607.83,4612.92,4607.11,4609.25,2466,30,0
2026-05-04 07:45:00+00:00,4609.55,4610.5,4605.18,4605.97,2039,30,0
2026-05-04 08:00:00+00:00,4605.99,4606.87,4601.99,4603.82,3066,30,0
2026-05-04 08:15:00+00:00,4603.84,4613.0,4595.68,4596.5,4101,30,0
2026-05-04 08:30:00+00:00,4596.55,4598.96,4592.05,4598.81,3892,46,0
2026-05-04 08:45:00+00:00,4598.83,4601.75,4594.11,4598.85,2641,46,0
2026-05-04 09:00:00+00:00,4598.98,4600.56,4587.65,4597.26,3660,38,0
2026-05-04 09:15:00+00:00,4597.26,4597.69,4588.99,4593.82,3233,30,0
2026-05-04 09:30:00+00:00,4593.97,4595.46,4584.31,4585.33,3941,34,0
2026-05-04 09:45:00+00:00,4585.4,4592.27,4583.57,4588.51,3260,45,0
2026-05-04 10:00:00+00:00,4588.46,4593.24,4585.41,4591.95,3677,36,0
2026-05-04 10:15:00+00:00,4591.97,4592.54,4583.34,4585.86,3343,40,0
2026-05-04 10:30:00+00:00,4585.91,4588.01,4582.57,4587.86,3615,46,0
2026-05-04 10:45:00+00:00,4587.87,4590.7,4577.92,4578.86,3786,38,0
2026-05-04 11:00:00+00:00,4578.79,4580.87,4574.03,4580.0,4290,30,0
2026-05-04 11:15:00+00:00,4579.99,4580.98,4574.05,4574.92,3586,37,0
2026-05-04 11:30:00+00:00,4574.94,4581.29,4573.66,4577.96,3072,39,0
2026-05-04 11:45:00+00:00,4578.04,4579.55,4575.64,4576.86,3010,31,0
2026-05-04 12:00:00+00:00,4576.77,4584.05,4576.06,4583.82,3086,46,0
2026-05-04 12:15:00+00:00,4583.81,4584.29,4580.25,4581.19,2642,46,0
2026-05-04 12:30:00+00:00,4581.2,4584.33,4580.33,4581.2,1853,46,0
2026-05-04 12:45:00+00:00,4581.21,4582.16,4572.23,4575.28,2535,37,0
2026-05-04 13:00:00+00:00,4575.25,4575.7,4537.47,4541.84,7449,30,0
2026-05-04 13:15:00+00:00,4541.82,4545.08,4525.86,4544.84,6818,30,0
2026-05-04 13:30:00+00:00,4544.85,4563.89,4542.93,4558.5,5980,30,0
2026-05-04 13:45:00+00:00,4558.39,4566.75,4558.12,4562.41,4330,32,0
2026-05-04 14:00:00+00:00,4562.59,4570.6,4561.19,4565.19,4977,30,0
2026-05-04 14:15:00+00:00,4565.33,4569.87,4561.51,4562.08,3827,30,0
2026-05-04 14:30:00+00:00,4561.98,4562.46,4551.36,4553.34,4543,30,0
2026-05-04 14:45:00+00:00,4553.1,4562.88,4552.94,4560.24,4047,30,0
2026-05-04 15:00:00+00:00,4560.23,4565.67,4559.14,4563.64,4142,30,0
2026-05-04 15:15:00+00:00,4563.63,4579.14,4563.23,4568.46,5141,30,0
2026-05-04 15:30:00+00:00,4568.45,4571.62,4560.98,4569.96,4227,30,0
2026-05-04 15:45:00+00:00,4569.99,4575.71,4566.34,4568.2,3869,31,0
2026-05-04 16:00:00+00:00,4568.18,4575.54,4557.19,4565.91,5459,30,0
2026-05-04 16:15:00+00:00,4565.96,4567.46,4560.86,4560.92,4315,30,0
2026-05-04 16:30:00+00:00,4560.99,4570.65,4555.52,4565.24,6518,30,0
2026-05-04 16:45:00+00:00,4565.25,4566.65,4557.37,4563.88,6077,30,0
2026-05-04 17:00:00+00:00,4563.89,4565.28,4553.46,4560.03,6107,30,0
2026-05-04 17:15:00+00:00,4560.15,4582.01,4559.37,4571.07,5595,30,0
2026-05-04 17:30:00+00:00,4571.08,4583.05,4570.12,4574.38,4357,31,0
2026-05-04 17:45:00+00:00,4574.41,4576.82,4559.62,4561.52,4788,34,0
2026-05-04 18:00:00+00:00,4561.53,4565.88,4548.15,4548.43,5719,30,0
2026-05-04 18:15:00+00:00,4548.25,4555.29,4514.24,4537.85,7656,30,0
2026-05-04 18:30:00+00:00,4538.13,4542.71,4527.49,4534.85,6706,30,0
2026-05-04 18:45:00+00:00,4534.73,4534.93,4512.14,4521.42,6327,30,0
2026-05-04 19:00:00+00:00,4521.23,4525.27,4500.55,4509.63,7592,30,0
2026-05-04 19:15:00+00:00,4509.62,4526.8,4508.63,4514.75,6670,30,0
2026-05-04 19:30:00+00:00,4514.72,4518.78,4511.34,4512.36,4879,30,0
2026-05-04 19:45:00+00:00,4512.37,4515.87,4507.28,4510.54,5008,46,0
2026-05-04 20:00:00+00:00,4510.51,4525.95,4510.51,4522.24,4922,30,0
2026-05-04 20:15:00+00:00,4522.19,4531.47,4521.47,4524.17,4533,43,0
2026-05-04 20:30:00+00:00,4524.08,4527.5,4521.64,4525.81,3505,46,0
2026-05-04 20:45:00+00:00,4525.75,4526.44,4521.47,4522.26,2883,46,0
2026-05-04 21:00:00+00:00,4522.27,4525.14,4518.52,4519.83,3294,40,0
2026-05-04 21:15:00+00:00,4519.86,4520.13,4509.67,4511.81,3078,38,0
2026-05-04 21:30:00+00:00,4511.79,4514.8,4510.49,4511.68,3355,46,0
2026-05-04 21:45:00+00:00,4511.79,4516.33,4510.64,4516.23,2461,30,0
2026-05-04 22:00:00+00:00,4516.19,4523.16,4511.18,4518.82,4311,44,0
2026-05-04 22:15:00+00:00,4518.81,4525.77,4517.42,4522.19,2920,30,0
2026-05-04 22:30:00+00:00,4522.23,4527.05,4520.41,4521.01,2149,46,0
2026-05-04 22:45:00+00:00,4520.99,4523.16,4515.09,4517.61,2756,30,0
2026-05-04 23:00:00+00:00,4517.65,4517.98,4511.6,4514.55,1512,46,0
2026-05-04 23:15:00+00:00,4514.54,4515.52,4511.79,4515.1,892,34,0
2026-05-04 23:30:00+00:00,4515.09,4518.77,4514.53,4518.64,821,46,0
2026-05-04 23:45:00+00:00,4518.66,4523.77,4518.6,4523.63,767,30,0
2026-05-05 01:00:00+00:00,4523.62,4525.44,4517.87,4521.01,1150,48,0
2026-05-05 01:15:00+00:00,4521.04,4522.67,4519.28,4519.68,777,46,0
2026-05-05 01:30:00+00:00,4519.69,4522.01,4518.8,4519.02,779,47,0
2026-05-05 01:45:00+00:00,4519.04,4519.25,4515.48,4517.39,832,46,0
2026-05-05 02:00:00+00:00,4517.33,4520.9,4516.09,4520.25,988,46,0
2026-05-05 02:15:00+00:00,4520.15,4521.53,4518.99,4520.94,646,46,0
2026-05-05 02:30:00+00:00,4520.92,4521.17,4518.12,4518.3,665,32,0
2026-05-05 02:45:00+00:00,4518.36,4520.53,4516.92,4518.84,1308,46,0
2026-05-05 03:00:00+00:00,4518.91,4528.37,4517.56,4527.65,2818,46,0
2026-05-05 03:15:00+00:00,4527.66,4527.66,4513.43,4516.88,2865,31,0
2026-05-05 03:30:00+00:00,4516.85,4524.15,4515.86,4523.7,2066,46,0
2026-05-05 03:45:00+00:00,4523.92,4530.13,4523.92,4529.77,2057,42,0
2026-05-05 04:00:00+00:00,4529.54,4539.32,4525.37,4538.6,3630,30,0
2026-05-05 04:15:00+00:00,4538.58,4539.89,4534.97,4537.53,2861,35,0
2026-05-05 04:30:00+00:00,4537.69,4541.94,4533.76,4536.71,3652,45,0
2026-05-05 04:45:00+00:00,4536.74,4541.31,4535.99,4540.91,2437,30,0
2026-05-05 05:00:00+00:00,4540.9,4542.37,4537.27,4538.48,1928,46,0
2026-05-05 05:15:00+00:00,4538.53,4541.58,4534.37,4541.36,1280,37,0
2026-05-05 05:30:00+00:00,4541.39,4545.79,4540.02,4544.45,2044,46,0
2026-05-05 05:45:00+00:00,4544.44,4546.7,4538.86,4539.04,1962,33,0
2026-05-05 06:00:00+00:00,4538.93,4542.1,4537.56,4541.97,1712,46,0
2026-05-05 06:15:00+00:00,4542.24,4542.51,4537.01,4537.93,897,45,0
2026-05-05 06:30:00+00:00,4537.9,4539.09,4535.35,4535.84,1413,46,0
2026-05-05 06:45:00+00:00,4535.85,4536.86,4532.14,4534.51,1547,46,0
2026-05-05 07:00:00+00:00,4534.47,4535.66,4532.44,4532.78,1394,46,0
2026-05-05 07:15:00+00:00,4532.93,4533.66,4529.42,4529.53,1449,35,0
2026-05-05 07:30:00+00:00,4529.54,4533.72,4527.85,4531.69,1525,37,0
2026-05-05 07:45:00+00:00,4531.71,4536.31,4531.14,4533.38,1306,30,0
2026-05-05 08:00:00+00:00,4533.3,4545.38,4531.13,4540.05,2703,42,0
2026-05-05 08:15:00+00:00,4540.03,4540.25,4535.55,4540.01,2003,46,0
2026-05-05 08:30:00+00:00,4540.05,4551.44,4539.85,4545.86,3533,45,0
2026-05-05 08:45:00+00:00,4545.87,4548.68,4543.34,4545.54,2196,30,0
2026-05-05 09:00:00+00:00,4545.59,4551.93,4541.4,4543.51,3227,30,0
2026-05-05 09:15:00+00:00,4543.47,4544.62,4533.57,4536.76,2389,33,0
2026-05-05 09:30:00+00:00,4536.8,4549.18,4536.19,4546.02,2823,30,0
2026-05-05 09:45:00+00:00,4546.04,4550.74,4545.25,4547.86,3360,30,0
2026-05-05 10:00:00+00:00,4547.78,4555.08,4547.3,4554.02,2896,30,0
2026-05-05 10:15:00+00:00,4553.97,4555.52,4548.3,4548.77,2474,41,0
2026-05-05 10:30:00+00:00,4548.9,4558.27,4548.79,4551.17,3180,30,0
2026-05-05 10:45:00+00:00,4551.11,4551.73,4543.18,4545.39,2372,30,0
2026-05-05 11:00:00+00:00,4545.42,4553.31,4545.29,4551.0,2660,30,0
2026-05-05 11:15:00+00:00,4551.04,4554.61,4548.83,4551.12,2750,30,0
2026-05-05 11:30:00+00:00,4550.98,4553.03,4547.87,4549.81,2326,30,0
2026-05-05 11:45:00+00:00,4549.88,4559.5,4548.18,4558.33,2232,30,0
2026-05-05 12:00:00+00:00,4558.57,4560.34,4553.53,4557.5,2807,30,0
2026-05-05 12:15:00+00:00,4557.49,4557.63,4552.23,4552.23,2204,40,0
2026-05-05 12:30:00+00:00,4552.16,4558.15,4550.98,4555.33,2332,35,0
2026-05-05 12:45:00+00:00,4555.34,4557.22,4552.76,4556.13,1539,30,0
2026-05-05 13:00:00+00:00,4556.16,4556.7,4550.39,4552.78,1846,31,0
2026-05-05 13:15:00+00:00,4552.77,4554.79,4546.78,4547.77,1899,30,0
2026-05-05 13:30:00+00:00,4547.74,4553.98,4544.18,4544.96,2286,30,0
2026-05-05 13:45:00+00:00,4545.03,4545.63,4540.07,4543.51,2008,31,0
2026-05-05 14:00:00+00:00,4543.55,4553.08,4539.83,4552.48,3400,30,0
2026-05-05 14:15:00+00:00,4552.46,4557.57,4549.59,4556.03,3114,31,0
2026-05-05 14:30:00+00:00,4556.05,4564.52,4555.05,4563.22,3255,30,0
2026-05-05 14:45:00+00:00,4563.25,4564.79,4559.06,4562.72,2748,30,0
2026-05-05 15:00:00+00:00,4562.72,4567.02,4554.02,4564.89,5016,30,0
2026-05-05 15:15:00+00:00,4565.21,4574.17,4561.03,4573.59,3950,30,0
2026-05-05 15:30:00+00:00,4573.58,4574.42,4566.52,4566.91,3163,36,0
2026-05-05 15:45:00+00:00,4566.92,4568.36,4561.59,4564.46,3126,43,0
2026-05-05 16:00:00+00:00,4564.19,4580.88,4564.18,4578.63,4490,30,0
2026-05-05 16:15:00+00:00,4578.75,4584.88,4576.03,4576.68,4038,30,0
2026-05-05 16:30:00+00:00,4576.78,4581.71,4571.52,4573.85,5288,30,0
2026-05-05 16:45:00+00:00,4573.75,4582.94,4572.71,4579.16,4331,30,0
2026-05-05 17:00:00+00:00,4581.66,4584.14,4570.65,4573.46,6512,30,0
2026-05-05 17:15:00+00:00,4573.44,4586.47,4565.72,4583.99,5580,30,0
2026-05-05 17:30:00+00:00,4584.29,4585.65,4577.44,4582.68,4389,43,0
2026-05-05 17:45:00+00:00,4582.72,4582.79,4575.4,4582.29,4000,32,0
2026-05-05 18:00:00+00:00,4582.3,4583.7,4577.66,4580.72,3105,31,0
2026-05-05 18:15:00+00:00,4580.88,4581.37,4575.33,4579.33,2927,40,0
2026-05-05 18:30:00+00:00,4579.25,4580.96,4572.49,4572.79,3386,38,0
2026-05-05 18:45:00+00:00,4572.83,4575.67,4568.25,4568.37,2753,46,0
2026-05-05 19:00:00+00:00,4568.37,4568.86,4562.22,4566.17,2924,44,0
2026-05-05 19:15:00+00:00,4566.13,4566.17,4556.09,4559.7,3552,30,0
2026-05-05 19:30:00+00:00,4559.73,4560.11,4553.66,4556.52,3627,30,0
2026-05-05 19:45:00+00:00,4556.51,4562.67,4555.63,4561.07,2787,40,0
2026-05-05 20:00:00+00:00,4561.08,4562.44,4553.14,4556.02,3769,34,0
2026-05-05 20:15:00+00:00,4556.07,4561.29,4555.93,4558.45,3622,34,0
2026-05-05 20:30:00+00:00,4558.45,4562.57,4555.92,4560.26,3191,32,0
2026-05-05 20:45:00+00:00,4560.3,4562.08,4558.12,4559.74,1954,35,0
2026-05-05 21:00:00+00:00,4559.73,4564.8,4558.62,4564.21,1955,44,0
2026-05-05 21:15:00+00:00,4564.24,4565.42,4561.08,4561.94,1864,46,0
2026-05-05 21:30:00+00:00,4561.98,4562.44,4557.54,4561.49,1991,37,0
2026-05-05 21:45:00+00:00,4561.45,4565.71,4559.55,4560.91,2395,43,0
2026-05-05 22:00:00+00:00,4561.06,4561.4,4556.74,4557.03,2582,35,0
2026-05-05 22:15:00+00:00,4557.02,4558.65,4554.8,4556.08,1974,46,0
2026-05-05 22:30:00+00:00,4556.07,4558.06,4555.51,4555.53,1202,41,0
2026-05-05 22:45:00+00:00,4555.55,4558.7,4551.47,4554.57,2008,30,0
2026-05-05 23:00:00+00:00,4554.96,4557.05,4553.89,4556.83,589,38,0
2026-05-05 23:15:00+00:00,4556.79,4559.6,4555.33,4558.98,1037,46,0
2026-05-05 23:30:00+00:00,4558.97,4559.84,4554.81,4555.48,1011,44,0
2026-05-05 23:45:00+00:00,4555.37,4557.52,4554.4,4557.35,542,46,0
2026-05-06 01:00:00+00:00,4560.08,4560.08,4548.9,4550.48,2133,42,0
2026-05-06 01:15:00+00:00,4550.43,4550.79,4546.41,4546.58,1900,48,0
2026-05-06 01:30:00+00:00,4546.59,4550.74,4546.13,4548.63,1564,46,0
2026-05-06 01:45:00+00:00,4548.55,4577.09,4546.89,4573.27,3802,30,0
2026-05-06 02:00:00+00:00,4573.3,4590.49,4569.5,4588.64,4178,30,0
2026-05-06 02:15:00+00:00,4588.62,4589.43,4581.96,4582.09,4520,46,0
2026-05-06 02:30:00+00:00,4581.98,4588.35,4579.34,4585.02,3259,47,0
2026-05-06 02:45:00+00:00,4585.25,4595.57,4584.42,4593.81,3601,38,0
2026-05-06 03:00:00+00:00,4593.65,4597.92,4589.12,4591.46,5578,46,0
2026-05-06 03:15:00+00:00,4591.4,4604.08,4587.99,4602.16,4956,46,0
2026-05-06 03:30:00+00:00,4602.13,4610.92,4601.92,4610.03,4212,30,0
2026-05-06 03:45:00+00:00,4610.05,4619.95,4609.33,4618.6,3963,42,0
2026-05-06 04:00:00+00:00,4618.59,4622.43,4609.26,4611.37,4798,30,0
2026-05-06 04:15:00+00:00,4611.35,4625.52,4609.62,4624.89,4180,46,0
2026-05-06 04:30:00+00:00,4624.87,4626.1,4620.18,4623.78,3822,46,0
2026-05-06 04:45:00+00:00,4623.8,4628.55,4623.48,4626.06,2941,37,0
2026-05-06 05:00:00+00:00,4625.94,4634.3,4625.36,4633.36,3373,35,0
2026-05-06 05:15:00+00:00,4633.35,4636.37,4629.68,4629.98,2591,44,0
2026-05-06 05:30:00+00:00,4630.18,4634.9,4626.74,4634.43,3147,45,0
2026-05-06 05:45:00+00:00,4634.41,4641.87,4633.69,4640.58,2588,31,0
2026-05-06 06:00:00+00:00,4640.53,4650.29,4638.36,4647.66,2935,46,0
2026-05-06 06:15:00+00:00,4647.64,4651.05,4644.4,4645.7,2893,34,0
2026-05-06 06:30:00+00:00,4645.68,4651.73,4642.5,4647.68,2246,30,0
2026-05-06 06:45:00+00:00,4647.65,4648.3,4642.72,4643.56,1619,46,0
2026-05-06 07:00:00+00:00,4643.54,4647.55,4643.16,4647.55,1518,32,0
2026-05-06 07:15:00+00:00,4647.95,4653.45,4645.35,4652.52,1990,36,0
2026-05-06 07:30:00+00:00,4652.53,4652.53,4645.78,4647.61,2924,41,0
2026-05-06 07:45:00+00:00,4647.59,4652.3,4646.86,4648.64,2430,30,0
2026-05-06 08:00:00+00:00,4648.75,4656.21,4648.54,4654.68,2416,30,0
2026-05-06 08:15:00+00:00,4654.61,4655.21,4649.33,4650.33,1717,36,0
2026-05-06 08:30:00+00:00,4650.27,4651.92,4644.47,4649.85,2600,41,0
2026-05-06 08:45:00+00:00,4649.79,4663.76,4649.24,4662.92,2859,30,0
2026-05-06 09:00:00+00:00,4662.91,4665.79,4656.9,4660.16,3425,36,0
2026-05-06 09:15:00+00:00,4660.17,4666.54,4657.84,4666.04,3083,39,0
2026-05-06 09:30:00+00:00,4666.04,4668.54,4660.01,4664.19,2858,30,0
2026-05-06 09:45:00+00:00,4664.21,4669.4,4662.84,4669.26,2605,30,0
2026-05-06 10:00:00+00:00,4669.29,4670.43,4658.52,4658.52,2545,30,0
2026-05-06 10:15:00+00:00,4658.52,4670.01,4657.29,4667.34,3190,35,0
2026-05-06 10:30:00+00:00,4667.33,4670.37,4662.97,4670.37,2212,30,0
2026-05-06 10:45:00+00:00,4670.35,4681.76,4670.08,4681.23,3717,30,0
2026-05-06 11:00:00+00:00,4681.29,4682.4,4675.08,4679.52,3336,30,0
2026-05-06 11:15:00+00:00,4679.41,4680.53,4676.61,4676.75,2174,30,0
2026-05-06 11:30:00+00:00,4676.77,4678.65,4671.51,4677.27,2492,30,0
2026-05-06 11:45:00+00:00,4677.28,4702.57,4677.22,4700.0,5595,30,0
2026-05-06 12:00:00+00:00,4700.34,4708.32,4688.95,4695.67,5100,30,0
2026-05-06 12:15:00+00:00,4695.57,4704.87,4691.21,4699.92,4473,30,0
2026-05-06 12:30:00+00:00,4699.62,4705.97,4695.8,4696.0,4824,38,0
2026-05-06 12:45:00+00:00,4696.05,4702.76,4694.24,4701.59,3142,30,0
2026-05-06 13:00:00+00:00,4701.59,4705.55,4695.77,4698.01,3679,30,0
2026-05-06 13:15:00+00:00,4698.0,4704.61,4695.34,4704.41,3213,35,0
2026-05-06 13:30:00+00:00,4704.39,4716.0,4704.38,4714.03,4381,30,0
2026-05-06 13:45:00+00:00,4714.03,4722.85,4707.19,4717.76,5422,32,0
2026-05-06 14:00:00+00:00,4717.79,4721.1,4709.13,4711.81,4920,30,0
2026-05-06 14:15:00+00:00,4711.86,4713.44,4705.51,4705.51,3983,47,0
2026-05-06 14:30:00+00:00,4705.47,4715.34,4698.48,4699.58,4509,32,0
2026-05-06 14:45:00+00:00,4699.61,4702.49,4690.71,4691.98,4506,44,0
2026-05-06 15:00:00+00:00,4692.02,4692.97,4670.88,4672.24,5248,30,0
2026-05-06 15:15:00+00:00,4672.84,4688.59,4660.17,4683.22,6100,30,0
2026-05-06 15:30:00+00:00,4683.24,4685.33,4677.95,4682.57,4461,43,0
2026-05-06 15:45:00+00:00,4682.61,4684.39,4676.7,4683.14,3704,41,0
2026-05-06 16:00:00+00:00,4683.11,4692.31,4668.49,4683.45,5752,30,0
2026-05-06 16:15:00+00:00,4683.47,4691.04,4679.32,4684.98,3979,30,0
2026-05-06 16:30:00+00:00,4684.94,4698.89,4680.06,4695.11,6855,45,0
2026-05-06 16:45:00+00:00,4695.14,4707.78,4692.37,4701.97,5613,41,0
2026-05-06 17:00:00+00:00,4701.96,4712.33,4697.7,4710.86,6420,42,0
2026-05-06 17:15:00+00:00,4710.93,4717.33,4704.51,4705.53,5404,47,0
2026-05-06 17:30:00+00:00,4705.83,4714.42,4704.54,4713.26,5076,38,0
2026-05-06 17:45:00+00:00,4713.38,4713.93,4700.57,4703.02,4955,45,0
2026-05-06 18:00:00+00:00,4702.96,4705.64,4693.24,4696.51,4362,40,0
2026-05-06 18:15:00+00:00,4696.47,4703.11,4694.06,4695.35,3274,46,0
2026-05-06 18:30:00+00:00,4695.37,4697.72,4689.18,4692.9,4016,30,0
2026-05-06 18:45:00+00:00,4692.86,4694.67,4687.62,4687.68,4089,33,0
2026-05-06 19:00:00+00:00,4687.55,4688.37,4681.16,4683.55,3840,30,0
2026-05-06 19:15:00+00:00,4683.59,4688.48,4682.53,4688.01,3564,47,0
2026-05-06 19:30:00+00:00,4688.12,4691.98,4685.28,4688.48,3965,47,0
2026-05-06 19:45:00+00:00,4688.5,4689.79,4679.45,4682.99,4505,47,0
2026-05-06 20:00:00+00:00,4682.98,4687.87,4679.39,4685.42,3641,47,0
2026-05-06 20:15:00+00:00,4685.39,4685.98,4680.06,4682.9,3452,47,0
2026-05-06 20:30:00+00:00,4682.82,4683.28,4678.7,4680.4,3115,47,0
2026-05-06 20:45:00+00:00,4680.42,4684.42,4680.22,4683.85,2740,47,0
2026-05-06 21:00:00+00:00,4683.91,4687.38,4681.77,4686.63,2004,38,0
2026-05-06 21:15:00+00:00,4686.66,4690.36,4686.36,4687.6,1895,47,0
2026-05-06 21:30:00+00:00,4687.82,4690.11,4685.02,4686.09,1945,47,0
2026-05-06 21:45:00+00:00,4686.14,4687.87,4684.66,4685.81,2424,32,0
2026-05-06 22:00:00+00:00,4685.84,4695.57,4685.84,4694.96,2242,47,0
2026-05-06 22:15:00+00:00,4695.01,4699.93,4694.86,4698.19,2486,34,0
2026-05-06 22:30:00+00:00,4698.16,4698.76,4693.7,4695.2,2804,47,0
2026-05-06 22:45:00+00:00,4695.22,4698.22,4692.25,4692.38,2740,36,0
2026-05-06 23:00:00+00:00,4692.24,4699.33,4692.24,4698.69,1787,38,0
2026-05-06 23:15:00+00:00,4698.73,4699.12,4691.74,4692.39,2111,47,0
2026-05-06 23:30:00+00:00,4692.38,4692.84,4688.64,4688.64,1244,47,0
2026-05-06 23:45:00+00:00,4688.59,4691.71,4685.09,4690.83,1395,47,0
2026-05-07 01:00:00+00:00,4692.97,4698.15,4689.32,4697.05,1464,30,0
2026-05-07 01:15:00+00:00,4696.84,4699.8,4693.27,4695.35,1131,48,0
2026-05-07 01:30:00+00:00,4695.09,4699.49,4694.26,4698.6,1110,44,0
2026-05-07 01:45:00+00:00,4698.57,4698.61,4694.2,4694.67,1101,47,0
2026-05-07 02:00:00+00:00,4694.66,4698.42,4693.81,4694.18,850,47,0
2026-05-07 02:15:00+00:00,4694.22,4697.59,4690.08,4693.18,1089,47,0
2026-05-07 02:30:00+00:00,4693.15,4694.27,4691.48,4693.41,573,49,0
2026-05-07 02:45:00+00:00,4693.51,4699.42,4693.51,4698.7,1597,47,0
2026-05-07 03:00:00+00:00,4698.74,4700.68,4689.84,4699.68,3393,47,0
2026-05-07 03:15:00+00:00,4699.73,4701.07,4692.04,4692.33,2753,47,0
2026-05-07 03:30:00+00:00,4692.32,4693.38,4686.02,4688.39,2584,30,0
2026-05-07 03:45:00+00:00,4688.37,4691.33,4685.37,4688.37,2847,47,0
2026-05-07 04:00:00+00:00,4688.38,4710.87,4684.98,4709.72,4663,47,0
2026-05-07 04:15:00+00:00,4709.82,4716.28,4703.41,4704.01,3714,47,0
2026-05-07 04:30:00+00:00,4703.96,4717.87,4702.22,4712.63,3845,47,0
2026-05-07 04:45:00+00:00,4712.58,4721.35,4712.39,4714.74,3360,45,0
2026-05-07 05:00:00+00:00,4714.74,4718.47,4703.53,4704.13,3292,30,0
2026-05-07 05:15:00+00:00,4704.16,4707.6,4701.59,4702.64,2530,47,0
2026-05-07 05:30:00+00:00,4702.5,4705.31,4699.77,4704.15,3282,47,0
2026-05-07 05:45:00+00:00,4704.2,4709.78,4704.2,4706.87,2428,47,0
2026-05-07 06:00:00+00:00,4706.85,4709.66,4704.17,4705.77,2343,47,0
2026-05-07 06:15:00+00:00,4705.83,4708.65,4704.09,4704.26,1785,47,0
2026-05-07 06:30:00+00:00,4704.34,4704.76,4702.0,4703.78,1262,47,0
2026-05-07 06:45:00+00:00,4703.73,4704.65,4698.83,4698.98,1374,47,0
2026-05-07 07:00:00+00:00,4699.01,4700.7,4696.67,4696.73,2238,35,0
2026-05-07 07:15:00+00:00,4696.72,4698.43,4695.07,4696.81,2413,47,0
2026-05-07 07:30:00+00:00,4696.83,4699.11,4692.15,4697.92,1950,47,0
2026-05-07 07:45:00+00:00,4697.97,4698.89,4693.83,4696.23,1454,47,0
2026-05-07 08:00:00+00:00,4696.19,4701.05,4696.09,4700.38,1955,47,0
2026-05-07 08:15:00+00:00,4700.65,4700.65,4694.55,4695.75,1943,47,0
2026-05-07 08:30:00+00:00,4695.79,4705.87,4694.84,4703.43,2740,39,0
2026-05-07 08:45:00+00:00,4703.37,4706.46,4700.64,4700.94,2463,30,0
2026-05-07 09:00:00+00:00,4700.96,4710.29,4700.96,4708.03,2785,46,0
2026-05-07 09:15:00+00:00,4708.07,4717.6,4707.2,4717.17,3605,47,0
2026-05-07 09:30:00+00:00,4717.13,4749.85,4715.86,4745.74,5056,37,0
2026-05-07 09:45:00+00:00,4745.31,4746.86,4735.48,4739.14,3373,47,0
2026-05-07 10:00:00+00:00,4738.5,4750.11,4731.41,4748.9,5508,37,0
2026-05-07 10:15:00+00:00,4748.89,4750.37,4737.89,4739.42,4741,46,0
2026-05-07 10:30:00+00:00,4739.46,4744.14,4738.21,4742.93,3502,47,0
2026-05-07 10:45:00+00:00,4742.95,4744.19,4736.94,4742.84,3099,43,0
2026-05-07 11:00:00+00:00,4742.85,4753.25,4742.22,4742.36,4834,35,0
2026-05-07 11:15:00+00:00,4742.3,4742.64,4733.6,4739.87,3775,30,0
2026-05-07 11:30:00+00:00,4739.83,4741.55,4733.95,4735.09,3242,47,0
2026-05-07 11:45:00+00:00,4735.02,4736.9,4730.67,4730.87,3475,33,0
2026-05-07 12:00:00+00:00,4730.91,4736.12,4721.55,4734.07,3900,42,0
2026-05-07 12:15:00+00:00,4734.02,4738.53,4731.43,4735.49,2640,30,0
2026-05-07 12:30:00+00:00,4735.4,4739.39,4732.93,4737.74,3482,47,0
2026-05-07 12:45:00+00:00,4737.96,4738.9,4725.78,4728.9,3168,39,0
2026-05-07 13:00:00+00:00,4728.69,4734.85,4726.51,4734.72,3106,47,0
2026-05-07 13:15:00+00:00,4734.75,4736.04,4728.38,4732.32,2040,47,0
2026-05-07 13:30:00+00:00,4732.08,4739.54,4727.9,4738.76,2413,47,0
2026-05-07 13:45:00+00:00,4738.74,4739.5,4734.99,4735.4,2727,47,0
2026-05-07 14:00:00+00:00,4735.43,4736.86,4728.16,4730.22,2556,45,0
2026-05-07 14:15:00+00:00,4730.2,4736.47,4727.17,4732.59,2981,47,0
2026-05-07 14:30:00+00:00,4732.63,4738.08,4731.61,4736.85,2690,47,0
2026-05-07 14:45:00+00:00,4736.86,4743.49,4733.76,4742.71,3371,47,0
2026-05-07 15:00:00+00:00,4742.73,4745.99,4739.46,4743.85,3953,47,0
2026-05-07 15:15:00+00:00,4743.7,4746.85,4733.38,4737.95,4383,30,0
2026-05-07 15:30:00+00:00,4738.46,4751.52,4737.22,4750.93,3626,33,0
2026-05-07 15:45:00+00:00,4751.15,4752.44,4744.82,4749.89,3645,47,0
2026-05-07 16:00:00+00:00,4749.92,4750.12,4731.12,4733.3,5494,47,0
2026-05-07 16:15:00+00:00,4733.27,4746.49,4731.24,4745.21,4039,47,0
2026-05-07 16:30:00+00:00,4744.98,4757.87,4743.07,4748.18,6495,47,0
2026-05-07 16:45:00+00:00,4748.32,4749.18,4737.28,4746.21,6464,47,0
2026-05-07 17:00:00+00:00,4746.08,4753.78,4742.4,4751.8,5695,47,0
2026-05-07 17:15:00+00:00,4751.83,4759.42,4741.13,4756.27,5333,30,0
2026-05-07 17:30:00+00:00,4756.31,4758.66,4747.54,4751.58,5716,30,0
2026-05-07 17:45:00+00:00,4751.56,4763.25,4750.86,4762.61,4898,47,0
2026-05-07 18:00:00+00:00,4762.63,4764.62,4754.48,4754.75,4930,31,0
2026-05-07 18:15:00+00:00,4754.71,4756.19,4736.34,4740.05,6489,47,0
2026-05-07 18:30:00+00:00,4739.89,4746.99,4738.66,4738.66,5057,30,0
2026-05-07 18:45:00+00:00,4738.63,4739.54,4726.01,4729.06,5990,47,0
2026-05-07 19:00:00+00:00,4729.04,4729.49,4713.29,4715.15,6377,47,0
2026-05-07 19:15:00+00:00,4715.0,4722.8,4704.46,4719.93,6370,32,0
2026-05-07 19:30:00+00:00,4719.84,4720.72,4710.35,4711.09,5045,39,0
2026-05-07 19:45:00+00:00,4711.06,4718.0,4710.4,4714.9,5532,47,0
2026-05-07 20:00:00+00:00,4714.94,4719.46,4711.66,4714.39,4535,47,0
2026-05-07 20:15:00+00:00,4714.39,4719.15,4687.6,4699.1,6433,34,0
2026-05-07 20:30:00+00:00,4698.82,4706.0,4693.27,4699.59,6630,47,0
2026-05-07 20:45:00+00:00,4699.63,4712.02,4697.81,4711.29,5495,30,0
2026-05-07 21:00:00+00:00,4711.3,4712.33,4705.05,4707.94,4336,38,0
2026-05-07 21:15:00+00:00,4707.95,4712.89,4705.51,4712.62,4279,38,0
2026-05-07 21:30:00+00:00,4712.61,4715.84,4703.04,4706.07,4529,47,0
2026-05-07 21:45:00+00:00,4705.95,4711.2,4695.36,4709.56,5564,30,0
2026-05-07 22:00:00+00:00,4709.58,4712.68,4704.87,4709.97,4581,47,0
2026-05-07 22:15:00+00:00,4709.98,4710.63,4697.74,4704.87,4599,30,0
2026-05-07 22:30:00+00:00,4704.89,4711.8,4703.5,4709.45,3839,47,0
2026-05-07 22:45:00+00:00,4709.43,4710.58,4702.57,4702.84,4915,30,0
2026-05-07 23:00:00+00:00,4702.85,4718.99,4702.85,4711.37,3331,47,0
2026-05-07 23:15:00+00:00,4711.62,4714.1,4709.06,4712.8,1640,37,0
2026-05-07 23:30:00+00:00,4712.86,4715.62,4696.69,4703.63,3026,30,0
2026-05-07 23:45:00+00:00,4703.61,4703.86,4686.17,4687.01,3085,47,0
2026-05-08 01:00:00+00:00,4680.23,4697.82,4676.87,4691.02,2605,30,0
2026-05-08 01:15:00+00:00,4691.04,4699.01,4689.12,4693.55,3295,47,0
2026-05-08 01:30:00+00:00,4693.58,4694.89,4685.9,4686.84,3262,47,0
2026-05-08 01:45:00+00:00,4686.92,4688.41,4681.68,4685.72,2719,51,0
2026-05-08 02:00:00+00:00,4685.71,4693.57,4684.36,4691.43,2375,50,0
2026-05-08 02:15:00+00:00,4691.45,4698.43,4691.45,4696.38,2092,53,0
2026-05-08 02:30:00+00:00,4696.64,4698.95,4694.81,4697.58,2057,51,0
2026-05-08 02:45:00+00:00,4697.63,4705.36,4697.63,4704.02,3925,47,0
2026-05-08 03:00:00+00:00,4704.04,4709.35,4701.43,4702.56,3454,32,0
2026-05-08 03:15:00+00:00,4702.67,4705.45,4693.55,4697.01,3056,47,0
2026-05-08 03:30:00+00:00,4697.06,4707.84,4695.98,4704.81,2333,47,0
2026-05-08 03:45:00+00:00,4704.83,4705.65,4696.76,4701.13,2647,37,0
2026-05-08 04:00:00+00:00,4701.03,4719.16,4700.32,4713.78,4336,36,0
2026-05-08 04:15:00+00:00,4713.79,4718.37,4711.21,4712.52,3167,43,0
2026-05-08 04:30:00+00:00,4712.49,4715.02,4704.98,4710.88,3504,47,0
2026-05-08 04:45:00+00:00,4711.07,4725.46,4711.07,4722.78,3686,41,0
2026-05-08 05:00:00+00:00,4722.79,4732.63,4721.44,4723.91,3386,47,0
2026-05-08 05:15:00+00:00,4723.87,4724.12,4718.05,4721.21,2814,47,0
2026-05-08 05:30:00+00:00,4721.22,4723.28,4707.04,4710.11,4504,30,0
2026-05-08 05:45:00+00:00,4710.15,4717.33,4708.42,4713.24,3801,33,0
2026-05-08 06:00:00+00:00,4713.23,4719.96,4711.11,4719.96,2786,47,0
2026-05-08 06:15:00+00:00,4719.9,4722.54,4716.93,4720.31,1713,47,0
2026-05-08 06:30:00+00:00,4720.27,4730.96,4719.9,4724.83,2754,47,0
2026-05-08 06:45:00+00:00,4724.88,4725.1,4717.84,4719.43,1833,44,0
2026-05-08 07:00:00+00:00,4719.47,4723.03,4714.72,4714.9,2423,44,0
2026-05-08 07:15:00+00:00,4714.86,4718.25,4713.32,4717.22,1768,47,0
2026-05-08 07:30:00+00:00,4717.32,4718.28,4708.86,4711.96,1968,47,0
2026-05-08 07:45:00+00:00,4711.92,4716.4,4709.63,4710.87,2035,47,0
2026-05-08 08:00:00+00:00,4710.85,4716.32,4709.34,4712.05,2271,47,0
2026-05-08 08:15:00+00:00,4712.01,4720.1,4710.35,4719.31,1780,44,0
2026-05-08 08:30:00+00:00,4719.28,4727.03,4719.28,4724.34,3523,47,0
2026-05-08 08:45:00+00:00,4724.31,4731.14,4723.12,4727.37,3487,47,0
2026-05-08 09:00:00+00:00,4727.5,4730.34,4712.45,4722.86,4119,47,0
2026-05-08 09:15:00+00:00,4722.7,4734.55,4721.43,4733.5,3297,35,0
2026-05-08 09:30:00+00:00,4733.49,4734.24,4725.53,4728.91,3215,47,0
2026-05-08 09:45:00+00:00,4728.93,4729.31,4721.03,4725.52,2898,47,0
2026-05-08 10:00:00+00:00,4725.49,4726.25,4715.16,4715.16,3618,46,0
2026-05-08 10:15:00+00:00,4715.2,4718.16,4697.01,4706.6,4741,36,0
2026-05-08 10:30:00+00:00,4706.47,4711.56,4701.05,4707.91,3395,47,0
2026-05-08 10:45:00+00:00,4707.93,4713.3,4706.8,4707.73,3336,42,0
2026-05-08 11:00:00+00:00,4707.71,4713.0,4706.57,4711.28,2803,47,0
2026-05-08 11:15:00+00:00,4711.18,4722.5,4711.16,4716.77,3172,47,0
2026-05-08 11:30:00+00:00,4716.79,4723.35,4716.24,4716.81,2821,46,0
2026-05-08 11:45:00+00:00,4716.76,4719.93,4714.7,4715.47,2555,43,0
2026-05-08 12:00:00+00:00,4715.48,4720.12,4713.28,4718.42,2820,34,0
2026-05-08 12:15:00+00:00,4718.44,4722.6,4717.48,4717.76,2600,30,0
2026-05-08 12:30:00+00:00,4717.67,4718.5,4709.18,4713.28,3136,47,0
2026-05-08 12:45:00+00:00,4713.25,4713.88,4707.28,4711.76,2778,47,0
2026-05-08 13:00:00+00:00,4711.81,4718.81,4711.02,4718.75,2029,47,0
2026-05-08 13:15:00+00:00,4718.78,4723.72,4717.26,4720.32,2131,47,0
2026-05-08 13:30:00+00:00,4720.25,4727.62,4720.08,4724.2,2091,47,0
2026-05-08 13:45:00+00:00,4724.21,4724.26,4715.11,4719.64,2460,47,0
2026-05-08 14:00:00+00:00,4719.65,4727.2,4718.46,4721.85,3233,47,0
2026-05-08 14:15:00+00:00,4721.8,4725.69,4719.91,4723.95,2518,47,0
2026-05-08 14:30:00+00:00,4724.16,4725.72,4720.86,4720.91,2091,46,0
2026-05-08 14:45:00+00:00,4720.9,4721.2,4713.49,4717.66,2442,47,0
2026-05-08 15:00:00+00:00,4717.7,4719.7,4703.67,4704.52,3507,32,0
2026-05-08 15:15:00+00:00,4704.13,4710.73,4702.76,4710.16,3236,47,0
2026-05-08 15:30:00+00:00,4710.24,4730.71,4703.02,4723.81,5736,30,0
2026-05-08 15:45:00+00:00,4723.96,4731.87,4719.11,4724.25,5147,42,0
2026-05-08 16:00:00+00:00,4723.92,4728.92,4716.29,4720.35,4781,30,0
2026-05-08 16:15:00+00:00,4720.37,4727.74,4719.49,4726.98,3939,47,0
2026-05-08 16:30:00+00:00,4726.99,4744.14,4726.58,4738.04,6766,47,0
2026-05-08 16:45:00+00:00,4738.05,4747.83,4734.74,4747.83,5668,45,0
2026-05-08 17:00:00+00:00,4747.68,4749.37,4718.69,4731.67,6674,40,0
2026-05-08 17:15:00+00:00,4731.62,4733.8,4717.31,4717.31,5564,30,0
2026-05-08 17:30:00+00:00,4717.91,4725.36,4713.9,4722.52,5326,40,0
2026-05-08 17:45:00+00:00,4722.53,4724.42,4713.21,4715.8,4371,47,0
2026-05-08 18:00:00+00:00,4715.74,4720.73,4705.98,4707.61,4759,47,0
2026-05-08 18:15:00+00:00,4707.6,4713.45,4704.21,4713.15,5868,45,0
2026-05-08 18:30:00+00:00,4713.14,4714.72,4703.87,4705.82,5533,46,0
2026-05-08 18:45:00+00:00,4705.89,4710.93,4701.73,4706.84,5022,40,0
2026-05-08 19:00:00+00:00,4706.82,4712.26,4705.23,4711.33,4295,34,0
2026-05-08 19:15:00+00:00,4711.37,4717.47,4711.23,4717.47,2890,47,0
2026-05-08 19:30:00+00:00,4717.5,4720.06,4713.12,4713.3,3220,47,0
2026-05-08 19:45:00+00:00,4713.32,4716.09,4711.08,4712.23,3151,47,0
2026-05-08 20:00:00+00:00,4712.26,4716.08,4712.0,4715.06,3412,47,0
2026-05-08 20:15:00+00:00,4715.09,4721.9,4715.06,4720.54,2952,44,0
2026-05-08 20:30:00+00:00,4720.47,4721.7,4719.55,4720.65,2533,47,0
2026-05-08 20:45:00+00:00,4720.6,4722.57,4719.24,4720.7,2314,47,0
2026-05-08 21:00:00+00:00,4720.77,4728.46,4720.34,4727.38,3447,30,0
2026-05-08 21:15:00+00:00,4727.48,4728.83,4723.81,4725.5,2753,47,0
2026-05-08 21:30:00+00:00,4724.95,4726.28,4723.83,4724.52,2728,47,0
2026-05-08 21:45:00+00:00,4724.54,4724.58,4719.75,4721.74,2732,47,0
2026-05-08 22:00:00+00:00,4721.66,4725.48,4720.84,4723.43,2542,47,0
2026-05-08 22:15:00+00:00,4723.42,4724.88,4723.17,4723.58,1568,30,0
2026-05-08 22:30:00+00:00,4723.61,4726.66,4721.62,4725.22,2517,47,0
2026-05-08 22:45:00+00:00,4725.23,4725.78,4722.83,4723.83,3361,47,0
2026-05-08 23:00:00+00:00,4723.85,4724.15,4717.07,4718.75,1806,46,0
2026-05-08 23:15:00+00:00,4718.76,4719.07,4715.06,4717.23,1413,47,0
2026-05-08 23:30:00+00:00,4717.23,4718.69,4715.29,4715.84,1485,53,0
2026-05-08 23:45:00+00:00,4715.85,4716.32,4713.71,4714.91,1222,64,0
2026-05-11 01:00:00+00:00,4681.25,4700.59,4677.56,4686.49,3258,30,0
2026-05-11 01:15:00+00:00,4686.43,4695.81,4681.29,4694.04,2543,76,0
2026-05-11 01:30:00+00:00,4693.63,4694.06,4686.93,4691.01,2564,47,0
2026-05-11 01:45:00+00:00,4691.07,4694.48,4689.7,4691.7,2313,47,0
2026-05-11 02:00:00+00:00,4691.69,4696.76,4688.76,4689.98,2875,47,0
2026-05-11 02:15:00+00:00,4690.07,4697.04,4688.97,4694.53,2358,48,0
2026-05-11 02:30:00+00:00,4694.5,4698.29,4694.5,4697.29,2148,47,0
2026-05-11 02:45:00+00:00,4697.33,4698.4,4689.94,4691.39,3359,47,0
2026-05-11 03:00:00+00:00,4691.41,4691.43,4680.02,4682.52,5138,47,0
2026-05-11 03:15:00+00:00,4682.54,4686.47,4675.75,4683.44,4566,50,0
2026-05-11 03:30:00+00:00,4683.52,4693.19,4683.52,4688.86,3126,47,0
2026-05-11 03:45:00+00:00,4688.89,4692.71,4670.12,4683.33,5060,30,0
2026-05-11 04:00:00+00:00,4683.42,4699.61,4674.51,4691.9,5870,35,0
2026-05-11 04:15:00+00:00,4691.95,4705.43,4689.39,4698.76,5337,47,0
2026-05-11 04:30:00+00:00,4698.77,4701.46,4690.76,4694.26,5080,39,0
2026-05-11 04:45:00+00:00,4694.3,4695.86,4679.86,4685.52,5021,40,0
2026-05-11 05:00:00+00:00,4685.49,4692.9,4678.33,4685.8,5044,47,0
2026-05-11 05:15:00+00:00,4685.82,4688.44,4682.66,4688.29,3491,47,0
2026-05-11 05:30:00+00:00,4688.24,4700.02,4687.7,4688.35,4816,38,0
2026-05-11 05:45:00+00:00,4688.37,4693.39,4676.38,4681.55,5080,47,0
2026-05-11 06:00:00+00:00,4681.38,4689.53,4674.87,4686.98,4635,47,0
2026-05-11 06:15:00+00:00,4686.99,4690.19,4683.73,4689.37,3712,47,0
2026-05-11 06:30:00+00:00,4689.38,4690.25,4682.11,4687.66,3364,47,0
2026-05-11 06:45:00+00:00,4687.63,4687.63,4676.9,4678.61,2630,49,0
2026-05-11 07:00:00+00:00,4678.51,4679.62,4673.37,4677.41,2647,47,0
2026-05-11 07:15:00+00:00,4677.46,4678.58,4670.15,4671.69,3102,50,0
2026-05-11 07:30:00+00:00,4671.54,4674.47,4668.33,4672.96,3128,47,0
2026-05-11 07:45:00+00:00,4672.89,4675.87,4671.64,4671.93,2327,48,0
2026-05-11 08:00:00+00:00,4671.92,4675.99,4670.68,4673.32,3006,47,0
2026-05-11 08:15:00+00:00,4673.29,4675.18,4670.52,4670.52,2668,47,0
2026-05-11 08:30:00+00:00,4670.45,4680.52,4661.96,4663.58,4771,47,0
2026-05-11 08:45:00+00:00,4663.59,4663.84,4647.99,4652.24,5263,47,0
2026-05-11 09:00:00+00:00,4652.19,4666.98,4649.16,4665.24,4263,47,0
2026-05-11 09:15:00+00:00,4665.26,4670.7,4664.58,4667.37,3864,47,0
2026-05-11 09:30:00+00:00,4667.36,4675.55,4667.16,4674.28,3491,47,0
2026-05-11 09:45:00+00:00,4674.27,4680.28,4671.2,4678.34,3451,30,0
2026-05-11 10:00:00+00:00,4678.47,4680.19,4674.34,4675.84,3283,38,0
2026-05-11 10:15:00+00:00,4675.89,4677.92,4671.97,4675.62,2626,47,0
2026-05-11 10:30:00+00:00,4675.62,4677.91,4671.59,4671.9,2568,47,0
2026-05-11 10:45:00+00:00,4672.03,4672.83,4664.18,4667.64,2506,47,0
2026-05-11 11:00:00+00:00,4667.49,4673.44,4664.02,4671.81,3302,42,0
2026-05-11 11:15:00+00:00,4671.77,4678.65,4671.53,4671.53,3184,47,0
2026-05-11 11:30:00+00:00,4670.91,4675.12,4669.04,4670.24,2687,47,0
2026-05-11 11:45:00+00:00,4670.25,4671.37,4666.58,4667.41,2288,47,0
2026-05-11 12:00:00+00:00,4667.42,4669.8,4665.08,4667.4,2341,45,0
2026-05-11 12:15:00+00:00,4667.44,4667.49,4656.84,4657.33,2470,47,0
2026-05-11 12:30:00+00:00,4657.23,4663.55,4650.35,4662.75,3178,45,0
2026-05-11 12:45:00+00:00,4662.68,4664.81,4655.99,4656.53,2459,39,0
2026-05-11 13:00:00+00:00,4656.51,4662.79,4656.13,4662.36,2473,47,0
2026-05-11 13:15:00+00:00,4662.35,4665.74,4660.28,4663.13,2019,47,0
2026-05-11 13:30:00+00:00,4663.18,4666.51,4660.14,4663.27,2481,47,0
2026-05-11 13:45:00+00:00,4663.31,4667.34,4661.14,4663.82,2594,47,0
2026-05-11 14:00:00+00:00,4663.9,4672.33,4663.9,4669.23,2938,46,0
2026-05-11 14:15:00+00:00,4669.21,4672.04,4667.46,4671.8,2258,47,0
2026-05-11 14:30:00+00:00,4671.8,4677.19,4670.12,4674.34,3193,47,0
2026-05-11 14:45:00+00:00,4674.34,4674.82,4670.13,4674.37,2629,47,0
2026-05-11 15:00:00+00:00,4674.56,4675.75,4667.27,4668.32,3149,47,0
2026-05-11 15:15:00+00:00,4668.33,4695.27,4667.38,4690.46,5336,47,0
2026-05-11 15:30:00+00:00,4690.45,4698.23,4689.01,4692.0,5071,44,0
2026-05-11 15:45:00+00:00,4692.02,4700.8,4686.03,4699.78,4550,47,0
2026-05-11 16:00:00+00:00,4700.1,4721.66,4698.56,4720.81,6067,44,0
2026-05-11 16:15:00+00:00,4720.86,4735.42,4720.44,4728.22,6025,47,0
2026-05-11 16:30:00+00:00,4728.2,4745.35,4727.91,4743.63,6660,30,0
2026-05-11 16:45:00+00:00,4743.65,4748.42,4734.65,4736.08,6033,47,0
2026-05-11 17:00:00+00:00,4736.1,4738.36,4718.33,4730.81,5948,30,0
2026-05-11 17:15:00+00:00,4730.72,4733.71,4724.42,4724.94,5176,47,0
2026-05-11 17:30:00+00:00,4725.02,4733.45,4715.14,4732.38,5892,41,0
2026-05-11 17:45:00+00:00,4732.2,4733.85,4723.74,4725.5,5035,47,0
2026-05-11 18:00:00+00:00,4725.47,4731.64,4722.75,4728.45,4471,33,0
2026-05-11 18:15:00+00:00,4728.61,4738.13,4727.15,4732.79,4726,47,0
2026-05-11 18:30:00+00:00,4732.78,4734.62,4726.59,4727.24,3714,38,0
2026-05-11 18:45:00+00:00,4727.28,4732.54,4724.89,4732.02,3595,47,0
2026-05-11 19:00:00+00:00,4732.01,4733.31,4726.85,4727.68,3358,47,0
2026-05-11 19:15:00+00:00,4727.75,4727.99,4722.18,4723.81,3306,43,0
2026-05-11 19:30:00+00:00,4723.78,4725.86,4707.82,4711.15,4113,47,0
2026-05-11 19:45:00+00:00,4711.11,4716.86,4708.82,4716.33,4224,30,0
2026-05-11 20:00:00+00:00,4716.32,4719.88,4715.79,4718.25,3362,47,0
2026-05-11 20:15:00+00:00,4718.13,4721.62,4716.98,4717.98,3603,41,0
2026-05-11 20:30:00+00:00,4717.96,4724.32,4717.62,4723.74,2593,43,0
2026-05-11 20:45:00+00:00,4723.73,4724.46,4721.68,4723.51,2424,42,0
2026-05-11 21:00:00+00:00,4723.53,4726.74,4721.88,4723.34,2763,47,0
2026-05-11 21:15:00+00:00,4723.32,4727.34,4720.79,4726.99,2916,35,0
2026-05-11 21:30:00+00:00,4726.89,4729.24,4725.54,4726.68,2340,36,0
2026-05-11 21:45:00+00:00,4726.65,4729.04,4724.64,4724.77,2517,47,0
2026-05-11 22:00:00+00:00,4724.91,4728.36,4723.68,4724.64,2825,47,0
2026-05-11 22:15:00+00:00,4724.71,4725.43,4722.99,4724.1,2401,47,0
2026-05-11 22:30:00+00:00,4724.12,4728.54,4722.31,4726.87,2546,47,0
2026-05-11 22:45:00+00:00,4726.93,4736.02,4726.92,4733.42,3226,30,0
2026-05-11 23:00:00+00:00,4733.52,4737.75,4729.82,4734.87,2074,42,0
2026-05-11 23:15:00+00:00,4734.95,4735.29,4733.38,4735.21,1173,47,0
2026-05-11 23:30:00+00:00,4735.16,4738.41,4734.8,4737.45,893,47,0
2026-05-11 23:45:00+00:00,4737.42,4737.6,4732.33,4734.61,1251,47,0
2026-05-12 01:00:00+00:00,4737.49,4743.79,4737.08,4738.97,1954,54,0
2026-05-12 01:15:00+00:00,4738.96,4741.79,4737.36,4739.66,1499,52,0
2026-05-12 01:30:00+00:00,4739.65,4745.02,4738.8,4744.79,1880,51,0
2026-05-12 01:45:00+00:00,4744.65,4754.84,4744.04,4750.68,3021,48,0
2026-05-12 02:00:00+00:00,4750.91,4754.43,4745.95,4750.97,2583,47,0
2026-05-12 02:15:00+00:00,4751.0,4754.63,4750.7,4752.76,1746,47,0
2026-05-12 02:30:00+00:00,4752.77,4759.27,4751.25,4755.82,3035,50,0
2026-05-12 02:45:00+00:00,4755.79,4769.34,4755.26,4767.18,3708,47,0
2026-05-12 03:00:00+00:00,4767.14,4769.48,4758.4,4766.81,4408,47,0
2026-05-12 03:15:00+00:00,4766.87,4773.33,4753.47,4762.11,4264,48,0
2026-05-12 03:30:00+00:00,4761.97,4763.57,4757.41,4757.74,3334,49,0
2026-05-12 03:45:00+00:00,4757.98,4761.68,4748.44,4749.1,3944,47,0
2026-05-12 04:00:00+00:00,4749.14,4755.31,4742.27,4746.07,5884,47,0
2026-05-12 04:15:00+00:00,4746.08,4751.45,4733.68,4735.03,5707,47,0
2026-05-12 04:30:00+00:00,4735.01,4738.73,4720.14,4729.28,5503,47,0
2026-05-12 04:45:00+00:00,4729.17,4731.31,4723.72,4726.96,5214,47,0
2026-05-12 05:00:00+00:00,4726.9,4733.74,4725.19,4731.3,4452,49,0
2026-05-12 05:15:00+00:00,4731.33,4731.39,4724.39,4726.89,3100,50,0
2026-05-12 05:30:00+00:00,4726.87,4731.81,4722.08,4731.61,4430,47,0
2026-05-12 05:45:00+00:00,4731.38,4733.27,4726.97,4729.86,3609,48,0
2026-05-12 06:00:00+00:00,4729.8,4732.97,4726.86,4730.98,2996,31,0
2026-05-12 06:15:00+00:00,4730.99,4731.05,4722.75,4723.71,2903,49,0
2026-05-12 06:30:00+00:00,4723.74,4727.81,4723.67,4723.81,2270,47,0
2026-05-12 06:45:00+00:00,4723.84,4724.42,4718.0,4720.04,1955,47,0
2026-05-12 07:00:00+00:00,4720.05,4723.16,4719.63,4721.68,2099,47,0
2026-05-12 07:15:00+00:00,4721.75,4730.19,4721.53,4722.3,2324,47,0
2026-05-12 07:30:00+00:00,4722.32,4726.23,4721.21,4724.49,1723,50,0
2026-05-12 07:45:00+00:00,4724.46,4724.88,4711.02,4713.98,2625,47,0
2026-05-12 08:00:00+00:00,4713.88,4718.39,4708.45,4712.24,4430,47,0
2026-05-12 08:15:00+00:00,4712.42,4716.65,4712.37,4715.13,3558,50,0
2026-05-12 08:30:00+00:00,4715.29,4722.04,4712.91,4714.92,4536,40,0
2026-05-12 08:45:00+00:00,4714.95,4719.74,4710.1,4714.16,4846,32,0
2026-05-12 09:00:00+00:00,4713.91,4714.27,4702.73,4705.0,4885,47,0
2026-05-12 09:15:00+00:00,4704.99,4706.8,4694.99,4695.84,4071,47,0
2026-05-12 09:30:00+00:00,4695.87,4704.59,4695.11,4702.11,3489,47,0
2026-05-12 09:45:00+00:00,4702.09,4704.16,4694.35,4697.05,4129,47,0
2026-05-12 10:00:00+00:00,4696.97,4698.1,4687.25,4695.67,4327,47,0
2026-05-12 10:15:00+00:00,4695.68,4699.5,4693.78,4697.71,2986,47,0
2026-05-12 10:30:00+00:00,4697.72,4702.33,4695.42,4700.22,2890,36,0
2026-05-12 10:45:00+00:00,4700.28,4703.6,4697.51,4699.63,3101,47,0
2026-05-12 11:00:00+00:00,4699.51,4706.67,4699.06,4699.09,3310,47,0
2026-05-12 11:15:00+00:00,4699.8,4703.98,4696.96,4702.74,2834,47,0
2026-05-12 11:30:00+00:00,4702.7,4704.29,4697.95,4699.88,3070,47,0
2026-05-12 11:45:00+00:00,4699.8,4706.39,4698.83,4703.31,2885,47,0
2026-05-12 12:00:00+00:00,4703.29,4703.32,4697.83,4697.84,2672,47,0
2026-05-12 12:15:00+00:00,4697.86,4702.07,4697.37,4699.46,2715,38,0
2026-05-12 12:30:00+00:00,4699.48,4705.13,4694.27,4695.18,3446,47,0
2026-05-12 12:45:00+00:00,4695.28,4701.45,4694.16,4699.34,2883,47,0
2026-05-12 13:00:00+00:00,4699.33,4708.23,4698.63,4704.8,2805,42,0
2026-05-12 13:15:00+00:00,4704.71,4705.16,4698.72,4700.03,2562,41,0
2026-05-12 13:30:00+00:00,4700.1,4700.13,4685.03,4690.38,3837,32,0
2026-05-12 13:45:00+00:00,4690.4,4694.2,4689.57,4694.19,3438,47,0
2026-05-12 14:00:00+00:00,4694.21,4697.9,4687.03,4691.53,3949,36,0
2026-05-12 14:15:00+00:00,4691.49,4700.08,4691.42,4699.92,3059,47,0
2026-05-12 14:30:00+00:00,4699.92,4705.99,4697.67,4704.14,2852,37,0
2026-05-12 14:45:00+00:00,4704.15,4709.13,4702.37,4706.52,3154,47,0
2026-05-12 15:00:00+00:00,4706.53,4708.12,4698.26,4705.64,3435,47,0
2026-05-12 15:15:00+00:00,4705.61,4708.24,4694.96,4697.16,3530,47,0
2026-05-12 15:30:00+00:00,4697.14,4708.46,4689.52,4702.82,5591,47,0
2026-05-12 15:45:00+00:00,4702.81,4711.49,4700.38,4705.59,4450,32,0
2026-05-12 16:00:00+00:00,4705.51,4708.82,4687.25,4688.78,5383,30,0
2026-05-12 16:15:00+00:00,4689.02,4695.15,4679.34,4690.66,5696,47,0
2026-05-12 16:30:00+00:00,4690.56,4701.43,4683.41,4698.96,6932,32,0
2026-05-12 16:45:00+00:00,4698.92,4701.26,4676.83,4678.95,6740,30,0
2026-05-12 17:00:00+00:00,4679.03,4694.92,4675.77,4692.72,6180,47,0
2026-05-12 17:15:00+00:00,4692.79,4693.98,4682.13,4683.05,5943,47,0
2026-05-12 17:30:00+00:00,4683.01,4687.78,4671.45,4685.64,6162,47,0
2026-05-12 17:45:00+00:00,4685.59,4685.59,4669.64,4672.72,5732,47,0
2026-05-12 18:00:00+00:00,4672.53,4675.95,4664.12,4664.26,5689,47,0
2026-05-12 18:15:00+00:00,4664.21,4666.02,4638.14,4655.84,7067,44,0
2026-05-12 18:30:00+00:00,4655.86,4667.9,4653.79,4665.46,5433,47,0
2026-05-12 18:45:00+00:00,4665.47,4669.97,4664.3,4665.9,4554,40,0
2026-05-12 19:00:00+00:00,4666.29,4672.98,4664.02,4671.75,4040,47,0
2026-05-12 19:15:00+00:00,4671.74,4674.85,4666.21,4668.11,3653,47,0
2026-05-12 19:30:00+00:00,4668.28,4671.47,4664.94,4669.66,3922,47,0
2026-05-12 19:45:00+00:00,4669.65,4674.13,4666.62,4671.01,4063,43,0
2026-05-12 20:00:00+00:00,4671.26,4679.49,4671.15,4677.07,3765,43,0
2026-05-12 20:15:00+00:00,4677.05,4682.27,4676.91,4679.25,3698,34,0
2026-05-12 20:30:00+00:00,4679.22,4680.61,4675.95,4679.57,3323,47,0
2026-05-12 20:45:00+00:00,4679.62,4680.48,4677.63,4678.73,3007,47,0
2026-05-12 21:00:00+00:00,4678.77,4683.53,4676.08,4681.32,3977,45,0
2026-05-12 21:15:00+00:00,4681.35,4687.62,4679.89,4685.1,3945,47,0
2026-05-12 21:30:00+00:00,4685.06,4697.46,4684.69,4695.27,4576,47,0
2026-05-12 21:45:00+00:00,4695.14,4698.09,4690.61,4695.92,4747,47,0
2026-05-12 22:00:00+00:00,4696.02,4702.41,4696.02,4699.91,3634,47,0
2026-05-12 22:15:00+00:00,4699.87,4704.4,4699.01,4703.49,3035,47,0
2026-05-12 22:30:00+00:00,4703.38,4710.37,4703.38,4709.4,3415,47,0
2026-05-12 22:45:00+00:00,4709.38,4715.58,4709.05,4715.57,3560,47,0
2026-05-12 23:00:00+00:00,4715.52,4719.15,4712.05,4713.37,2353,42,0
2026-05-12 23:15:00+00:00,4713.37,4716.16,4712.36,4713.06,1493,41,0
2026-05-12 23:30:00+00:00,4713.04,4715.37,4712.12,4714.65,1312,45,0
2026-05-12 23:45:00+00:00,4714.67,4715.67,4713.06,4715.05,1300,46,0
2026-05-13 01:00:00+00:00,4715.49,4721.03,4711.66,4714.76,1927,39,0
2026-05-13 01:15:00+00:00,4714.77,4719.33,4713.21,4716.98,1222,47,0
2026-05-13 01:30:00+00:00,4716.82,4720.45,4715.27,4716.35,988,54,0
2026-05-13 01:45:00+00:00,4716.44,4722.21,4716.39,4716.92,1295,54,0
2026-05-13 02:00:00+00:00,4716.98,4723.02,4715.87,4717.55,2189,47,0
2026-05-13 02:15:00+00:00,4717.65,4723.79,4717.34,4720.38,2308,47,0
2026-05-13 02:30:00+00:00,4720.35,4721.74,4716.28,4721.1,2279,47,0
2026-05-13 02:45:00+00:00,4721.08,4723.4,4715.21,4716.87,3200,42,0
2026-05-13 03:00:00+00:00,4716.98,4726.79,4714.87,4720.17,4700,45,0
2026-05-13 03:15:00+00:00,4720.22,4726.1,4719.95,4722.34,3859,47,0
2026-05-13 03:30:00+00:00,4722.38,4725.06,4716.81,4720.19,3410,47,0
2026-05-13 03:45:00+00:00,4720.14,4720.25,4713.98,4714.32,3215,47,0
2026-05-13 04:00:00+00:00,4714.63,4716.92,4707.2,4709.48,5112,49,0
2026-05-13 04:15:00+00:00,4709.55,4710.57,4702.7,4704.33,4774,47,0
2026-05-13 04:30:00+00:00,4704.28,4710.33,4701.59,4708.8,5070,47,0
2026-05-13 04:45:00+00:00,4708.9,4710.59,4700.96,4702.4,3171,47,0
2026-05-13 05:00:00+00:00,4702.34,4707.45,4698.83,4701.34,3193,47,0
2026-05-13 05:15:00+00:00,4701.27,4703.79,4698.08,4700.11,2775,47,0
2026-05-13 05:30:00+00:00,4700.12,4700.12,4693.82,4694.26,4514,47,0
2026-05-13 05:45:00+00:00,4694.29,4696.94,4687.43,4691.7,4731,47,0
2026-05-13 06:00:00+00:00,4691.55,4694.28,4688.73,4692.12,4141,48,0
2026-05-13 06:15:00+00:00,4692.16,4700.56,4690.95,4700.44,2967,49,0
2026-05-13 06:30:00+00:00,4700.45,4705.73,4700.03,4703.78,2172,48,0
2026-05-13 06:45:00+00:00,4703.82,4704.7,4694.12,4695.76,2720,47,0
2026-05-13 07:00:00+00:00,4695.73,4698.8,4695.32,4698.12,2457,47,0
2026-05-13 07:15:00+00:00,4698.16,4703.2,4697.83,4701.17,1955,49,0
2026-05-13 07:30:00+00:00,4701.14,4703.14,4697.18,4698.51,2043,47,0
2026-05-13 07:45:00+00:00,4698.5,4701.62,4698.18,4699.43,2425,47,0
2026-05-13 08:00:00+00:00,4699.44,4707.17,4698.26,4705.22,2588,47,0
2026-05-13 08:15:00+00:00,4705.16,4705.51,4697.73,4697.93,3045,50,0
2026-05-13 08:30:00+00:00,4697.88,4702.48,4693.43,4696.72,4716,47,0
2026-05-13 08:45:00+00:00,4696.74,4705.24,4696.13,4703.87,3563,47,0
2026-05-13 09:00:00+00:00,4703.88,4712.6,4703.24,4710.61,3476,47,0
2026-05-13 09:15:00+00:00,4710.58,4715.24,4706.77,4708.63,3129,47,0
2026-05-13 09:30:00+00:00,4708.72,4713.63,4707.6,4711.25,3241,47,0
2026-05-13 09:45:00+00:00,4711.26,4712.15,4698.96,4701.57,3633,45,0
2026-05-13 10:00:00+00:00,4701.66,4705.32,4696.56,4702.04,3584,41,0
2026-05-13 10:15:00+00:00,4702.03,4708.67,4701.95,4707.45,2641,47,0
2026-05-13 10:30:00+00:00,4707.46,4707.66,4702.94,4703.52,2262,47,0
2026-05-13 10:45:00+00:00,4703.56,4704.51,4701.2,4702.74,2603,33,0
2026-05-13 11:00:00+00:00,4702.47,4704.17,4698.35,4700.14,2981,47,0
2026-05-13 11:15:00+00:00,4700.09,4700.96,4694.59,4696.89,2940,46,0
2026-05-13 11:30:00+00:00,4696.93,4699.71,4694.32,4695.77,2347,46,0
2026-05-13 11:45:00+00:00,4695.82,4702.73,4694.59,4700.48,2662,46,0
2026-05-13 12:00:00+00:00,4700.51,4701.62,4693.48,4694.42,2653,47,0
2026-05-13 12:15:00+00:00,4694.4,4695.15,4685.87,4688.72,3103,32,0
2026-05-13 12:30:00+00:00,4688.62,4694.34,4685.91,4693.99,2989,30,0
2026-05-13 12:45:00+00:00,4693.87,4700.83,4693.02,4700.73,2493,30,0
2026-05-13 13:00:00+00:00,4700.74,4710.16,4698.58,4702.1,3321,49,0
2026-05-13 13:15:00+00:00,4702.2,4705.72,4698.62,4699.44,3016,30,0
2026-05-13 13:30:00+00:00,4699.49,4699.71,4693.92,4695.56,2565,30,0
2026-05-13 13:45:00+00:00,4695.5,4696.55,4693.54,4693.91,2385,49,0
2026-05-13 14:00:00+00:00,4693.88,4699.09,4691.38,4698.97,2888,30,0
2026-05-13 14:15:00+00:00,4698.94,4700.44,4695.75,4698.38,2778,30,0
2026-05-13 14:30:00+00:00,4698.37,4705.17,4698.01,4703.27,3054,49,0
2026-05-13 14:45:00+00:00,4703.24,4705.29,4697.27,4697.27,2788,30,0
2026-05-13 15:00:00+00:00,4697.23,4701.36,4693.37,4693.77,3077,30,0
2026-05-13 15:15:00+00:00,4693.78,4694.03,4682.96,4684.65,4273,30,0
2026-05-13 15:30:00+00:00,4684.66,4686.95,4675.95,4682.79,5823,30,0
2026-05-13 15:45:00+00:00,4683.13,4685.27,4677.41,4683.61,4273,49,0
2026-05-13 16:00:00+00:00,4683.42,4690.99,4683.38,4689.73,4503,30,0
2026-05-13 16:15:00+00:00,4689.71,4694.48,4686.24,4688.58,3883,49,0
2026-05-13 16:30:00+00:00,4688.6,4690.64,4672.91,4678.63,6385,30,0
2026-05-13 16:45:00+00:00,4678.6,4683.11,4669.25,4679.19,6305,30,0
2026-05-13 17:00:00+00:00,4679.18,4683.08,4672.71,4681.17,5812,30,0
2026-05-13 17:15:00+00:00,4681.17,4685.28,4673.41,4684.09,4785,49,0
2026-05-13 17:30:00+00:00,4684.06,4690.86,4682.96,4683.71,5071,49,0
2026-05-13 17:45:00+00:00,4683.71,4684.83,4677.15,4679.66,4920,49,0
2026-05-13 18:00:00+00:00,4679.65,4690.62,4678.75,4687.47,4604,30,0
2026-05-13 18:15:00+00:00,4687.45,4691.62,4685.08,4691.15,3958,30,0
2026-05-13 18:30:00+00:00,4691.12,4699.76,4686.81,4699.23,4297,49,0
2026-05-13 18:45:00+00:00,4699.28,4699.45,4694.41,4695.33,3814,30,0
2026-05-13 19:00:00+00:00,4695.34,4702.85,4694.95,4701.97,3731,30,0
2026-05-13 19:15:00+00:00,4702.0,4709.73,4698.56,4706.71,4371,30,0
2026-05-13 19:30:00+00:00,4706.77,4707.53,4699.64,4699.79,4123,30,0
2026-05-13 19:45:00+00:00,4699.8,4701.49,4694.78,4695.46,3722,30,0
2026-05-13 20:00:00+00:00,4695.51,4700.9,4695.51,4699.56,2999,30,0
2026-05-13 20:15:00+00:00,4699.28,4701.15,4696.48,4698.25,3087,30,0
2026-05-13 20:30:00+00:00,4698.2,4698.35,4689.94,4691.0,3786,30,0
2026-05-13 20:45:00+00:00,4691.02,4694.31,4684.39,4685.47,3565,30,0
2026-05-13 21:00:00+00:00,4685.45,4692.5,4684.24,4692.28,2858,30,0
2026-05-13 21:15:00+00:00,4692.26,4693.91,4688.63,4691.77,2707,30,0
2026-05-13 21:30:00+00:00,4691.72,4692.51,4685.61,4685.92,2615,30,0
2026-05-13 21:45:00+00:00,4685.94,4687.48,4677.4,4684.81,3721,30,0
2026-05-13 22:00:00+00:00,4684.84,4689.0,4683.19,4689.0,2503,30,0
2026-05-13 22:15:00+00:00,4688.94,4690.35,4686.46,4687.02,2593,30,0
2026-05-13 22:30:00+00:00,4687.09,4688.93,4684.39,4688.41,2325,30,0
2026-05-13 22:45:00+00:00,4688.4,4689.3,4683.58,4688.06,3081,30,0
2026-05-13 23:00:00+00:00,4687.93,4690.94,4685.83,4690.82,1543,30,0
2026-05-13 23:15:00+00:00,4690.79,4693.35,4690.08,4691.21,1242,30,0
2026-05-13 23:30:00+00:00,4691.24,4692.73,4689.07,4690.55,1212,30,0
2026-05-13 23:45:00+00:00,4690.46,4690.91,4687.73,4688.65,1172,30,0
2026-05-14 01:00:00+00:00,4692.19,4693.92,4688.76,4690.94,1708,54,0
2026-05-14 01:15:00+00:00,4690.96,4697.14,4690.77,4696.9,1707,51,0
2026-05-14 01:30:00+00:00,4696.88,4700.24,4695.39,4698.91,2037,51,0
2026-05-14 01:45:00+00:00,4698.92,4700.42,4696.47,4699.89,1745,52,0
2026-05-14 02:00:00+00:00,4699.81,4701.97,4698.99,4701.09,1679,51,0
2026-05-14 02:15:00+00:00,4701.08,4701.19,4696.6,4697.24,1255,52,0
2026-05-14 02:30:00+00:00,4697.22,4697.39,4694.13,4694.63,1441,53,0
2026-05-14 02:45:00+00:00,4694.63,4696.68,4693.04,4696.39,1687,50,0
2026-05-14 03:00:00+00:00,4696.4,4699.26,4689.3,4697.44,3522,30,0
2026-05-14 03:15:00+00:00,4697.42,4705.21,4697.34,4700.88,3777,49,0
2026-05-14 03:30:00+00:00,4700.87,4703.09,4692.69,4699.94,3131,50,0
2026-05-14 03:45:00+00:00,4699.95,4706.59,4699.24,4704.8,3550,50,0
2026-05-14 04:00:00+00:00,4704.82,4706.81,4684.04,4688.75,6887,30,0
2026-05-14 04:15:00+00:00,4688.75,4695.17,4687.26,4692.56,4137,49,0
2026-05-14 04:30:00+00:00,4692.52,4694.45,4683.43,4688.62,5530,50,0
2026-05-14 04:45:00+00:00,4688.63,4694.92,4683.39,4688.54,5438,49,0
2026-05-14 05:00:00+00:00,4688.64,4693.83,4686.42,4688.1,4342,50,0
2026-05-14 05:15:00+00:00,4687.88,4693.97,4686.87,4693.3,3069,50,0
2026-05-14 05:30:00+00:00,4693.31,4699.46,4689.27,4691.67,4653,49,0
2026-05-14 05:45:00+00:00,4691.61,4693.14,4679.75,4686.11,6070,49,0
2026-05-14 06:00:00+00:00,4686.21,4690.06,4681.32,4682.77,5203,49,0
2026-05-14 06:15:00+00:00,4682.84,4693.2,4681.35,4691.16,4491,30,0
2026-05-14 06:30:00+00:00,4691.15,4691.27,4675.63,4676.17,3512,51,0
2026-05-14 06:45:00+00:00,4676.21,4677.83,4673.83,4674.83,3428,50,0
2026-05-14 07:00:00+00:00,4674.84,4682.36,4668.48,4682.0,4091,30,0
2026-05-14 07:15:00+00:00,4682.06,4707.28,4681.71,4702.05,3950,30,0
2026-05-14 07:30:00+00:00,4702.12,4712.54,4701.29,4704.78,3766,49,0
2026-05-14 07:45:00+00:00,4704.79,4706.77,4702.17,4702.24,3199,51,0
2026-05-14 08:00:00+00:00,4702.27,4704.03,4699.66,4699.8,3618,52,0
2026-05-14 08:15:00+00:00,4699.83,4700.09,4693.2,4693.48,3090,51,0
2026-05-14 08:30:00+00:00,4693.43,4701.34,4693.24,4697.17,4981,50,0
2026-05-14 08:45:00+00:00,4697.16,4703.14,4689.03,4689.52,4696,49,0
2026-05-14 09:00:00+00:00,4689.11,4694.52,4686.08,4687.68,4124,30,0
2026-05-14 09:15:00+00:00,4687.67,4692.96,4686.29,4691.18,3546,49,0
2026-05-14 09:30:00+00:00,4691.21,4699.54,4690.46,4698.7,2994,30,0
2026-05-14 09:45:00+00:00,4698.73,4702.18,4694.66,4700.06,3956,30,0
2026-05-14 10:00:00+00:00,4700.08,4702.07,4694.66,4695.15,3422,30,0
2026-05-14 10:15:00+00:00,4695.18,4706.7,4694.75,4705.29,3352,30,0
2026-05-14 10:30:00+00:00,4705.26,4718.61,4702.81,4709.07,3836,49,0
2026-05-14 10:45:00+00:00,4709.06,4709.46,4690.81,4692.93,3663,30,0
2026-05-14 11:00:00+00:00,4692.73,4700.79,4692.07,4698.79,3936,49,0
2026-05-14 11:15:00+00:00,4698.81,4704.63,4697.69,4702.84,3216,49,0
2026-05-14 11:30:00+00:00,4702.86,4706.54,4695.53,4696.8,3359,49,0
2026-05-14 11:45:00+00:00,4696.82,4697.42,4692.86,4693.14,3005,49,0
2026-05-14 12:00:00+00:00,4693.22,4697.89,4690.18,4694.33,3013,30,0
2026-05-14 12:15:00+00:00,4694.27,4696.51,4690.58,4690.58,2634,30,0
2026-05-14 12:30:00+00:00,4690.49,4697.11,4688.32,4695.31,3344,30,0
2026-05-14 12:45:00+00:00,4695.42,4702.36,4695.42,4699.37,2981,30,0
2026-05-14 13:00:00+00:00,4699.44,4705.15,4695.84,4697.1,3093,30,0
2026-05-14 13:15:00+00:00,4697.17,4698.13,4693.55,4697.35,3205,49,0
2026-05-14 13:30:00+00:00,4697.39,4697.85,4692.07,4693.35,2811,49,0
2026-05-14 13:45:00+00:00,4693.45,4697.6,4691.1,4696.88,3245,49,0
2026-05-14 14:00:00+00:00,4696.95,4698.62,4692.71,4697.19,3112,30,0
2026-05-14 14:15:00+00:00,4697.18,4697.49,4689.24,4691.79,2737,30,0
2026-05-14 14:30:00+00:00,4691.92,4697.18,4690.64,4695.19,2631,30,0
2026-05-14 14:45:00+00:00,4695.25,4704.68,4694.2,4694.2,3415,30,0
2026-05-14 15:00:00+00:00,4693.49,4703.7,4692.16,4703.7,3606,49,0
2026-05-14 15:15:00+00:00,4703.75,4707.41,4698.7,4702.47,3432,30,0
2026-05-14 15:30:00+00:00,4702.51,4709.88,4697.82,4697.89,4512,30,0
2026-05-14 15:45:00+00:00,4697.87,4706.1,4695.82,4704.68,3580,30,0
2026-05-14 16:00:00+00:00,4704.64,4707.52,4696.04,4703.97,4935,30,0
2026-05-14 16:15:00+00:00,4704.04,4704.24,4687.82,4688.05,5167,49,0
2026-05-14 16:30:00+00:00,4687.94,4689.34,4666.49,4676.72,6976,30,0
2026-05-14 16:45:00+00:00,4676.61,4691.0,4675.71,4679.36,6518,30,0
2026-05-14 17:00:00+00:00,4679.42,4690.16,4677.53,4687.58,6090,30,0
2026-05-14 17:15:00+00:00,4687.57,4700.82,4686.85,4691.37,5485,49,0
2026-05-14 17:30:00+00:00,4691.38,4692.31,4685.92,4686.85,4667,49,0
2026-05-14 17:45:00+00:00,4686.85,4690.33,4679.11,4679.32,5420,30,0
2026-05-14 18:00:00+00:00,4679.38,4686.53,4676.85,4684.71,4933,30,0
2026-05-14 18:15:00+00:00,4684.72,4689.28,4684.02,4685.7,4291,30,0
2026-05-14 18:30:00+00:00,4685.73,4688.84,4680.85,4682.47,4061,49,0
2026-05-14 18:45:00+00:00,4682.27,4686.53,4680.84,4685.72,3314,49,0
2026-05-14 19:00:00+00:00,4685.64,4686.84,4673.99,4678.52,4452,30,0
2026-05-14 19:15:00+00:00,4678.45,4681.15,4675.14,4677.15,3701,30,0
2026-05-14 19:30:00+00:00,4677.18,4678.19,4670.14,4675.11,4290,30,0
2026-05-14 19:45:00+00:00,4675.11,4678.94,4672.44,4678.34,3525,30,0
2026-05-14 20:00:00+00:00,4678.33,4682.38,4678.26,4678.63,3671,30,0
2026-05-14 20:15:00+00:00,4678.61,4682.93,4676.66,4677.08,4048,30,0
2026-05-14 20:30:00+00:00,4677.44,4681.42,4676.25,4681.35,3391,30,0
2026-05-14 20:45:00+00:00,4681.31,4681.66,4677.6,4678.04,2469,30,0
2026-05-14 21:00:00+00:00,4678.13,4678.25,4668.57,4674.53,4254,30,0
2026-05-14 21:15:00+00:00,4674.58,4676.36,4672.81,4673.36,2861,30,0
2026-05-14 21:30:00+00:00,4673.54,4674.76,4668.22,4668.39,2385,30,0
2026-05-14 21:45:00+00:00,4668.57,4671.64,4666.8,4671.45,2278,30,0
2026-05-14 22:00:00+00:00,4671.63,4671.68,4666.71,4667.39,2238,30,0
2026-05-14 22:15:00+00:00,4667.41,4668.96,4663.03,4663.25,2136,30,0
2026-05-14 22:30:00+00:00,4663.32,4665.05,4655.5,4656.41,3470,30,0
2026-05-14 22:45:00+00:00,4656.55,4658.79,4652.87,4654.06,4174,30,0
2026-05-14 23:00:00+00:00,4654.1,4656.88,4649.05,4649.62,2461,30,0
2026-05-14 23:15:00+00:00,4649.56,4650.83,4646.73,4647.98,1612,30,0
2026-05-14 23:30:00+00:00,4648.02,4652.69,4644.25,4650.63,1827,30,0
2026-05-14 23:45:00+00:00,4650.74,4652.29,4649.2,4652.2,1599,30,0
2026-05-15 01:00:00+00:00,4652.57,4657.91,4646.52,4655.17,2303,52,0
2026-05-15 01:15:00+00:00,4655.1,4659.18,4655.05,4658.77,2424,52,0
2026-05-15 01:30:00+00:00,4658.78,4662.26,4658.55,4661.7,1978,30,0
2026-05-15 01:45:00+00:00,4661.73,4662.62,4659.92,4662.2,1581,50,0
2026-05-15 02:00:00+00:00,4662.19,4663.11,4658.7,4659.02,1712,50,0
2026-05-15 02:15:00+00:00,4659.04,4664.25,4655.53,4663.82,1852,49,0
2026-05-15 02:30:00+00:00,4663.75,4665.11,4646.7,4657.16,2928,30,0
2026-05-15 02:45:00+00:00,4657.2,4657.49,4648.02,4652.06,3456,50,0
2026-05-15 03:00:00+00:00,4652.08,4653.54,4642.33,4650.42,4343,49,0
2026-05-15 03:15:00+00:00,4650.37,4658.03,4629.61,4629.79,5258,30,0
2026-05-15 03:30:00+00:00,4630.02,4630.36,4613.39,4618.43,5681,49,0
2026-05-15 03:45:00+00:00,4619.0,4630.41,4617.07,4629.96,6013,49,0
2026-05-15 04:00:00+00:00,4630.13,4631.35,4607.38,4614.34,7491,30,0
2026-05-15 04:15:00+00:00,4614.39,4625.52,4608.08,4608.7,7231,50,0
2026-05-15 04:30:00+00:00,4608.68,4622.77,4607.49,4622.74,6341,49,0
2026-05-15 04:45:00+00:00,4622.7,4624.24,4606.92,4613.62,6336,50,0
2026-05-15 05:00:00+00:00,4613.89,4618.94,4609.53,4612.93,5750,50,0
2026-05-15 05:15:00+00:00,4612.9,4616.46,4609.2,4612.4,4476,49,0
2026-05-15 05:30:00+00:00,4612.33,4617.77,4609.35,4617.74,5192,49,0
2026-05-15 05:45:00+00:00,4617.76,4623.31,4611.48,4617.91,4689,30,0
2026-05-15 06:00:00+00:00,4617.87,4622.09,4614.51,4617.28,4565,30,0
2026-05-15 06:15:00+00:00,4617.2,4618.2,4609.74,4612.6,4353,30,0
2026-05-15 06:30:00+00:00,4612.57,4617.17,4607.28,4613.23,3045,49,0
2026-05-15 06:45:00+00:00,4613.22,4617.11,4610.38,4615.27,2819,50,0
2026-05-15 07:00:00+00:00,4615.25,4621.36,4612.75,4619.87,2993,49,0
2026-05-15 07:15:00+00:00,4619.88,4620.45,4607.23,4610.74,2887,50,0
2026-05-15 07:30:00+00:00,4610.76,4614.83,4604.18,4605.55,3217,49,0
2026-05-15 07:45:00+00:00,4605.57,4612.36,4604.74,4605.68,3237,49,0
2026-05-15 08:00:00+00:00,4605.99,4606.26,4588.27,4591.89,5486,49,0
2026-05-15 08:15:00+00:00,4591.99,4595.15,4580.71,4588.68,5412,30,0
2026-05-15 08:30:00+00:00,4588.74,4589.62,4563.54,4568.6,7203,30,0
2026-05-15 08:45:00+00:00,4568.58,4573.14,4558.64,4558.76,6306,30,0
2026-05-15 09:00:00+00:00,4558.55,4573.09,4556.22,4570.76,6510,30,0
2026-05-15 09:15:00+00:00,4570.78,4578.08,4570.07,4574.91,5503,30,0
2026-05-15 09:30:00+00:00,4574.97,4580.28,4566.77,4567.46,4859,30,0
2026-05-15 09:45:00+00:00,4567.42,4574.06,4564.2,4569.55,4971,49,0
2026-05-15 10:00:00+00:00,4569.69,4585.87,4565.8,4585.68,5438,30,0
2026-05-15 10:15:00+00:00,4585.7,4588.44,4578.93,4581.6,4416,30,0
2026-05-15 10:30:00+00:00,4581.61,4582.32,4574.64,4577.45,3568,49,0
2026-05-15 10:45:00+00:00,4577.43,4578.38,4568.21,4570.64,3510,30,0
2026-05-15 11:00:00+00:00,4570.9,4571.78,4557.17,4565.16,4939,30,0
2026-05-15 11:15:00+00:00,4565.13,4565.48,4552.67,4558.15,4936,30,0
2026-05-15 11:30:00+00:00,4558.05,4562.39,4549.99,4562.24,5100,30,0
2026-05-15 11:45:00+00:00,4562.22,4563.41,4552.54,4554.18,3842,49,0
2026-05-15 12:00:00+00:00,4554.1,4563.61,4545.82,4547.08,4891,30,0
2026-05-15 12:15:00+00:00,4547.02,4554.34,4539.18,4553.27,4675,49,0
2026-05-15 12:30:00+00:00,4553.23,4555.5,4542.61,4543.45,4013,49,0
2026-05-15 12:45:00+00:00,4543.44,4546.79,4531.8,4545.61,4965,49,0
2026-05-15 13:00:00+00:00,4545.66,4562.56,4543.94,4560.83,4645,49,0
2026-05-15 13:15:00+00:00,4560.89,4563.11,4551.57,4551.64,4026,44,0
2026-05-15 13:30:00+00:00,4551.6,4556.7,4549.44,4555.09,3545,41,0
2026-05-15 13:45:00+00:00,4555.06,4572.33,4554.09,4565.83,5577,41,0
2026-05-15 14:00:00+00:00,4565.76,4570.1,4560.74,4566.12,4746,45,0
2026-05-15 14:15:00+00:00,4566.23,4568.46,4558.81,4562.18,3437,48,0
2026-05-15 14:30:00+00:00,4562.07,4562.35,4550.77,4551.28,3472,40,0
2026-05-15 14:45:00+00:00,4551.21,4558.62,4549.68,4551.83,3718,47,0
2026-05-15 15:00:00+00:00,4551.63,4555.13,4545.0,4545.43,4342,45,0
2026-05-15 15:15:00+00:00,4545.44,4558.58,4544.8,4554.99,4691,34,0
2026-05-15 15:30:00+00:00,4554.9,4554.9,4543.5,4545.53,4565,40,0
2026-05-15 15:45:00+00:00,4545.24,4555.48,4543.59,4545.82,4098,31,0
2026-05-15 16:00:00+00:00,4545.77,4549.58,4536.17,4546.51,5852,32,0
2026-05-15 16:15:00+00:00,4546.55,4557.41,4540.59,4548.73,5294,30,0
2026-05-15 16:30:00+00:00,4548.59,4551.03,4519.88,4519.9,7467,41,0
2026-05-15 16:45:00+00:00,4519.85,4541.81,4511.57,4533.36,7308,45,0
2026-05-15 17:00:00+00:00,4533.05,4550.31,4525.29,4542.98,6985,44,0
2026-05-15 17:15:00+00:00,4543.02,4562.62,4540.36,4555.44,7049,41,0
2026-05-15 17:30:00+00:00,4555.46,4560.14,4550.53,4556.75,6371,45,0
2026-05-15 17:45:00+00:00,4556.76,4566.38,4545.92,4562.58,6260,45,0
2026-05-15 18:00:00+00:00,4562.71,4563.45,4550.64,4552.25,5713,39,0
2026-05-15 18:15:00+00:00,4552.2,4553.72,4542.79,4547.01,5222,30,0
2026-05-15 18:30:00+00:00,4547.05,4550.22,4539.78,4541.29,5560,40,0
2026-05-15 18:45:00+00:00,4541.2,4543.35,4533.65,4539.69,5179,30,0
2026-05-15 19:00:00+00:00,4539.8,4542.23,4529.19,4532.45,5078,44,0
2026-05-15 19:15:00+00:00,4532.43,4542.19,4531.21,4540.74,4851,32,0
2026-05-15 19:30:00+00:00,4540.98,4547.53,4539.94,4547.03,4874,30,0
2026-05-15 19:45:00+00:00,4547.05,4547.89,4541.78,4544.2,4241,49,0
2026-05-15 20:00:00+00:00,4544.23,4557.92,4543.04,4556.93,5001,34,0
2026-05-15 20:15:00+00:00,4557.08,4564.33,4554.36,4557.61,4920,47,0
2026-05-15 20:30:00+00:00,4557.53,4563.47,4557.53,4560.67,3496,44,0
2026-05-15 20:45:00+00:00,4560.68,4562.43,4557.08,4559.36,3051,49,0
2026-05-15 21:00:00+00:00,4559.46,4561.75,4555.95,4561.54,3269,49,0
2026-05-15 21:15:00+00:00,4561.58,4562.84,4552.79,4557.96,4403,42,0
2026-05-15 21:30:00+00:00,4558.29,4558.73,4552.18,4557.43,3941,49,0
2026-05-15 21:45:00+00:00,4557.46,4562.66,4556.48,4559.13,2906,30,0
2026-05-15 22:00:00+00:00,4559.12,4560.04,4549.28,4550.27,3886,35,0
2026-05-15 22:15:00+00:00,4550.26,4552.57,4548.35,4550.03,2844,30,0
2026-05-15 22:30:00+00:00,4550.04,4555.1,4549.51,4553.35,3140,49,0
2026-05-15 22:45:00+00:00,4553.34,4554.24,4544.85,4545.68,4152,37,0
2026-05-15 23:00:00+00:00,4545.73,4546.21,4536.04,4538.11,2875,49,0
2026-05-15 23:15:00+00:00,4538.1,4539.03,4533.0,4538.94,2450,51,0
2026-05-15 23:30:00+00:00,4538.94,4543.62,4538.74,4539.81,2041,54,0
2026-05-15 23:45:00+00:00,4539.88,4540.93,4536.02,4539.56,1590,47,0
2026-05-18 01:00:00+00:00,4529.44,4554.34,4526.8,4547.61,2211,97,0
2026-05-18 01:15:00+00:00,4547.61,4549.41,4537.38,4540.51,1831,94,0
2026-05-18 01:30:00+00:00,4540.54,4553.66,4540.54,4549.82,2697,51,0
2026-05-18 01:45:00+00:00,4549.69,4554.36,4543.61,4546.0,2300,52,0
2026-05-18 02:00:00+00:00,4545.95,4547.88,4539.41,4541.52,2599,42,0
2026-05-18 02:15:00+00:00,4541.4,4544.12,4537.71,4537.81,2546,51,0
2026-05-18 02:30:00+00:00,4537.8,4541.33,4532.33,4538.97,3516,49,0
2026-05-18 02:45:00+00:00,4538.91,4543.99,4531.89,4536.92,4042,49,0
2026-05-18 03:00:00+00:00,4536.98,4542.5,4522.86,4526.15,6435,47,0
2026-05-18 03:15:00+00:00,4526.16,4533.49,4514.48,4515.65,5811,42,0
2026-05-18 03:30:00+00:00,4515.49,4518.78,4480.28,4481.41,6523,30,0
2026-05-18 03:45:00+00:00,4481.34,4516.43,4480.17,4515.82,6601,30,0
2026-05-18 04:00:00+00:00,4514.66,4516.0,4489.33,4495.85,7394,40,0
2026-05-18 04:15:00+00:00,4495.67,4509.84,4492.79,4503.82,6648,39,0
2026-05-18 04:30:00+00:00,4504.27,4513.45,4499.67,4512.42,6332,48,0
2026-05-18 04:45:00+00:00,4512.38,4535.36,4510.81,4525.33,6350,37,0
2026-05-18 05:00:00+00:00,4525.07,4538.31,4521.88,4536.53,5527,49,0
2026-05-18 05:15:00+00:00,4536.7,4540.54,4531.74,4533.41,4037,30,0
2026-05-18 05:30:00+00:00,4533.25,4540.98,4529.35,4536.12,3967,48,0
2026-05-18 05:45:00+00:00,4535.93,4542.71,4530.26,4533.49,4174,51,0
2026-05-18 06:00:00+00:00,4533.52,4535.63,4526.56,4529.4,3937,49,0
2026-05-18 06:15:00+00:00,4529.42,4538.23,4528.13,4535.81,4141,51,0
2026-05-18 06:30:00+00:00,4535.78,4547.79,4525.03,4545.63,4841,30,0
2026-05-18 06:45:00+00:00,4545.38,4547.67,4539.2,4541.07,3916,33,0
2026-05-18 07:00:00+00:00,4541.03,4549.73,4540.78,4544.18,3628,30,0
2026-05-18 07:15:00+00:00,4544.19,4546.91,4529.9,4532.47,4123,50,0
2026-05-18 07:30:00+00:00,4532.48,4544.12,4531.95,4541.57,3344,36,0
2026-05-18 07:45:00+00:00,4541.59,4545.52,4535.0,4540.56,3302,50,0
2026-05-18 08:00:00+00:00,4540.55,4542.69,4532.8,4538.04,3994,50,0
2026-05-18 08:15:00+00:00,4538.09,4550.46,4534.72,4548.6,4190,49,0
2026-05-18 08:30:00+00:00,4548.68,4552.06,4538.21,4539.4,5399,47,0
2026-05-18 08:45:00+00:00,4539.35,4542.82,4529.84,4530.69,4126,34,0
2026-05-18 09:00:00+00:00,4530.44,4540.26,4529.59,4537.23,4718,49,0
2026-05-18 09:15:00+00:00,4537.03,4547.93,4534.3,4537.35,4659,45,0
2026-05-18 09:30:00+00:00,4537.36,4546.96,4534.43,4540.55,4556,30,0
2026-05-18 09:45:00+00:00,4540.47,4547.45,4538.42,4546.53,4213,39,0
2026-05-18 10:00:00+00:00,4546.51,4549.21,4541.93,4543.45,3940,40,0
2026-05-18 10:15:00+00:00,4543.35,4551.1,4538.07,4550.45,3965,43,0
2026-05-18 10:30:00+00:00,4550.38,4559.77,4547.7,4548.9,4929,30,0
2026-05-18 10:45:00+00:00,4548.89,4551.56,4539.93,4546.06,4171,39,0
2026-05-18 11:00:00+00:00,4546.15,4548.73,4542.32,4546.49,3726,34,0
2026-05-18 11:15:00+00:00,4546.48,4551.34,4542.67,4547.78,3262,41,0
2026-05-18 11:30:00+00:00,4547.9,4553.01,4545.71,4547.93,3364,32,0
2026-05-18 11:45:00+00:00,4548.0,4556.86,4548.0,4549.82,3300,45,0
2026-05-18 12:00:00+00:00,4549.68,4551.87,4541.06,4546.12,3244,30,0
2026-05-18 12:15:00+00:00,4546.14,4548.76,4544.39,4544.84,2613,45,0
2026-05-18 12:30:00+00:00,4544.72,4546.31,4540.41,4542.79,3396,37,0
2026-05-18 12:45:00+00:00,4542.75,4544.45,4540.13,4542.83,2920,40,0
2026-05-18 13:00:00+00:00,4542.82,4544.9,4535.56,4538.89,3439,30,0
2026-05-18 13:15:00+00:00,4538.9,4542.33,4537.95,4539.47,2723,45,0
2026-05-18 13:30:00+00:00,4539.53,4543.86,4531.99,4543.59,3539,32,0
2026-05-18 13:45:00+00:00,4543.56,4547.58,4536.61,4540.16,2956,30,0
2026-05-18 14:00:00+00:00,4540.16,4541.64,4529.81,4539.36,3658,30,0
2026-05-18 14:15:00+00:00,4539.3,4540.03,4531.69,4535.81,3186,41,0
2026-05-18 14:30:00+00:00,4535.78,4567.03,4535.36,4561.89,6128,30,0
2026-05-18 14:45:00+00:00,4562.09,4564.34,4549.3,4550.45,5098,39,0
2026-05-18 15:00:00+00:00,4550.54,4556.44,4547.33,4553.25,4212,31,0
2026-05-18 15:15:00+00:00,4553.24,4554.98,4545.09,4550.54,4336,30,0
2026-05-18 15:30:00+00:00,4550.48,4569.71,4549.98,4569.53,5576,30,0
2026-05-18 15:45:00+00:00,4569.41,4574.64,4562.37,4571.15,5675,39,0
2026-05-18 16:00:00+00:00,4571.17,4576.67,4561.63,4567.47,5784,36,0
2026-05-18 16:15:00+00:00,4567.45,4576.14,4563.78,4571.83,4136,30,0
2026-05-18 16:30:00+00:00,4571.82,4579.76,4564.66,4566.19,6711,30,0
2026-05-18 16:45:00+00:00,4566.25,4584.05,4563.66,4575.51,6695,38,0
2026-05-18 17:00:00+00:00,4575.58,4575.58,4559.75,4564.11,6584,31,0
2026-05-18 17:15:00+00:00,4564.12,4568.75,4554.78,4561.48,6212,37,0
2026-05-18 17:30:00+00:00,4561.41,4562.83,4538.43,4547.5,6929,30,0
2026-05-18 17:45:00+00:00,4547.41,4548.29,4537.56,4546.34,6068,39,0
2026-05-18 18:00:00+00:00,4546.65,4547.77,4531.57,4540.36,6458,30,0
2026-05-18 18:15:00+00:00,4540.22,4542.54,4534.21,4534.48,5290,30,0
2026-05-18 18:30:00+00:00,4534.42,4544.23,4533.73,4538.4,4941,33,0
2026-05-18 18:45:00+00:00,4538.42,4546.71,4537.78,4543.38,4750,44,0
2026-05-18 19:00:00+00:00,4543.48,4548.76,4539.99,4548.43,4644,30,0
2026-05-18 19:15:00+00:00,4548.49,4550.53,4533.67,4536.91,5189,31,0
2026-05-18 19:30:00+00:00,4536.95,4544.78,4534.19,4543.2,5247,37,0
2026-05-18 19:45:00+00:00,4543.19,4554.38,4542.7,4550.05,4466,30,0
2026-05-18 20:00:00+00:00,4549.76,4558.1,4547.74,4553.08,4369,30,0
2026-05-18 20:15:00+00:00,4553.05,4555.45,4551.68,4553.84,3644,36,0
2026-05-18 20:30:00+00:00,4553.65,4553.98,4547.06,4548.02,3814,41,0
2026-05-18 20:45:00+00:00,4548.04,4549.5,4545.45,4546.77,2991,32,0
2026-05-18 21:00:00+00:00,4546.74,4547.62,4543.63,4545.07,3464,30,0
2026-05-18 21:15:00+00:00,4545.11,4545.26,4536.57,4541.8,4385,30,0
2026-05-18 21:30:00+00:00,4541.74,4543.84,4538.79,4541.38,3435,37,0
2026-05-18 21:45:00+00:00,4541.36,4543.12,4534.09,4535.61,3347,44,0
2026-05-18 22:00:00+00:00,4535.81,4564.78,4535.11,4554.31,6625,30,0
2026-05-18 22:15:00+00:00,4554.32,4555.53,4546.44,4551.38,4464,39,0
2026-05-18 22:30:00+00:00,4551.49,4561.15,4550.01,4558.03,4332,30,0
2026-05-18 22:45:00+00:00,4557.99,4562.82,4557.23,4558.27,4525,41,0
2026-05-18 23:00:00+00:00,4558.55,4562.78,4557.65,4562.07,1870,39,0
2026-05-18 23:15:00+00:00,4562.08,4566.5,4561.96,4563.1,1803,41,0
2026-05-18 23:30:00+00:00,4563.1,4564.88,4561.45,4564.34,1510,40,0
2026-05-18 23:45:00+00:00,4564.37,4566.42,4562.23,4565.97,1322,35,0
2026-05-19 01:00:00+00:00,4568.23,4573.35,4567.03,4573.14,1410,53,0
2026-05-19 01:15:00+00:00,4573.08,4574.39,4570.92,4572.72,1944,52,0
2026-05-19 01:30:00+00:00,4572.77,4578.14,4571.44,4576.42,2042,52,0
2026-05-19 01:45:00+00:00,4576.43,4576.74,4572.35,4573.74,1459,52,0
2026-05-19 02:00:00+00:00,4573.71,4586.6,4573.6,4585.43,2564,49,0
2026-05-19 02:15:00+00:00,4585.45,4588.76,4583.19,4585.65,1878,50,0
2026-05-19 02:30:00+00:00,4585.61,4587.68,4582.58,4585.27,1564,52,0
2026-05-19 02:45:00+00:00,4585.29,4586.51,4578.97,4581.68,2198,49,0
2026-05-19 03:00:00+00:00,4581.9,4589.03,4576.45,4578.74,4609,36,0
2026-05-19 03:15:00+00:00,4578.76,4585.67,4568.68,4573.49,4022,51,0
2026-05-19 03:30:00+00:00,4573.55,4575.97,4567.98,4570.65,4250,49,0
2026-05-19 03:45:00+00:00,4570.59,4572.46,4561.12,4563.03,4394,50,0
2026-05-19 04:00:00+00:00,4562.76,4569.15,4557.53,4565.64,5615,35,0
2026-05-19 04:15:00+00:00,4565.69,4568.31,4554.0,4559.0,4585,49,0
2026-05-19 04:30:00+00:00,4559.03,4572.24,4555.1,4570.57,4599,50,0
2026-05-19 04:45:00+00:00,4570.63,4571.66,4561.3,4563.6,4928,47,0
2026-05-19 05:00:00+00:00,4563.59,4563.59,4552.9,4554.44,5443,35,0
2026-05-19 05:15:00+00:00,4554.42,4561.91,4551.4,4559.47,3552,45,0
2026-05-19 05:30:00+00:00,4559.42,4559.56,4550.9,4555.96,3904,49,0
2026-05-19 05:45:00+00:00,4556.18,4557.9,4545.93,4546.98,3116,49,0
2026-05-19 06:00:00+00:00,4546.76,4552.55,4543.4,4551.64,3917,49,0
2026-05-19 06:15:00+00:00,4551.68,4552.87,4546.72,4548.99,2277,30,0
2026-05-19 06:30:00+00:00,4549.01,4554.92,4546.83,4547.6,3038,46,0
2026-05-19 06:45:00+00:00,4547.48,4549.28,4544.17,4544.81,2708,30,0
2026-05-19 07:00:00+00:00,4544.85,4545.54,4538.59,4540.04,2878,40,0
2026-05-19 07:15:00+00:00,4540.08,4542.96,4538.11,4540.2,2913,51,0
2026-05-19 07:30:00+00:00,4540.14,4542.13,4537.83,4539.57,2238,49,0
2026-05-19 07:45:00+00:00,4539.58,4543.63,4539.58,4542.32,2138,51,0
2026-05-19 08:00:00+00:00,4542.35,4546.38,4540.03,4544.6,2701,51,0
2026-05-19 08:15:00+00:00,4544.61,4545.18,4530.77,4538.38,3429,45,0
2026-05-19 08:30:00+00:00,4538.59,4544.02,4532.91,4538.35,4665,50,0
2026-05-19 08:45:00+00:00,4538.38,4543.31,4532.83,4540.73,4699,42,0
2026-05-19 09:00:00+00:00,4540.94,4545.69,4533.41,4541.84,4492,43,0
2026-05-19 09:15:00+00:00,4541.87,4553.7,4540.83,4547.52,4523,30,0
2026-05-19 09:30:00+00:00,4547.48,4552.63,4544.91,4552.04,3835,30,0
2026-05-19 09:45:00+00:00,4552.11,4552.4,4542.92,4547.91,3415,43,0
2026-05-19 10:00:00+00:00,4547.85,4555.13,4544.02,4548.51,3857,30,0
2026-05-19 10:15:00+00:00,4548.53,4549.94,4542.93,4548.13,3280,45,0
2026-05-19 10:30:00+00:00,4548.14,4549.05,4541.26,4542.01,3323,40,0
2026-05-19 10:45:00+00:00,4542.02,4559.17,4541.94,4557.07,4004,38,0
2026-05-19 11:00:00+00:00,4557.25,4558.97,4542.35,4546.28,3841,41,0
2026-05-19 11:15:00+00:00,4546.31,4547.97,4536.15,4538.19,3723,31,0
2026-05-19 11:30:00+00:00,4538.23,4544.84,4536.76,4543.05,2922,30,0
2026-05-19 11:45:00+00:00,4543.03,4548.54,4538.16,4542.62,2849,30,0
2026-05-19 12:00:00+00:00,4542.55,4542.55,4536.78,4539.46,3053,44,0
2026-05-19 12:15:00+00:00,4539.33,4546.62,4535.92,4540.46,3434,30,0
2026-05-19 12:30:00+00:00,4540.51,4542.99,4536.59,4539.41,3742,34,0
2026-05-19 12:45:00+00:00,4539.4,4544.56,4538.25,4541.63,2821,34,0
2026-05-19 13:00:00+00:00,4541.64,4542.22,4535.87,4541.35,2708,32,0
2026-05-19 13:15:00+00:00,4541.37,4541.76,4538.24,4539.73,2157,30,0
2026-05-19 13:30:00+00:00,4539.81,4542.89,4525.36,4529.05,3878,32,0
2026-05-19 13:45:00+00:00,4528.94,4544.52,4527.58,4544.52,4232,34,0
2026-05-19 14:00:00+00:00,4544.47,4547.8,4535.79,4536.58,3762,33,0
2026-05-19 14:15:00+00:00,4536.56,4542.03,4535.61,4539.17,2988,43,0
2026-05-19 14:30:00+00:00,4539.1,4542.97,4536.71,4541.84,2925,40,0
2026-05-19 14:45:00+00:00,4541.81,4542.13,4529.73,4530.62,3397,49,0
2026-05-19 15:00:00+00:00,4530.54,4546.49,4527.28,4542.12,3929,30,0
2026-05-19 15:15:00+00:00,4542.14,4544.09,4536.55,4543.3,3382,46,0
2026-05-19 15:30:00+00:00,4543.12,4546.94,4536.56,4537.19,3921,30,0
2026-05-19 15:45:00+00:00,4537.08,4541.44,4535.48,4536.97,3230,34,0
2026-05-19 16:00:00+00:00,4537.03,4537.23,4514.69,4524.3,5845,30,0
2026-05-19 16:15:00+00:00,4524.28,4526.01,4490.85,4491.91,6548,30,0
2026-05-19 16:30:00+00:00,4492.22,4495.51,4464.39,4476.03,8082,30,0
2026-05-19 16:45:00+00:00,4476.17,4511.16,4474.02,4504.36,7426,30,0
2026-05-19 17:00:00+00:00,4504.27,4514.07,4492.08,4492.54,7244,47,0
2026-05-19 17:15:00+00:00,4492.52,4500.69,4484.35,4489.89,7012,30,0
2026-05-19 17:30:00+00:00,4489.93,4498.53,4487.26,4494.5,6626,30,0
2026-05-19 17:45:00+00:00,4494.48,4496.52,4486.08,4493.93,5931,30,0
2026-05-19 18:00:00+00:00,4493.92,4499.75,4489.72,4498.81,5595,40,0
2026-05-19 18:15:00+00:00,4498.88,4504.92,4493.74,4498.69,5041,37,0
2026-05-19 18:30:00+00:00,4498.51,4507.48,4497.78,4501.96,5216,39,0
2026-05-19 18:45:00+00:00,4502.05,4509.1,4500.09,4508.22,4147,43,0
2026-05-19 19:00:00+00:00,4508.43,4509.91,4496.07,4500.73,4245,39,0
2026-05-19 19:15:00+00:00,4500.72,4511.83,4498.61,4508.53,3836,30,0
2026-05-19 19:30:00+00:00,4508.32,4512.23,4505.45,4505.77,3964,39,0
2026-05-19 19:45:00+00:00,4505.79,4509.1,4504.46,4507.5,3136,37,0
2026-05-19 20:00:00+00:00,4507.42,4510.59,4505.69,4510.15,3414,36,0
2026-05-19 20:15:00+00:00,4510.21,4510.88,4503.24,4506.8,3261,43,0
2026-05-19 20:30:00+00:00,4506.81,4508.17,4502.59,4504.3,3453,35,0
2026-05-19 20:45:00+00:00,4504.33,4504.67,4498.98,4500.64,3058,33,0
2026-05-19 21:00:00+00:00,4500.7,4503.5,4499.59,4500.77,2967,41,0
2026-05-19 21:15:00+00:00,4500.7,4501.82,4495.39,4495.87,3663,43,0
2026-05-19 21:30:00+00:00,4495.87,4500.66,4493.14,4498.91,3375,39,0
2026-05-19 21:45:00+00:00,4498.87,4499.81,4490.16,4493.44,3476,40,0
2026-05-19 22:00:00+00:00,4493.34,4497.42,4492.98,4496.81,3355,39,0
2026-05-19 22:15:00+00:00,4496.82,4497.16,4485.48,4486.95,3567,42,0
2026-05-19 22:30:00+00:00,4486.96,4489.7,4485.74,4488.16,3225,46,0
2026-05-19 22:45:00+00:00,4488.02,4488.67,4481.1,4483.21,3751,30,0
2026-05-19 23:00:00+00:00,4483.23,4486.95,4480.76,4485.39,2299,42,0
2026-05-19 23:15:00+00:00,4485.34,4488.0,4483.27,4486.02,1520,40,0
2026-05-19 23:30:00+00:00,4486.07,4486.19,4481.87,4483.29,1368,39,0
2026-05-19 23:45:00+00:00,4483.27,4484.1,4481.52,4481.88,1270,39,0
2026-05-20 01:00:00+00:00,4481.99,4485.53,4480.18,4482.63,1056,53,0
2026-05-20 01:15:00+00:00,4482.67,4482.73,4477.82,4479.2,1721,52,0
2026-05-20 01:30:00+00:00,4479.24,4485.59,4477.16,4481.83,2907,45,0
2026-05-20 01:45:00+00:00,4481.77,4484.45,4479.16,4484.12,2871,52,0
2026-05-20 02:00:00+00:00,4484.07,4486.49,4479.72,4486.03,1651,52,0
2026-05-20 02:15:00+00:00,4485.9,4488.59,4483.17,4486.08,1594,52,0
2026-05-20 02:30:00+00:00,4486.03,4496.13,4485.53,4492.16,2344,52,0
2026-05-20 02:45:00+00:00,4491.8,4494.4,4488.05,4489.11,2061,49,0
2026-05-20 03:00:00+00:00,4488.93,4490.31,4479.56,4488.37,3902,49,0
2026-05-20 03:15:00+00:00,4488.41,4501.94,4481.03,4501.81,4863,49,0
2026-05-20 03:30:00+00:00,4501.72,4507.21,4499.65,4505.04,5067,50,0
2026-05-20 03:45:00+00:00,4505.06,4508.68,4497.98,4500.78,4304,51,0
2026-05-20 04:00:00+00:00,4500.85,4506.13,4487.78,4492.28,5986,50,0
2026-05-20 04:15:00+00:00,4492.37,4496.47,4472.65,4473.5,4607,44,0
2026-05-20 04:30:00+00:00,4473.51,4476.82,4456.0,4466.56,5879,45,0
2026-05-20 04:45:00+00:00,4466.68,4488.4,4462.98,4481.17,5390,30,0
2026-05-20 05:00:00+00:00,4481.28,4486.86,4476.01,4481.14,4604,30,0
2026-05-20 05:15:00+00:00,4481.19,4486.88,4476.36,4481.3,3814,46,0
2026-05-20 05:30:00+00:00,4481.33,4483.28,4460.53,4460.53,5259,51,0
2026-05-20 05:45:00+00:00,4460.54,4465.94,4458.33,4465.1,4815,50,0
2026-05-20 06:00:00+00:00,4465.12,4467.22,4453.46,4457.72,4268,43,0
2026-05-20 06:15:00+00:00,4457.77,4464.15,4457.06,4460.79,3045,50,0
2026-05-20 06:30:00+00:00,4460.46,4465.93,4457.46,4460.41,3455,43,0
2026-05-20 06:45:00+00:00,4460.78,4465.03,4458.04,4463.62,2340,44,0
2026-05-20 07:00:00+00:00,4463.6,4469.96,4463.2,4469.08,2517,49,0
2026-05-20 07:15:00+00:00,4469.1,4470.52,4462.21,4465.12,3118,34,0
2026-05-20 07:30:00+00:00,4465.07,4465.78,4460.53,4463.0,3103,50,0
2026-05-20 07:45:00+00:00,4463.06,4463.07,4456.53,4461.91,2413,50,0
2026-05-20 08:00:00+00:00,4461.83,4472.78,4461.49,4469.21,2912,51,0
2026-05-20 08:15:00+00:00,4469.17,4475.15,4466.89,4468.18,3304,49,0
2026-05-20 08:30:00+00:00,4468.22,4478.89,4467.74,4472.22,4784,38,0
2026-05-20 08:45:00+00:00,4472.16,4475.09,4463.13,4472.68,4220,49,0
2026-05-20 09:00:00+00:00,4472.37,4477.43,4467.4,4471.78,4296,48,0
2026-05-20 09:15:00+00:00,4472.0,4478.15,4467.73,4471.79,4652,42,0
2026-05-20 09:30:00+00:00,4471.9,4472.36,4461.34,4466.89,4213,43,0
2026-05-20 09:45:00+00:00,4466.87,4478.27,4465.21,4474.2,4180,34,0
2026-05-20 10:00:00+00:00,4474.13,4485.01,4471.87,4481.1,4091,30,0
2026-05-20 10:15:00+00:00,4481.14,4483.94,4476.32,4482.47,3332,32,0
2026-05-20 10:30:00+00:00,4482.49,4485.75,4475.87,4481.28,3472,36,0
2026-05-20 10:45:00+00:00,4481.25,4481.84,4474.97,4478.41,3004,36,0
2026-05-20 11:00:00+00:00,4478.51,4483.97,4476.65,4482.23,3745,32,0
2026-05-20 11:15:00+00:00,4482.22,4486.27,4478.14,4485.96,3684,49,0
2026-05-20 11:30:00+00:00,4486.32,4489.21,4476.63,4479.13,3659,43,0
2026-05-20 11:45:00+00:00,4479.16,4489.95,4479.0,4483.95,3662,36,0
2026-05-20 12:00:00+00:00,4483.94,4486.03,4479.59,4480.08,2977,30,0
2026-05-20 12:15:00+00:00,4480.02,4483.49,4472.6,4473.97,2876,44,0
2026-05-20 12:30:00+00:00,4474.0,4484.63,4472.65,4483.01,3123,50,0
2026-05-20 12:45:00+00:00,4483.09,4490.83,4481.64,4484.8,2641,45,0
2026-05-20 13:00:00+00:00,4484.69,4492.1,4484.61,4487.88,2454,45,0
2026-05-20 13:15:00+00:00,4487.88,4492.37,4487.07,4488.78,2301,45,0
2026-05-20 13:30:00+00:00,4488.88,4496.9,4488.43,4494.14,2879,45,0
2026-05-20 13:45:00+00:00,4494.16,4495.56,4490.22,4494.49,2678,45,0
2026-05-20 14:00:00+00:00,4494.46,4496.49,4492.58,4492.93,2624,45,0
2026-05-20 14:15:00+00:00,4492.86,4500.98,4491.01,4499.87,2418,51,0
2026-05-20 14:30:00+00:00,4499.86,4500.15,4493.29,4495.04,2636,51,0
2026-05-20 14:45:00+00:00,4494.95,4499.37,4490.77,4498.98,3304,48,0
2026-05-20 15:00:00+00:00,4498.95,4501.04,4495.66,4496.41,3521,46,0
2026-05-20 15:15:00+00:00,4496.43,4499.44,4492.81,4499.44,3869,45,0
2026-05-20 15:30:00+00:00,4499.55,4504.5,4499.16,4502.68,4128,51,0
2026-05-20 15:45:00+00:00,4502.83,4505.18,4493.74,4496.04,3516,45,0
2026-05-20 16:00:00+00:00,4496.03,4505.95,4493.74,4505.0,5544,45,0
2026-05-20 16:15:00+00:00,4505.02,4505.1,4489.17,4489.17,4966,45,0
2026-05-20 16:30:00+00:00,4489.32,4492.9,4482.9,4489.89,6864,45,0
2026-05-20 16:45:00+00:00,4489.47,4491.9,4481.84,4482.93,6305,45,0
2026-05-20 17:00:00+00:00,4483.34,4484.98,4466.91,4476.8,6686,45,0
2026-05-20 17:15:00+00:00,4476.84,4510.58,4476.42,4506.74,8236,45,0
2026-05-20 17:30:00+00:00,4506.76,4528.47,4506.76,4520.4,7956,45,0
2026-05-20 17:45:00+00:00,4520.64,4537.0,4516.4,4531.13,7155,45,0
2026-05-20 18:00:00+00:00,4531.1,4535.55,4523.0,4524.37,6107,45,0
2026-05-20 18:15:00+00:00,4524.39,4552.64,4524.25,4529.31,7710,45,0
2026-05-20 18:30:00+00:00,4529.28,4539.25,4527.38,4536.67,5855,45,0
2026-05-20 18:45:00+00:00,4536.72,4537.64,4527.06,4528.95,5228,45,0
2026-05-20 19:00:00+00:00,4529.02,4535.12,4528.19,4533.46,4432,51,0
2026-05-20 19:15:00+00:00,4533.54,4533.54,4523.85,4525.77,5245,45,0
2026-05-20 19:30:00+00:00,4525.85,4533.62,4523.93,4533.62,4886,46,0
2026-05-20 19:45:00+00:00,4533.56,4535.27,4529.91,4534.13,4794,45,0
2026-05-20 20:00:00+00:00,4534.29,4537.96,4530.94,4534.22,4345,45,0
2026-05-20 20:15:00+00:00,4534.18,4536.64,4530.7,4532.23,4174,45,0
2026-05-20 20:30:00+00:00,4532.23,4536.36,4529.67,4532.92,3843,45,0
2026-05-20 20:45:00+00:00,4532.88,4535.11,4530.04,4531.36,3045,46,0
2026-05-20 21:00:00+00:00,4531.4,4533.83,4529.33,4532.7,3393,45,0
2026-05-20 21:15:00+00:00,4532.72,4536.52,4531.7,4534.87,4073,45,0
2026-05-20 21:30:00+00:00,4534.86,4543.26,4534.86,4536.77,3541,45,0
2026-05-20 21:45:00+00:00,4536.93,4544.87,4536.63,4542.16,3390,46,0
2026-05-20 22:00:00+00:00,4542.19,4545.09,4541.58,4543.73,2828,45,0
2026-05-20 22:15:00+00:00,4543.7,4545.84,4543.13,4544.88,2830,45,0
2026-05-20 22:30:00+00:00,4544.89,4550.11,4544.89,4546.26,3098,45,0
2026-05-20 22:45:00+00:00,4546.27,4548.32,4545.22,4545.47,3820,45,0
2026-05-20 23:00:00+00:00,4545.44,4550.19,4545.23,4546.55,2302,45,0
2026-05-20 23:15:00+00:00,4546.57,4548.16,4543.0,4545.48,3162,45,0
2026-05-20 23:30:00+00:00,4545.52,4546.18,4542.48,4543.28,2273,51,0
2026-05-20 23:45:00+00:00,4543.22,4544.48,4541.8,4543.49,1658,49,0
2026-05-21 01:00:00+00:00,4544.77,4548.67,4538.57,4539.92,2724,55,0
2026-05-21 01:15:00+00:00,4539.91,4540.31,4535.1,4538.76,2463,45,0
2026-05-21 01:30:00+00:00,4538.78,4543.31,4538.64,4542.13,2262,53,0
2026-05-21 01:45:00+00:00,4542.1,4544.51,4537.14,4539.64,2719,53,0
2026-05-21 02:00:00+00:00,4539.66,4542.92,4537.84,4539.78,1501,54,0
2026-05-21 02:15:00+00:00,4539.74,4540.45,4534.44,4538.27,1764,52,0
2026-05-21 02:30:00+00:00,4538.36,4545.15,4537.7,4542.81,1569,54,0
2026-05-21 02:45:00+00:00,4542.77,4546.69,4541.67,4546.3,2714,50,0
2026-05-21 03:00:00+00:00,4546.36,4548.39,4540.03,4544.69,4866,48,0
2026-05-21 03:15:00+00:00,4544.67,4553.08,4537.23,4543.56,3923,46,0
2026-05-21 03:30:00+00:00,4543.53,4544.86,4539.57,4543.57,2195,54,0
2026-05-21 03:45:00+00:00,4543.52,4548.56,4541.89,4545.11,2672,51,0
2026-05-21 04:00:00+00:00,4545.1,4559.85,4539.65,4559.67,5364,51,0
2026-05-21 04:15:00+00:00,4559.71,4567.5,4557.27,4566.8,4401,45,0
2026-05-21 04:30:00+00:00,4566.72,4570.65,4561.42,4567.58,4067,53,0
2026-05-21 04:45:00+00:00,4567.54,4568.09,4558.81,4560.82,4034,45,0
2026-05-21 05:00:00+00:00,4560.92,4564.7,4550.56,4551.61,4151,54,0
2026-05-21 05:15:00+00:00,4551.58,4552.99,4539.44,4540.15,3304,54,0
2026-05-21 05:30:00+00:00,4540.05,4542.15,4533.8,4536.17,3968,53,0
2026-05-21 05:45:00+00:00,4536.06,4537.2,4531.27,4533.01,4798,53,0
2026-05-21 06:00:00+00:00,4532.83,4538.82,4531.45,4537.76,3024,51,0
2026-05-21 06:15:00+00:00,4537.78,4540.08,4532.85,4535.6,2201,54,0
2026-05-21 06:30:00+00:00,4535.46,4537.06,4531.59,4533.84,2212,51,0
2026-05-21 06:45:00+00:00,4533.85,4534.21,4527.1,4528.07,3023,51,0
2026-05-21 07:00:00+00:00,4528.05,4536.42,4527.14,4535.95,1555,45,0
2026-05-21 07:15:00+00:00,4536.09,4539.93,4534.24,4539.65,1940,53,0
2026-05-21 07:30:00+00:00,4539.64,4540.24,4533.65,4537.03,1913,54,0
2026-05-21 07:45:00+00:00,4537.05,4539.14,4535.28,4538.27,2034,55,0
2026-05-21 08:00:00+00:00,4538.28,4540.12,4529.59,4530.53,2805,49,0
2026-05-21 08:15:00+00:00,4530.54,4530.92,4521.36,4522.81,3514,52,0
2026-05-21 08:30:00+00:00,4522.92,4527.0,4518.22,4525.85,3868,51,0
2026-05-21 08:45:00+00:00,4525.84,4529.8,4518.31,4527.67,4036,51,0
2026-05-21 09:00:00+00:00,4527.57,4535.26,4526.43,4531.37,4490,51,0
2026-05-21 09:15:00+00:00,4531.35,4539.62,4528.52,4532.94,4682,45,0
2026-05-21 09:30:00+00:00,4532.95,4534.9,4522.85,4524.77,4508,51,0
2026-05-21 09:45:00+00:00,4524.64,4526.2,4518.75,4521.39,5041,47,0
2026-05-21 10:00:00+00:00,4521.42,4524.24,4518.12,4520.4,4877,45,0
2026-05-21 10:15:00+00:00,4520.39,4523.22,4511.84,4512.67,4981,46,0
2026-05-21 10:30:00+00:00,4512.68,4517.25,4512.06,4516.23,3764,46,0
2026-05-21 10:45:00+00:00,4516.26,4523.19,4514.14,4519.46,3467,45,0
2026-05-21 11:00:00+00:00,4519.7,4535.41,4518.2,4534.03,4737,47,0
2026-05-21 11:15:00+00:00,4534.14,4536.59,4529.04,4535.43,4954,45,0
2026-05-21 11:30:00+00:00,4534.96,4535.44,4526.4,4528.97,4053,45,0
2026-05-21 11:45:00+00:00,4529.24,4534.42,4528.11,4532.32,3968,51,0
2026-05-21 12:00:00+00:00,4532.28,4540.28,4531.68,4537.63,3947,51,0
2026-05-21 12:15:00+00:00,4537.63,4542.3,4535.32,4536.72,3756,45,0
2026-05-21 12:30:00+00:00,4536.64,4542.61,4529.44,4529.69,3682,45,0
2026-05-21 12:45:00+00:00,4529.76,4532.93,4527.64,4530.5,2941,45,0
2026-05-21 13:00:00+00:00,4530.51,4535.12,4529.8,4532.49,3490,45,0
2026-05-21 13:15:00+00:00,4532.53,4534.57,4510.68,4517.89,4803,45,0
2026-05-21 13:30:00+00:00,4518.23,4518.23,4504.93,4516.85,6860,45,0
2026-05-21 13:45:00+00:00,4516.81,4517.71,4510.67,4511.39,5489,45,0
2026-05-21 14:00:00+00:00,4511.35,4519.86,4510.55,4516.12,4851,51,0
2026-05-21 14:15:00+00:00,4516.12,4521.03,4512.4,4513.91,4128,49,0
2026-05-21 14:30:00+00:00,4513.97,4515.71,4507.99,4512.03,3510,46,0
2026-05-21 14:45:00+00:00,4512.05,4517.18,4510.77,4513.93,3634,45,0
2026-05-21 15:00:00+00:00,4513.93,4519.15,4513.53,4514.49,4210,45,0
2026-05-21 15:15:00+00:00,4514.5,4514.63,4503.96,4506.16,4381,47,0
2026-05-21 15:30:00+00:00,4506.18,4517.75,4505.62,4514.83,5817,45,0
2026-05-21 15:45:00+00:00,4514.84,4518.03,4502.34,4503.89,5004,45,0
2026-05-21 16:00:00+00:00,4503.94,4512.56,4499.37,4502.1,6623,45,0
2026-05-21 16:15:00+00:00,4502.02,4505.3,4495.32,4500.56,5846,45,0
2026-05-21 16:30:00+00:00,4500.9,4502.57,4488.42,4497.68,7255,45,0
2026-05-21 16:45:00+00:00,4497.82,4520.92,4494.82,4513.08,7501,45,0
2026-05-21 17:00:00+00:00,4513.17,4515.28,4502.44,4507.98,7068,45,0
2026-05-21 17:15:00+00:00,4507.92,4509.25,4498.06,4507.28,7045,45,0
2026-05-21 17:30:00+00:00,4507.31,4511.02,4502.24,4504.61,6169,45,0
2026-05-21 17:45:00+00:00,4504.57,4510.46,4501.46,4508.56,6537,46,0
2026-05-21 18:00:00+00:00,4508.74,4515.24,4496.5,4509.87,6992,46,0
2026-05-21 18:15:00+00:00,4509.82,4511.38,4502.06,4503.28,6094,45,0
2026-05-21 18:30:00+00:00,4503.25,4509.72,4502.44,4506.8,4937,45,0
2026-05-21 18:45:00+00:00,4506.8,4512.52,4506.45,4511.77,4488,45,0
2026-05-21 19:00:00+00:00,4511.74,4520.46,4511.74,4517.13,5894,45,0
2026-05-21 19:15:00+00:00,4517.04,4518.66,4514.36,4516.34,4753,51,0
2026-05-21 19:30:00+00:00,4516.41,4519.15,4515.34,4517.96,4018,49,0
2026-05-21 19:45:00+00:00,4518.01,4520.09,4516.07,4519.28,4049,45,0
2026-05-21 20:00:00+00:00,4519.43,4531.5,4513.98,4526.09,5864,45,0
2026-05-21 20:15:00+00:00,4526.23,4546.17,4525.99,4541.5,7857,45,0
2026-05-21 20:30:00+00:00,4541.35,4548.81,4538.55,4548.09,6320,45,0
2026-05-21 20:45:00+00:00,4548.09,4559.17,4544.73,4551.29,6538,45,0
2026-05-21 21:00:00+00:00,4551.29,4556.0,4542.91,4546.01,6251,50,0
2026-05-21 21:15:00+00:00,4545.98,4550.53,4544.19,4548.29,5199,51,0
2026-05-21 21:30:00+00:00,4548.25,4549.31,4542.66,4545.17,4262,45,0
2026-05-21 21:45:00+00:00,4545.16,4545.92,4527.1,4531.82,6693,45,0
2026-05-21 22:00:00+00:00,4531.84,4537.72,4529.7,4537.66,5328,45,0
2026-05-21 22:15:00+00:00,4537.66,4541.91,4537.5,4538.65,3846,45,0
2026-05-21 22:30:00+00:00,4538.66,4543.14,4538.5,4539.2,3669,45,0
2026-05-21 22:45:00+00:00,4539.2,4543.72,4534.43,4542.91,4699,45,0
2026-05-21 23:00:00+00:00,4542.92,4544.68,4541.0,4542.36,2736,50,0
2026-05-21 23:15:00+00:00,4542.34,4542.56,4540.09,4541.15,1574,50,0
2026-05-21 23:30:00+00:00,4541.13,4542.04,4540.12,4540.6,1028,45,0
2026-05-21 23:45:00+00:00,4540.47,4543.1,4539.7,4543.0,1272,45,0
2026-05-22 01:00:00+00:00,4544.77,4545.8,4539.53,4541.73,1552,54,0
2026-05-22 01:15:00+00:00,4541.71,4543.05,4539.61,4540.95,1716,52,0
2026-05-22 01:30:00+00:00,4540.99,4543.57,4539.17,4542.44,1427,55,0
2026-05-22 01:45:00+00:00,4542.47,4543.4,4540.4,4543.09,1415,57,0
2026-05-22 02:00:00+00:00,4543.11,4544.98,4542.54,4543.63,1055,55,0
2026-05-22 02:15:00+00:00,4543.71,4544.27,4537.68,4540.48,746,55,0
2026-05-22 02:30:00+00:00,4540.45,4540.45,4532.69,4532.69,1237,55,0
2026-05-22 02:45:00+00:00,4532.59,4536.38,4532.32,4535.29,1968,55,0
2026-05-22 03:00:00+00:00,4535.26,4536.82,4530.68,4531.15,3579,45,0
2026-05-22 03:15:00+00:00,4531.23,4537.14,4530.15,4536.09,2177,52,0
2026-05-22 03:30:00+00:00,4536.12,4540.89,4535.68,4537.84,2671,45,0
2026-05-22 03:45:00+00:00,4537.88,4538.73,4525.46,4526.57,2360,51,0
2026-05-22 04:00:00+00:00,4526.53,4536.1,4523.27,4529.54,4884,45,0
2026-05-22 04:15:00+00:00,4529.55,4533.22,4526.18,4528.89,2968,53,0
2026-05-22 04:30:00+00:00,4528.84,4529.72,4520.8,4524.89,3947,52,0
2026-05-22 04:45:00+00:00,4524.87,4531.69,4524.6,4526.12,3648,54,0
2026-05-22 05:00:00+00:00,4526.05,4529.2,4521.27,4527.47,4038,51,0
2026-05-22 05:15:00+00:00,4527.67,4528.84,4522.61,4524.43,2236,52,0
2026-05-22 05:30:00+00:00,4524.4,4524.4,4518.32,4522.47,3242,52,0
2026-05-22 05:45:00+00:00,4522.48,4526.89,4519.37,4522.86,3144,46,0
2026-05-22 06:00:00+00:00,4522.9,4524.98,4520.45,4520.91,3318,52,0
2026-05-22 06:15:00+00:00,4520.92,4522.71,4519.05,4521.59,2678,53,0
2026-05-22 06:30:00+00:00,4521.64,4527.42,4521.61,4526.67,2035,51,0
2026-05-22 06:45:00+00:00,4526.66,4529.74,4526.27,4529.32,1937,45,0
2026-05-22 07:00:00+00:00,4529.39,4530.02,4527.58,4528.98,2433,45,0
2026-05-22 07:15:00+00:00,4529.02,4532.8,4527.46,4532.08,2253,54,0
2026-05-22 07:30:00+00:00,4531.98,4532.51,4525.35,4528.87,2141,51,0
2026-05-22 07:45:00+00:00,4528.88,4529.99,4526.92,4527.1,1579,53,0
2026-05-22 08:00:00+00:00,4527.06,4529.41,4523.61,4525.25,1592,51,0
2026-05-22 08:15:00+00:00,4525.29,4528.94,4523.26,4525.89,1601,53,0
2026-05-22 08:30:00+00:00,4525.93,4533.99,4524.97,4533.97,3638,51,0
2026-05-22 08:45:00+00:00,4533.98,4534.08,4507.15,4510.99,4130,45,0
2026-05-22 09:00:00+00:00,4510.96,4524.19,4509.98,4521.4,5493,48,0
2026-05-22 09:15:00+00:00,4521.34,4525.91,4516.34,4525.07,4765,48,0
2026-05-22 09:30:00+00:00,4525.1,4527.23,4521.48,4526.44,4212,45,0
2026-05-22 09:45:00+00:00,4526.47,4528.67,4523.78,4526.73,3966,45,0
2026-05-22 10:00:00+00:00,4526.73,4526.91,4521.26,4522.29,4182,46,0
2026-05-22 10:15:00+00:00,4522.26,4527.29,4522.04,4525.69,3262,51,0
2026-05-22 10:30:00+00:00,4525.65,4525.67,4516.03,4519.75,3921,45,0
2026-05-22 10:45:00+00:00,4519.74,4523.1,4517.49,4521.79,3419,45,0
2026-05-22 11:00:00+00:00,4521.81,4529.85,4521.35,4524.58,3587,45,0
2026-05-22 11:15:00+00:00,4524.56,4531.05,4523.65,4526.72,4787,45,0
2026-05-22 11:30:00+00:00,4526.87,4527.19,4516.83,4522.33,4362,47,0
2026-05-22 11:45:00+00:00,4522.34,4524.68,4521.42,4521.73,3096,51,0
2026-05-22 12:00:00+00:00,4521.68,4525.34,4516.94,4517.15,3465,51,0
2026-05-22 12:15:00+00:00,4517.0,4520.36,4515.0,4517.68,3562,45,0
2026-05-22 12:30:00+00:00,4517.59,4525.84,4514.69,4524.92,3355,51,0
2026-05-22 12:45:00+00:00,4525.05,4535.81,4524.53,4532.03,3139,50,0
2026-05-22 13:00:00+00:00,4532.17,4536.68,4529.41,4533.68,3008,45,0
2026-05-22 13:15:00+00:00,4533.86,4534.03,4524.37,4524.63,3134,51,0
2026-05-22 13:30:00+00:00,4524.58,4525.35,4511.92,4512.36,4287,45,0
2026-05-22 13:45:00+00:00,4512.24,4514.97,4510.04,4514.51,3230,45,0
2026-05-22 14:00:00+00:00,4514.33,4517.19,4513.58,4515.79,3061,45,0
2026-05-22 14:15:00+00:00,4515.72,4515.74,4511.68,4511.9,3062,45,0
2026-05-22 14:30:00+00:00,4511.85,4522.94,4511.41,4521.52,3271,51,0
2026-05-22 14:45:00+00:00,4521.67,4524.95,4520.0,4520.51,3660,51,0
2026-05-22 15:00:00+00:00,4520.34,4529.81,4518.61,4529.03,4724,50,0
2026-05-22 15:15:00+00:00,4528.88,4535.55,4520.81,4521.51,5733,50,0
2026-05-22 15:30:00+00:00,4521.49,4523.44,4514.89,4518.55,4807,51,0
2026-05-22 15:45:00+00:00,4518.46,4528.27,4517.28,4528.0,4197,45,0
2026-05-22 16:00:00+00:00,4528.32,4534.21,4520.66,4528.04,5906,45,0
2026-05-22 16:15:00+00:00,4528.02,4529.65,4521.49,4521.93,4899,45,0
2026-05-22 16:30:00+00:00,4521.49,4526.92,4511.14,4517.59,6678,45,0
2026-05-22 16:45:00+00:00,4517.31,4518.84,4510.17,4513.6,6234,46,0
2026-05-22 17:00:00+00:00,4513.78,4513.78,4492.94,4497.52,7100,45,0
2026-05-22 17:15:00+00:00,4497.13,4500.45,4491.73,4498.87,7176,45,0
2026-05-22 17:30:00+00:00,4498.9,4505.81,4497.1,4504.31,5682,45,0
2026-05-22 17:45:00+00:00,4504.14,4507.13,4500.23,4500.42,5198,51,0
2026-05-22 18:00:00+00:00,4500.58,4511.78,4500.13,4511.06,5604,45,0
2026-05-22 18:15:00+00:00,4511.23,4519.19,4510.92,4519.19,4925,45,0
2026-05-22 18:30:00+00:00,4519.22,4522.17,4517.16,4518.06,4680,45,0
2026-05-22 18:45:00+00:00,4518.09,4521.77,4514.54,4519.88,4593,47,0
2026-05-22 19:00:00+00:00,4519.88,4520.28,4516.74,4519.24,4172,51,0
2026-05-22 19:15:00+00:00,4519.02,4524.01,4516.76,4523.52,3560,52,0
2026-05-22 19:30:00+00:00,4523.54,4526.57,4513.4,4514.79,3841,49,0
2026-05-22 19:45:00+00:00,4514.76,4517.82,4512.22,4514.77,3715,45,0
2026-05-22 20:00:00+00:00,4514.88,4520.77,4514.64,4519.1,3292,49,0
2026-05-22 20:15:00+00:00,4519.06,4525.73,4512.93,4525.16,4569,49,0
2026-05-22 20:30:00+00:00,4525.18,4527.68,4519.26,4521.99,5176,48,0
2026-05-22 20:45:00+00:00,4522.13,4522.63,4518.45,4519.04,3492,52,0
2026-05-22 21:00:00+00:00,4519.1,4519.23,4511.68,4513.6,3926,45,0
2026-05-22 21:15:00+00:00,4513.59,4517.64,4512.29,4515.16,3106,51,0
2026-05-22 21:30:00+00:00,4515.05,4519.94,4513.74,4514.94,2948,45,0
2026-05-22 21:45:00+00:00,4514.97,4515.81,4512.79,4514.97,2793,52,0
2026-05-22 22:00:00+00:00,4515.03,4515.68,4506.89,4507.12,3868,45,0
2026-05-22 22:15:00+00:00,4507.1,4508.88,4506.2,4506.92,2872,52,0
2026-05-22 22:30:00+00:00,4506.96,4510.6,4504.15,4509.42,3002,45,0
2026-05-22 22:45:00+00:00,4509.47,4509.79,4506.44,4508.05,3182,51,0
2026-05-22 23:00:00+00:00,4508.03,4509.07,4504.76,4507.75,1661,45,0
2026-05-22 23:15:00+00:00,4507.81,4510.24,4506.63,4510.0,1134,55,0
2026-05-22 23:30:00+00:00,4510.0,4510.23,4504.07,4504.28,1415,56,0
2026-05-22 23:45:00+00:00,4504.28,4508.1,4503.75,4507.29,1163,77,0
2026-05-25 01:00:00+00:00,4534.6,4557.28,4533.39,4554.75,3370,74,0
2026-05-25 01:15:00+00:00,4554.79,4555.93,4548.13,4551.46,3286,85,0
2026-05-25 01:30:00+00:00,4551.86,4560.65,4551.45,4558.12,3636,55,0
2026-05-25 01:45:00+00:00,4558.11,4565.35,4557.83,4564.81,3035,54,0
2026-05-25 02:00:00+00:00,4564.84,4576.29,4564.75,4574.33,3281,46,0
2026-05-25 02:15:00+00:00,4574.37,4578.18,4573.46,4574.84,2422,52,0
2026-05-25 02:30:00+00:00,4574.85,4579.76,4574.81,4577.08,3087,51,0
2026-05-25 02:45:00+00:00,4577.06,4578.09,4565.67,4566.99,3865,52,0
2026-05-25 03:00:00+00:00,4566.93,4575.66,4566.01,4572.52,5129,51,0
2026-05-25 03:15:00+00:00,4572.54,4575.38,4569.74,4572.25,4495,54,0
2026-05-25 03:30:00+00:00,4572.31,4575.33,4570.79,4571.31,3419,56,0
2026-05-25 03:45:00+00:00,4571.34,4579.37,4566.08,4569.22,4679,53,0
2026-05-25 04:00:00+00:00,4569.21,4576.23,4560.26,4565.5,5454,53,0
2026-05-25 04:15:00+00:00,4565.39,4575.29,4562.14,4573.31,4771,55,0
2026-05-25 04:30:00+00:00,4573.25,4574.62,4563.15,4563.3,4427,52,0
2026-05-25 04:45:00+00:00,4563.28,4567.09,4560.04,4562.62,3343,53,0
2026-05-25 05:00:00+00:00,4562.6,4568.16,4561.14,4561.88,3175,53,0
2026-05-25 05:15:00+00:00,4561.93,4563.23,4558.68,4562.71,2612,55,0
2026-05-25 05:30:00+00:00,4562.75,4569.33,4561.44,4569.33,3668,54,0
2026-05-25 05:45:00+00:00,4569.45,4570.04,4559.29,4561.2,3164,55,0
2026-05-25 06:00:00+00:00,4561.22,4564.26,4560.23,4562.96,2849,55,0
2026-05-25 06:15:00+00:00,4563.01,4564.35,4560.02,4560.54,2669,56,0
2026-05-25 06:30:00+00:00,4560.56,4563.99,4557.96,4558.38,2479,55,0
2026-05-25 06:45:00+00:00,4558.37,4561.09,4556.51,4559.67,2113,53,0
2026-05-25 07:00:00+00:00,4559.59,4562.46,4559.23,4560.79,1480,55,0
2026-05-25 07:15:00+00:00,4560.66,4565.75,4559.88,4565.01,1733,54,0
2026-05-25 07:30:00+00:00,4565.03,4565.32,4559.48,4562.15,2412,54,0
2026-05-25 07:45:00+00:00,4562.2,4565.53,4562.06,4564.67,1437,55,0
2026-05-25 08:00:00+00:00,4564.65,4565.84,4562.81,4563.45,1824,53,0
2026-05-25 08:15:00+00:00,4563.43,4563.52,4553.91,4554.01,2123,45,0
2026-05-25 08:30:00+00:00,4553.99,4560.76,4552.6,4556.76,3092,53,0
2026-05-25 08:45:00+00:00,4556.71,4557.59,4551.78,4553.13,3089,51,0
2026-05-25 09:00:00+00:00,4553.07,4555.68,4550.33,4553.69,3537,51,0
2026-05-25 09:15:00+00:00,4553.67,4557.19,4552.08,4554.07,3004,51,0
2026-05-25 09:30:00+00:00,4554.08,4557.16,4553.35,4556.19,2867,51,0
2026-05-25 09:45:00+00:00,4556.18,4563.04,4555.93,4562.29,3400,52,0
2026-05-25 10:00:00+00:00,4562.48,4564.59,4560.59,4560.6,3086,52,0
2026-05-25 10:15:00+00:00,4560.63,4561.06,4552.38,4554.35,4189,48,0
2026-05-25 10:30:00+00:00,4554.36,4561.59,4553.99,4559.72,3174,53,0
2026-05-25 10:45:00+00:00,4559.67,4564.96,4558.5,4564.6,2616,51,0
2026-05-25 11:00:00+00:00,4564.56,4564.9,4559.45,4560.93,2793,50,0
2026-05-25 11:15:00+00:00,4560.96,4561.19,4553.6,4554.79,3066,45,0
2026-05-25 11:30:00+00:00,4554.82,4557.91,4553.27,4554.38,2511,51,0
2026-05-25 11:45:00+00:00,4554.4,4556.41,4553.26,4555.85,2149,51,0
2026-05-25 12:00:00+00:00,4555.91,4558.52,4554.81,4555.23,1887,52,0
2026-05-25 12:15:00+00:00,4555.25,4558.82,4555.23,4558.63,1534,52,0
2026-05-25 12:30:00+00:00,4558.65,4565.85,4558.2,4565.54,2795,45,0
2026-05-25 12:45:00+00:00,4565.59,4568.97,4564.32,4567.44,2019,53,0
2026-05-25 13:00:00+00:00,4567.47,4572.35,4567.36,4571.76,2176,52,0
2026-05-25 13:15:00+00:00,4571.78,4573.47,4569.69,4570.73,2139,51,0
2026-05-25 13:30:00+00:00,4570.77,4572.99,4568.27,4569.95,2087,49,0
2026-05-25 13:45:00+00:00,4569.96,4572.2,4568.3,4568.47,1643,51,0
2026-05-25 14:00:00+00:00,4568.58,4572.28,4567.45,4571.86,1431,53,0
2026-05-25 14:15:00+00:00,4571.9,4575.05,4569.4,4571.47,2219,51,0
2026-05-25 14:30:00+00:00,4571.41,4576.01,4571.39,4574.35,2276,45,0
2026-05-25 14:45:00+00:00,4574.37,4576.8,4569.08,4569.25,2615,48,0
2026-05-25 15:00:00+00:00,4569.17,4569.3,4555.97,4556.13,4068,53,0
2026-05-25 15:15:00+00:00,4556.1,4560.72,4552.68,4560.36,3563,53,0
2026-05-25 15:30:00+00:00,4560.38,4570.04,4559.69,4566.31,3303,53,0
2026-05-25 15:45:00+00:00,4566.32,4568.57,4564.08,4567.49,2451,51,0
2026-05-25 16:00:00+00:00,4567.5,4571.15,4561.52,4564.21,4736,45,0
2026-05-25 16:15:00+00:00,4564.26,4564.43,4560.34,4561.62,3482,48,0
2026-05-25 16:30:00+00:00,4561.41,4565.37,4561.31,4564.88,3322,47,0
2026-05-25 16:45:00+00:00,4564.92,4565.16,4559.87,4562.87,2711,52,0
2026-05-25 17:00:00+00:00,4562.9,4569.77,4562.23,4567.53,3131,52,0
2026-05-25 17:15:00+00:00,4567.53,4570.41,4567.13,4567.66,2382,45,0
2026-05-25 17:30:00+00:00,4567.77,4568.36,4564.92,4566.82,2207,52,0
2026-05-25 17:45:00+00:00,4566.77,4568.78,4565.22,4566.71,2574,51,0
2026-05-25 18:00:00+00:00,4566.6,4573.28,4565.41,4569.99,3535,45,0
2026-05-25 18:15:00+00:00,4569.96,4574.5,4567.76,4573.12,3385,49,0
2026-05-25 18:30:00+00:00,4573.07,4573.26,4566.61,4568.84,2195,51,0
2026-05-25 18:45:00+00:00,4568.81,4572.67,4568.6,4570.67,1387,52,0
2026-05-25 19:00:00+00:00,4570.76,4570.89,4568.49,4570.48,1633,47,0
2026-05-25 19:15:00+00:00,4570.48,4570.51,4568.0,4568.02,1047,51,0
2026-05-25 19:30:00+00:00,4567.99,4572.28,4567.76,4571.99,1374,46,0
2026-05-25 19:45:00+00:00,4572.06,4574.43,4570.82,4573.43,1665,46,0
2026-05-25 20:00:00+00:00,4573.3,4577.65,4573.27,4574.03,1774,51,0
2026-05-25 20:15:00+00:00,4574.0,4574.41,4570.17,4571.28,897,51,0
2026-05-25 20:30:00+00:00,4571.31,4571.32,4566.13,4566.57,840,47,0
2026-05-25 20:45:00+00:00,4566.62,4566.62,4563.14,4564.98,1175,47,0
2026-05-25 21:00:00+00:00,4565.03,4571.27,4564.25,4568.97,1016,51,0
2026-05-25 21:15:00+00:00,4568.94,4570.51,4567.32,4567.58,398,51,0
2026-05-26 01:00:00+00:00,4569.68,4573.88,4569.68,4573.23,2236,56,0
2026-05-26 01:15:00+00:00,4573.22,4575.31,4572.74,4572.97,1872,56,0
2026-05-26 01:30:00+00:00,4572.95,4574.95,4569.42,4573.84,2523,55,0
2026-05-26 01:45:00+00:00,4573.81,4576.35,4573.28,4574.7,2315,56,0
2026-05-26 02:00:00+00:00,4574.69,4579.03,4573.64,4578.86,1757,54,0
2026-05-26 02:15:00+00:00,4578.84,4580.05,4567.0,4568.08,1947,52,0
2026-05-26 02:30:00+00:00,4568.11,4568.39,4554.9,4556.35,2997,54,0
2026-05-26 02:45:00+00:00,4556.43,4562.69,4556.42,4559.41,2088,55,0
2026-05-26 03:00:00+00:00,4559.41,4560.04,4548.34,4552.08,4703,55,0
2026-05-26 03:15:00+00:00,4552.11,4553.21,4541.09,4549.12,3665,45,0
2026-05-26 03:30:00+00:00,4549.17,4552.87,4543.27,4548.03,3111,55,0
2026-05-26 03:45:00+00:00,4547.95,4551.43,4539.44,4549.36,3181,55,0
2026-05-26 04:00:00+00:00,4549.4,4549.8,4542.13,4548.5,5062,54,0
2026-05-26 04:15:00+00:00,4548.39,4548.92,4541.62,4543.52,4163,54,0
2026-05-26 04:30:00+00:00,4543.54,4544.01,4527.62,4532.09,5570,54,0
2026-05-26 04:45:00+00:00,4532.1,4537.18,4531.2,4536.86,3847,54,0
2026-05-26 05:00:00+00:00,4536.82,4539.31,4535.23,4538.34,3187,55,0
2026-05-26 05:15:00+00:00,4538.35,4538.79,4536.2,4536.62,2390,55,0
2026-05-26 05:30:00+00:00,4536.68,4538.38,4533.42,4533.74,2787,54,0
2026-05-26 05:45:00+00:00,4533.78,4534.5,4529.84,4532.12,2839,56,0
2026-05-26 06:00:00+00:00,4532.1,4538.09,4531.82,4536.84,2686,55,0
2026-05-26 06:15:00+00:00,4536.78,4543.48,4536.6,4541.98,2393,55,0
2026-05-26 06:30:00+00:00,4542.02,4545.25,4540.87,4541.27,1893,55,0
2026-05-26 06:45:00+00:00,4541.18,4543.55,4540.68,4542.13,1025,55,0
2026-05-26 07:00:00+00:00,4542.17,4543.01,4536.09,4537.14,1507,55,0
2026-05-26 07:15:00+00:00,4537.13,4539.29,4532.4,4532.41,1496,54,0
2026-05-26 07:30:00+00:00,4532.38,4533.04,4525.05,4526.05,2163,54,0
2026-05-26 07:45:00+00:00,4526.02,4528.87,4523.26,4525.32,1973,54,0
2026-05-26 08:00:00+00:00,4525.3,4531.19,4522.84,4529.19,2204,54,0
2026-05-26 08:15:00+00:00,4529.15,4531.28,4528.64,4531.06,1345,55,0
2026-05-26 08:30:00+00:00,4530.99,4534.93,4527.87,4529.63,3363,55,0
2026-05-26 08:45:00+00:00,4529.59,4529.73,4523.44,4527.14,3391,51,0
2026-05-26 09:00:00+00:00,4527.01,4532.62,4526.95,4531.51,3432,51,0
2026-05-26 09:15:00+00:00,4531.53,4536.05,4528.33,4530.24,3240,51,0
2026-05-26 09:30:00+00:00,4530.22,4533.78,4528.44,4533.58,3121,51,0
2026-05-26 09:45:00+00:00,4533.58,4533.84,4528.44,4530.87,2960,45,0
2026-05-26 10:00:00+00:00,4531.06,4533.7,4525.81,4528.4,4437,45,0
2026-05-26 10:15:00+00:00,4528.38,4530.97,4521.98,4529.44,3607,51,0
2026-05-26 10:30:00+00:00,4529.52,4529.63,4521.57,4526.53,4005,45,0
2026-05-26 10:45:00+00:00,4526.5,4538.81,4524.99,4538.05,3955,51,0
2026-05-26 11:00:00+00:00,4538.4,4538.72,4526.94,4527.4,3758,45,0
2026-05-26 11:15:00+00:00,4527.58,4529.79,4520.47,4522.08,3374,51,0
2026-05-26 11:30:00+00:00,4522.04,4526.17,4519.94,4525.24,3443,52,0
2026-05-26 11:45:00+00:00,4525.2,4527.17,4520.07,4523.55,3076,45,0
2026-05-26 12:00:00+00:00,4523.68,4524.77,4519.13,4520.36,2827,51,0
2026-05-26 12:15:00+00:00,4520.4,4526.25,4518.08,4524.68,3306,53,0
2026-05-26 12:30:00+00:00,4524.81,4525.16,4512.02,4513.03,3550,52,0
2026-05-26 12:45:00+00:00,4512.89,4523.29,4512.89,4522.52,3280,53,0
2026-05-26 13:00:00+00:00,4522.54,4531.93,4519.32,4529.15,3822,51,0
2026-05-26 13:15:00+00:00,4529.16,4535.09,4527.33,4533.33,3462,48,0
2026-05-26 13:30:00+00:00,4533.36,4538.61,4531.25,4532.98,3982,51,0
2026-05-26 13:45:00+00:00,4533.03,4540.35,4532.98,4534.28,3441,45,0
2026-05-26 14:00:00+00:00,4534.29,4536.15,4531.51,4531.51,2745,51,0
2026-05-26 14:15:00+00:00,4531.55,4532.57,4522.63,4523.41,3343,45,0
2026-05-26 14:30:00+00:00,4523.37,4523.67,4504.56,4509.89,5733,45,0
2026-05-26 14:45:00+00:00,4509.86,4515.55,4503.63,4507.06,4259,45,0
2026-05-26 15:00:00+00:00,4507.05,4512.05,4504.4,4510.34,4528,51,0
2026-05-26 15:15:00+00:00,4510.24,4515.78,4509.53,4512.51,1019,52,0
